NU_ANO_CENSO;NO_REGIAO;SG_UF;NO_MUNICIPIO;TP_DEPENDENCIA;acess_rampa;acess_elevador;acess_banheiro_pcd;politica_pcd;matriculas_basico;matriculas_fundamental;matriculas_medio;docentes_basico;docentes_fundamental;docentes_medio
2022;Norte;RO;Ariquemes;1;1;1;1;1;605.0;0.0;566.0;55.0;0.0;53.0
2022;Norte;RO;Cacoal;1;1;1;1;1;558.0;0.0;546.0;61.0;0.0;60.0
2022;Norte;RO;Colorado do Oeste;1;1;0;1;1;548.0;0.0;548.0;59.0;0.0;59.0
2022;Norte;RO;Guajar-Mirim;1;1;0;1;1;370.0;0.0;370.0;36.0;0.0;36.0
2022;Norte;RO;Jaru;1;1;1;1;1;324.0;0.0;296.0;31.0;0.0;30.0
2022;Norte;RO;Ji-Paran;1;1;1;1;1;504.0;0.0;504.0;59.0;0.0;59.0
2022;Norte;RO;Porto Velho;2;1;0;1;1;1355.0;1037.0;318.0;54.0;49.0;25.0
2022;Norte;RO;Porto Velho;1;1;1;1;1;854.0;0.0;0.0;29.0;0.0;0.0
2022;Norte;RO;Porto Velho;1;1;1;1;1;957.0;0.0;806.0;98.0;0.0;92.0
2022;Norte;RO;Vilhena;1;1;1;1;1;516.0;0.0;503.0;48.0;0.0;48.0
2022;Norte;RO;So Miguel do Guapor;1;1;0;1;1;98.0;0.0;0.0;7.0;0.0;0.0
2022;Norte;RO;Buritis;4;1;0;1;1;68.0;0.0;0.0;5.0;0.0;0.0
2022;Norte;AC;Cruzeiro do Sul;3;1;0;1;1;310.0;310.0;0.0;14.0;14.0;0.0
2022;Norte;AC;Cruzeiro do Sul;1;1;0;1;1;388.0;0.0;315.0;43.0;0.0;38.0
2022;Norte;AC;Cruzeiro do Sul;2;1;0;1;1;706.0;350.0;356.0;27.0;14.0;15.0
2022;Norte;AC;Porto Walter;2;1;0;0;1;861.0;178.0;402.0;29.0;12.0;14.0
2022;Norte;AC;Rio Branco;1;1;0;1;1;685.0;0.0;419.0;86.0;0.0;62.0
2022;Norte;AC;Rio Branco;1;1;0;1;1;567.0;0.0;0.0;22.0;0.0;0.0
2022;Norte;AC;Rio Branco;2;0;0;1;1;1011.0;546.0;465.0;37.0;25.0;27.0
2022;Norte;AC;Sena Madureira;1;0;1;1;1;287.0;0.0;203.0;31.0;0.0;27.0
2022;Norte;AC;Tarauac;1;1;0;1;1;392.0;0.0;331.0;31.0;0.0;31.0
2022;Norte;AC;Xapuri;1;1;0;1;1;244.0;0.0;244.0;28.0;0.0;28.0
2022;Norte;AC;Porto Acre;2;0;0;0;1;62.0;33.0;29.0;4.0;2.0;2.0
2022;Norte;AC;Porto Acre;2;1;0;1;1;49.0;25.0;24.0;6.0;4.0;4.0
2022;Norte;AM;Anam;3;0;0;0;1;43.0;38.0;0.0;4.0;4.0;0.0
2022;Norte;AM;Anam;3;1;0;0;1;76.0;61.0;0.0;6.0;6.0;0.0
2022;Norte;AM;Anam;3;0;0;1;1;103.0;87.0;0.0;5.0;5.0;0.0
2022;Norte;AM;Anam;3;0;0;0;1;23.0;16.0;0.0;1.0;1.0;0.0
2022;Norte;AM;Anam;3;0;0;0;1;45.0;42.0;0.0;5.0;5.0;0.0
2022;Norte;AM;Anam;3;1;0;0;1;32.0;25.0;0.0;2.0;2.0;0.0
2022;Norte;AM;Anam;3;0;0;0;1;23.0;18.0;0.0;2.0;2.0;0.0
2022;Norte;AM;Anam;3;0;0;0;1;35.0;28.0;0.0;2.0;2.0;0.0
2022;Norte;AM;Anam;3;1;0;1;1;69.0;54.0;0.0;6.0;6.0;0.0
2022;Norte;AM;Anam;3;0;0;0;1;129.0;119.0;0.0;7.0;7.0;0.0
2022;Norte;AM;Anam;3;1;0;0;1;38.0;29.0;0.0;5.0;5.0;0.0
2022;Norte;AM;Anam;3;1;0;0;1;19.0;13.0;0.0;1.0;1.0;0.0
2022;Norte;AM;Anam;3;0;0;0;1;37.0;26.0;0.0;3.0;3.0;0.0
2022;Norte;AM;Anam;3;0;0;0;1;48.0;38.0;0.0;3.0;3.0;0.0
2022;Norte;AM;Anam;3;0;0;0;1;67.0;43.0;0.0;5.0;4.0;0.0
2022;Norte;AM;Anam;3;1;0;0;1;69.0;36.0;0.0;6.0;3.0;0.0
2022;Norte;AM;Anam;3;0;0;1;1;73.0;50.0;0.0;5.0;5.0;0.0
2022;Norte;AM;Anam;3;1;0;1;1;104.0;90.0;0.0;8.0;8.0;0.0
2022;Norte;AM;Boca do Acre;1;0;0;0;1;155.0;0.0;0.0;6.0;0.0;0.0
2022;Norte;AM;Coari;1;1;1;0;1;531.0;0.0;393.0;32.0;0.0;32.0
2022;Norte;AM;Eirunep;1;1;0;1;1;434.0;0.0;266.0;30.0;0.0;30.0
2022;Norte;AM;Humait;1;1;0;1;1;399.0;0.0;254.0;30.0;0.0;28.0
2022;Norte;AM;Iranduba;1;1;0;0;1;238.0;0.0;32.0;19.0;0.0;13.0
2022;Norte;AM;Itacoatiara;2;1;0;0;1;175.0;0.0;0.0;26.0;0.0;0.0
2022;Norte;AM;Itacoatiara;1;1;1;1;1;419.0;0.0;361.0;26.0;0.0;26.0
2022;Norte;AM;Lbrea;1;1;0;1;1;473.0;0.0;395.0;36.0;0.0;36.0
2022;Norte;AM;Manacapuru;1;1;0;1;1;300.0;0.0;195.0;23.0;0.0;22.0
2022;Norte;AM;Manaus;1;1;0;1;1;971.0;0.0;513.0;85.0;0.0;65.0
2022;Norte;AM;Manaus;1;1;1;1;1;1403.0;0.0;725.0;171.0;0.0;123.0
2022;Norte;AM;Manaus;3;0;0;1;1;244.0;244.0;0.0;15.0;15.0;0.0
2022;Norte;AM;Manaus;1;1;0;1;1;699.0;0.0;401.0;77.0;0.0;52.0
2022;Norte;AM;Manaus;2;1;1;1;1;637.0;0.0;0.0;177.0;0.0;0.0
2022;Norte;AM;Manaus;3;1;0;1;1;69.0;0.0;0.0;11.0;0.0;0.0
2022;Norte;AM;Manaus;3;1;0;0;1;60.0;0.0;0.0;5.0;0.0;0.0
2022;Norte;AM;Manaus;3;1;0;1;1;184.0;0.0;0.0;11.0;0.0;0.0
2022;Norte;AM;Manaus;3;1;0;1;1;172.0;0.0;0.0;9.0;0.0;0.0
2022;Norte;AM;Manaus;3;1;0;1;1;187.0;0.0;0.0;24.0;0.0;0.0
2022;Norte;AM;Manaus;3;1;0;1;1;162.0;0.0;0.0;19.0;0.0;0.0
2022;Norte;AM;Manaus;3;1;0;1;1;173.0;0.0;0.0;11.0;0.0;0.0
2022;Norte;AM;Manaus;3;0;0;1;1;167.0;0.0;0.0;20.0;0.0;0.0
2022;Norte;AM;Manaus;3;1;0;1;1;203.0;0.0;0.0;20.0;0.0;0.0
2022;Norte;AM;Manaus;3;0;0;1;1;203.0;0.0;0.0;22.0;0.0;0.0
2022;Norte;AM;Manaus;3;0;0;1;1;161.0;0.0;0.0;17.0;0.0;0.0
2022;Norte;AM;Manaus;3;0;0;1;1;172.0;0.0;0.0;20.0;0.0;0.0
2022;Norte;AM;Manaus;3;0;0;1;1;194.0;0.0;0.0;12.0;0.0;0.0
2022;Norte;AM;Manaus;3;1;0;1;1;160.0;0.0;0.0;16.0;0.0;0.0
2022;Norte;AM;Manaus;2;1;1;1;1;1026.0;0.0;0.0;158.0;0.0;0.0
2022;Norte;AM;Manaus;3;1;0;1;1;218.0;0.0;0.0;23.0;0.0;0.0
2022;Norte;AM;Manaus;3;0;0;1;1;171.0;0.0;0.0;17.0;0.0;0.0
2022;Norte;AM;Maus;1;1;1;1;1;475.0;0.0;347.0;32.0;0.0;30.0
2022;Norte;AM;Parintins;1;1;1;1;1;646.0;0.0;294.0;50.0;0.0;43.0
2022;Norte;AM;Presidente Figueiredo;4;1;0;1;1;135.0;103.0;0.0;11.0;10.0;0.0
2022;Norte;AM;Presidente Figueiredo;1;1;0;1;1;472.0;0.0;365.0;45.0;0.0;45.0
2022;Norte;AM;So Gabriel da Cachoeira;1;1;0;1;1;482.0;0.0;259.0;34.0;0.0;32.0
2022;Norte;AM;Tabatinga;1;1;1;1;1;445.0;0.0;277.0;34.0;0.0;34.0
2022;Norte;AM;Tef;1;1;0;1;1;498.0;0.0;309.0;29.0;0.0;27.0
2022;Norte;RR;Amajari;1;1;0;1;1;141.0;0.0;141.0;34.0;0.0;34.0
2022;Norte;RR;Boa Vista;1;0;0;1;1;295.0;0.0;211.0;35.0;0.0;30.0
2022;Norte;RR;Boa Vista;1;1;1;1;1;627.0;0.0;487.0;80.0;0.0;67.0
2022;Norte;RR;Boa Vista;1;1;0;1;1;383.0;0.0;330.0;36.0;0.0;35.0
2022;Norte;RR;Boa Vista;2;1;0;1;1;352.0;0.0;0.0;29.0;0.0;0.0
2022;Norte;RR;Bonfim;1;1;1;1;1;121.0;0.0;0.0;16.0;0.0;0.0
2022;Norte;RR;Caracara;1;1;0;1;1;284.0;0.0;284.0;43.0;0.0;43.0
2022;Norte;PA;Abaetetuba;1;1;1;1;1;911.0;0.0;500.0;75.0;0.0;63.0
2022;Norte;PA;Altamira;4;1;0;1;1;109.0;0.0;0.0;3.0;0.0;0.0
2022;Norte;PA;Altamira;1;1;0;1;1;368.0;0.0;190.0;31.0;0.0;26.0
2022;Norte;PA;Ananindeua;1;1;1;1;1;281.0;0.0;198.0;28.0;0.0;25.0
2022;Norte;PA;Ananindeua;3;0;0;1;1;919.0;820.0;0.0;39.0;32.0;0.0
2022;Norte;PA;Ananindeua;4;1;0;1;1;440.0;335.0;0.0;31.0;24.0;0.0
2022;Norte;PA;Belm;3;1;0;1;1;697.0;500.0;0.0;41.0;30.0;0.0
2022;Norte;PA;Belm;2;1;0;0;1;732.0;0.0;443.0;41.0;0.0;36.0
2022;Norte;PA;Belm;2;1;0;1;1;1094.0;0.0;509.0;34.0;0.0;21.0
2022;Norte;PA;Belm;4;1;0;1;1;111.0;77.0;0.0;9.0;7.0;0.0
2022;Norte;PA;Belm;4;0;0;0;1;114.0;86.0;0.0;12.0;9.0;0.0
2022;Norte;PA;Belm;4;1;0;1;1;313.0;144.0;0.0;25.0;16.0;0.0
2022;Norte;PA;Belm;4;1;0;1;1;37.0;37.0;0.0;6.0;6.0;0.0
2022;Norte;PA;Belm;1;1;1;1;1;424.0;0.0;0.0;32.0;0.0;0.0
2022;Norte;PA;Belm;1;1;1;1;1;295.0;0.0;0.0;41.0;0.0;0.0
2022;Norte;PA;Belm;2;0;1;1;1;1155.0;0.0;929.0;33.0;0.0;28.0
2022;Norte;PA;Belm;4;1;1;1;1;1027.0;473.0;509.0;58.0;29.0;33.0
2022;Norte;PA;Belm;1;1;1;1;1;2357.0;0.0;1131.0;292.0;0.0;236.0
2022;Norte;PA;Belm;4;1;1;1;1;347.0;0.0;0.0;19.0;0.0;0.0
2022;Norte;PA;Bragana;1;1;1;1;1;561.0;0.0;410.0;62.0;0.0;46.0
2022;Norte;PA;Bragana;4;1;0;1;1;42.0;0.0;0.0;6.0;0.0;0.0
2022;Norte;PA;Breves;1;1;1;1;1;353.0;0.0;312.0;38.0;0.0;33.0
2022;Norte;PA;Camet;4;1;1;1;1;604.0;464.0;104.0;35.0;28.0;13.0
2022;Norte;PA;Camet;1;1;0;1;1;317.0;0.0;228.0;30.0;0.0;28.0
2022;Norte;PA;Castanhal;1;1;0;1;1;597.0;0.0;448.0;113.0;0.0;93.0
2022;Norte;PA;Castanhal;2;1;1;1;1;659.0;0.0;84.0;22.0;0.0;11.0
2022;Norte;PA;Conceio do Araguaia;1;0;1;1;1;285.0;0.0;223.0;42.0;0.0;39.0
2022;Norte;PA;Igarap-Miri;3;0;0;1;1;183.0;88.0;0.0;10.0;5.0;0.0
2022;Norte;PA;Itaituba;1;1;0;1;1;319.0;0.0;252.0;46.0;0.0;43.0
2022;Norte;PA;Jacund;3;0;0;1;1;103.0;0.0;0.0;18.0;0.0;0.0
2022;Norte;PA;Jacund;3;0;0;1;1;79.0;0.0;0.0;9.0;0.0;0.0
2022;Norte;PA;Marab;1;1;0;1;1;375.0;0.0;259.0;42.0;0.0;38.0
2022;Norte;PA;Marab;1;1;1;1;1;453.0;0.0;453.0;38.0;0.0;38.0
2022;Norte;PA;Marituba;2;1;0;1;1;653.0;0.0;413.0;28.0;0.0;27.0
2022;Norte;PA;Novo Progresso;3;0;0;0;1;100.0;0.0;0.0;2.0;0.0;0.0
2022;Norte;PA;Novo Progresso;3;1;0;0;1;458.0;0.0;0.0;18.0;0.0;0.0
2022;Norte;PA;Novo Progresso;3;1;0;0;1;309.0;0.0;0.0;10.0;0.0;0.0
2022;Norte;PA;Novo Progresso;3;0;0;0;1;212.0;0.0;0.0;8.0;0.0;0.0
2022;Norte;PA;bidos;1;1;1;1;1;391.0;0.0;318.0;30.0;0.0;30.0
2022;Norte;PA;Paragominas;4;1;0;1;1;153.0;0.0;0.0;9.0;0.0;0.0
2022;Norte;PA;Paragominas;1;1;0;1;1;743.0;0.0;673.0;52.0;0.0;50.0
2022;Norte;PA;Parauapebas;1;1;0;1;1;620.0;0.0;379.0;27.0;0.0;26.0
2022;Norte;PA;Santa Izabel do Par;2;0;0;0;1;806.0;0.0;359.0;31.0;0.0;23.0
2022;Norte;PA;Santarm;1;1;1;1;1;724.0;0.0;402.0;58.0;0.0;50.0
2022;Norte;PA;Santarm;3;0;0;0;1;159.0;0.0;0.0;7.0;0.0;0.0
2022;Norte;PA;Santarm;3;0;0;0;1;263.0;201.0;0.0;7.0;4.0;0.0
2022;Norte;PA;So Flix do Xingu;4;1;0;1;1;145.0;128.0;17.0;21.0;16.0;11.0
2022;Norte;PA;Tucuru;3;1;0;1;1;686.0;686.0;0.0;33.0;33.0;0.0
2022;Norte;PA;Tucuru;3;1;0;0;1;246.0;0.0;0.0;13.0;0.0;0.0
2022;Norte;PA;Tucuru;3;0;0;1;1;243.0;0.0;0.0;18.0;0.0;0.0
2022;Norte;PA;Tucuru;4;1;0;1;1;872.0;0.0;0.0;11.0;0.0;0.0
2022;Norte;PA;Tucuru;1;1;1;1;1;504.0;0.0;458.0;70.0;0.0;70.0
2022;Norte;PA;Vigia;1;1;0;1;1;155.0;0.0;0.0;19.0;0.0;0.0
2022;Norte;AP;Pedra Branca do Amapari;1;1;0;1;1;65.0;0.0;0.0;11.0;0.0;0.0
2022;Norte;AP;Laranjal do Jari;1;1;0;1;1;700.0;0.0;487.0;53.0;0.0;51.0
2022;Norte;AP;Macap;4;1;0;1;1;213.0;0.0;0.0;7.0;0.0;0.0
2022;Norte;AP;Macap;2;1;0;1;1;580.0;0.0;0.0;50.0;0.0;0.0
2022;Norte;AP;Macap;4;1;0;1;1;93.0;0.0;0.0;5.0;0.0;0.0
2022;Norte;AP;Macap;1;0;1;1;1;895.0;0.0;754.0;99.0;0.0;87.0
2022;Norte;AP;Macap;2;1;0;0;1;320.0;0.0;0.0;22.0;0.0;0.0
2022;Norte;AP;Macap;2;1;0;1;1;;;;;;
2022;Norte;AP;Macap;2;0;0;1;1;1420.0;802.0;471.0;47.0;31.0;29.0
2022;Norte;AP;Macap;3;0;0;1;1;173.0;0.0;0.0;13.0;0.0;0.0
2022;Norte;AP;Macap;2;0;1;1;1;62.0;0.0;0.0;20.0;0.0;0.0
2022;Norte;AP;Macap;2;1;0;1;1;78.0;0.0;0.0;21.0;0.0;0.0
2022;Norte;AP;Oiapoque;1;1;0;1;1;99.0;0.0;0.0;2.0;0.0;0.0
2022;Norte;AP;Porto Grande;1;1;0;1;1;354.0;0.0;258.0;55.0;0.0;53.0
2022;Norte;AP;Santana;4;1;0;1;1;4.0;0.0;0.0;1.0;0.0;0.0
2022;Norte;AP;Santana;1;1;0;1;1;407.0;0.0;324.0;45.0;0.0;44.0
2022;Norte;AP;Santana;2;1;0;1;1;395.0;0.0;0.0;28.0;0.0;0.0
2022;Norte;TO;Alvorada;2;1;0;1;1;82.0;7.0;0.0;12.0;2.0;0.0
2022;Norte;TO;Araguana;1;1;0;1;1;582.0;0.0;308.0;47.0;0.0;37.0
2022;Norte;TO;Araguatins;1;1;0;1;1;626.0;0.0;597.0;64.0;0.0;64.0
2022;Norte;TO;Colinas do Tocantins;1;1;0;1;1;203.0;0.0;203.0;41.0;0.0;41.0
2022;Norte;TO;Dianpolis;1;1;0;1;1;190.0;0.0;190.0;30.0;0.0;30.0
2022;Norte;TO;Formoso do Araguaia;1;1;0;1;1;91.0;0.0;51.0;20.0;0.0;15.0
2022;Norte;TO;Gurupi;1;1;0;1;1;267.0;0.0;234.0;42.0;0.0;38.0
2022;Norte;TO;Lagoa da Confuso;1;1;0;1;1;70.0;0.0;0.0;9.0;0.0;0.0
2022;Norte;TO;Paraso do Tocantins;1;1;0;1;1;257.0;0.0;257.0;43.0;0.0;43.0
2022;Norte;TO;Pedro Afonso;1;1;0;1;1;57.0;0.0;0.0;13.0;0.0;0.0
2022;Norte;TO;Porto Nacional;1;1;0;1;1;400.0;0.0;304.0;47.0;0.0;42.0
2022;Norte;TO;Palmas;1;1;0;1;1;1101.0;0.0;714.0;175.0;0.0;133.0
2022;Norte;TO;Palmas;3;1;0;1;1;1121.0;1121.0;0.0;54.0;54.0;0.0
2022;Nordeste;MA;Aailndia;3;1;0;1;1;86.0;0.0;0.0;16.0;0.0;0.0
2022;Nordeste;MA;Aailndia;1;1;0;1;1;699.0;0.0;568.0;65.0;0.0;65.0
2022;Nordeste;MA;Alcntara;1;0;0;1;1;180.0;0.0;44.0;31.0;0.0;26.0
2022;Nordeste;MA;Alto Alegre do Pindar;2;1;0;1;1;120.0;0.0;120.0;17.0;0.0;17.0
2022;Nordeste;MA;Araioses;1;1;0;1;1;248.0;0.0;169.0;19.0;0.0;17.0
2022;Nordeste;MA;Axix;2;1;0;1;1;504.0;0.0;504.0;37.0;0.0;37.0
2022;Nordeste;MA;Bacabal;1;1;0;1;1;366.0;0.0;301.0;50.0;0.0;46.0
2022;Nordeste;MA;Bacabal;2;1;0;1;1;303.0;0.0;303.0;27.0;0.0;27.0
2022;Nordeste;MA;Barra do Corda;1;1;0;1;1;585.0;0.0;470.0;43.0;0.0;43.0
2022;Nordeste;MA;Barreirinhas;1;1;1;1;1;208.0;0.0;189.0;45.0;0.0;44.0
2022;Nordeste;MA;Barreirinhas;4;0;0;0;1;33.0;0.0;33.0;9.0;0.0;9.0
2022;Nordeste;MA;Buriticupu;1;1;1;1;1;556.0;0.0;454.0;60.0;0.0;59.0
2022;Nordeste;MA;Carolina;1;1;0;1;1;188.0;0.0;0.0;16.0;0.0;0.0
2022;Nordeste;MA;Caxias;3;1;0;1;1;484.0;484.0;0.0;41.0;41.0;0.0
2022;Nordeste;MA;Caxias;1;1;0;1;1;610.0;0.0;610.0;65.0;0.0;65.0
2022;Nordeste;MA;Cod;1;1;0;1;1;462.0;0.0;367.0;69.0;0.0;66.0
2022;Nordeste;MA;Cod;4;1;0;1;1;100.0;53.0;0.0;10.0;6.0;0.0
2022;Nordeste;MA;Cod;4;1;0;1;1;339.0;251.0;0.0;20.0;16.0;0.0
2022;Nordeste;MA;Coelho Neto;1;1;0;1;1;416.0;0.0;376.0;39.0;0.0;34.0
2022;Nordeste;MA;Coroat;4;1;0;1;1;1040.0;472.0;164.0;62.0;37.0;18.0
2022;Nordeste;MA;Coroat;2;1;0;1;1;399.0;0.0;399.0;33.0;0.0;33.0
2022;Nordeste;MA;Cururupu;2;1;0;1;1;514.0;0.0;514.0;34.0;0.0;34.0
2022;Nordeste;MA;Graja;1;1;0;1;1;503.0;0.0;325.0;38.0;0.0;38.0
2022;Nordeste;MA;Imperatriz;2;0;0;1;1;1128.0;629.0;499.0;60.0;38.0;43.0
2022;Nordeste;MA;Imperatriz;1;1;1;1;1;1050.0;0.0;662.0;70.0;0.0;63.0
2022;Nordeste;MA;Itapecuru Mirim;2;0;0;0;1;46.0;0.0;46.0;11.0;0.0;11.0
2022;Nordeste;MA;Itapecuru Mirim;1;1;0;1;1;319.0;0.0;237.0;23.0;0.0;23.0
2022;Nordeste;MA;Pao do Lumiar;3;1;0;1;1;465.0;465.0;0.0;24.0;24.0;0.0
2022;Nordeste;MA;Pao do Lumiar;4;1;0;0;1;24.0;24.0;0.0;4.0;4.0;0.0
2022;Nordeste;MA;Pedreiras;2;1;0;1;1;14.0;0.0;0.0;2.0;0.0;0.0
2022;Nordeste;MA;Pedreiras;1;1;0;1;1;505.0;0.0;389.0;33.0;0.0;33.0
2022;Nordeste;MA;Peritor;2;0;0;0;1;27.0;0.0;27.0;6.0;0.0;6.0
2022;Nordeste;MA;Pinheiro;1;0;0;1;1;504.0;0.0;474.0;38.0;0.0;37.0
2022;Nordeste;MA;Porto Franco;1;0;0;1;1;128.0;0.0;128.0;20.0;0.0;20.0
2022;Nordeste;MA;Presidente Dutra;4;1;1;1;1;185.0;147.0;0.0;20.0;16.0;0.0
2022;Nordeste;MA;Presidente Dutra;1;1;0;1;1;163.0;0.0;157.0;18.0;0.0;18.0
2022;Nordeste;MA;Raposa;3;1;0;0;1;730.0;730.0;0.0;26.0;26.0;0.0
2022;Nordeste;MA;Rosrio;1;0;0;1;1;343.0;0.0;343.0;19.0;0.0;19.0
2022;Nordeste;MA;Santa Ins;2;1;0;1;1;435.0;0.0;435.0;40.0;0.0;40.0
2022;Nordeste;MA;Santa Ins;1;1;1;1;1;816.0;0.0;626.0;52.0;0.0;49.0
2022;Nordeste;MA;Santa Luzia do Paru;2;1;0;1;1;284.0;0.0;284.0;23.0;0.0;23.0
2022;Nordeste;MA;So Joo dos Patos;1;1;0;1;1;367.0;0.0;322.0;44.0;0.0;41.0
2022;Nordeste;MA;So Jos de Ribamar;3;1;0;1;1;1191.0;1086.0;0.0;54.0;51.0;0.0
2022;Nordeste;MA;So Jos de Ribamar;1;1;0;1;1;485.0;0.0;347.0;46.0;0.0;46.0
2022;Nordeste;MA;So Jos de Ribamar;3;1;0;1;1;428.0;368.0;0.0;18.0;16.0;0.0
2022;Nordeste;MA;So Lus;2;0;0;1;1;533.0;0.0;533.0;55.0;0.0;55.0
2022;Nordeste;MA;So Lus;2;1;0;1;1;917.0;605.0;312.0;41.0;31.0;17.0
2022;Nordeste;MA;So Lus;1;0;0;1;1;655.0;322.0;288.0;75.0;40.0;45.0
2022;Nordeste;MA;So Lus;4;1;0;1;1;514.0;347.0;72.0;33.0;24.0;11.0
2022;Nordeste;MA;So Lus;1;1;0;0;1;4040.0;0.0;409.0;98.0;0.0;84.0
2022;Nordeste;MA;So Lus;2;1;0;1;1;1392.0;698.0;694.0;68.0;42.0;47.0
2022;Nordeste;MA;So Lus;2;0;0;0;1;136.0;0.0;0.0;34.0;0.0;0.0
2022;Nordeste;MA;So Lus;1;1;1;1;1;1764.0;0.0;1270.0;191.0;0.0;173.0
2022;Nordeste;MA;So Lus;4;1;1;1;1;497.0;0.0;0.0;13.0;0.0;0.0
2022;Nordeste;MA;So Lus;4;1;0;0;1;64.0;52.0;0.0;13.0;11.0;0.0
2022;Nordeste;MA;So Lus;2;1;0;1;1;;;;;;
2022;Nordeste;MA;So Lus;4;1;0;1;1;580.0;0.0;0.0;22.0;0.0;0.0
2022;Nordeste;MA;So Lus;2;1;0;1;1;505.0;0.0;505.0;35.0;0.0;35.0
2022;Nordeste;MA;So Lus;4;1;0;1;1;109.0;81.0;0.0;16.0;13.0;0.0
2022;Nordeste;MA;So Lus;2;0;0;1;1;103.0;0.0;0.0;18.0;0.0;0.0
2022;Nordeste;MA;So Lus;1;1;1;1;1;404.0;0.0;345.0;13.0;0.0;13.0
2022;Nordeste;MA;So Raimundo das Mangabeiras;1;1;0;1;1;504.0;0.0;321.0;48.0;0.0;44.0
2022;Nordeste;MA;So Vicente Ferrer;3;1;0;0;1;183.0;183.0;0.0;16.0;16.0;0.0
2022;Nordeste;MA;Timon;1;1;0;1;1;628.0;0.0;492.0;66.0;0.0;64.0
2022;Nordeste;MA;Timon;3;1;0;1;1;407.0;407.0;0.0;20.0;20.0;0.0
2022;Nordeste;MA;Timon;2;1;0;1;1;469.0;0.0;469.0;44.0;0.0;44.0
2022;Nordeste;MA;Timon;4;1;0;1;1;334.0;174.0;0.0;27.0;18.0;0.0
2022;Nordeste;MA;Viana;1;1;0;1;1;266.0;0.0;174.0;29.0;0.0;27.0
2022;Nordeste;MA;Z Doca;1;0;1;1;1;305.0;0.0;165.0;22.0;0.0;20.0
2022;Nordeste;PI;Angical do Piau;1;1;0;1;1;420.0;0.0;341.0;42.0;0.0;41.0
2022;Nordeste;PI;Bom Jesus;1;1;0;0;1;518.0;0.0;256.0;35.0;0.0;15.0
2022;Nordeste;PI;Campo Maior;1;1;0;1;1;489.0;0.0;359.0;44.0;0.0;40.0
2022;Nordeste;PI;Cocal;1;1;0;1;1;339.0;0.0;339.0;41.0;0.0;41.0
2022;Nordeste;PI;Corrente;2;1;0;1;1;571.0;0.0;391.0;42.0;0.0;25.0
2022;Nordeste;PI;Corrente;1;1;0;1;1;518.0;0.0;479.0;54.0;0.0;54.0
2022;Nordeste;PI;Floriano;1;1;0;1;1;418.0;0.0;157.0;37.0;0.0;14.0
2022;Nordeste;PI;Floriano;1;1;0;1;1;711.0;0.0;550.0;75.0;0.0;72.0
2022;Nordeste;PI;Jos de Freitas;1;1;0;1;1;112.0;0.0;0.0;7.0;0.0;0.0
2022;Nordeste;PI;Oeiras;2;1;0;1;1;291.0;0.0;291.0;22.0;0.0;22.0
2022;Nordeste;PI;Oeiras;1;1;0;1;1;404.0;0.0;231.0;41.0;0.0;36.0
2022;Nordeste;PI;Parnaba;1;1;0;1;1;577.0;0.0;368.0;62.0;0.0;54.0
2022;Nordeste;PI;Pedro II;1;1;0;1;1;347.0;0.0;327.0;46.0;0.0;43.0
2022;Nordeste;PI;Picos;1;1;0;1;1;532.0;0.0;432.0;54.0;0.0;52.0
2022;Nordeste;PI;Pio IX;1;0;0;0;1;96.0;0.0;0.0;5.0;0.0;0.0
2022;Nordeste;PI;Piripiri;2;1;0;1;1;482.0;0.0;387.0;35.0;0.0;33.0
2022;Nordeste;PI;Piripiri;1;1;0;1;1;420.0;0.0;320.0;56.0;0.0;52.0
2022;Nordeste;PI;So Joo do Piau;1;1;0;1;1;385.0;0.0;370.0;36.0;0.0;35.0
2022;Nordeste;PI;So Raimundo Nonato;2;1;0;1;1;298.0;0.0;298.0;22.0;0.0;22.0
2022;Nordeste;PI;So Raimundo Nonato;1;1;0;1;1;447.0;0.0;340.0;51.0;0.0;41.0
2022;Nordeste;PI;Teresina;1;1;0;1;1;494.0;0.0;172.0;30.0;0.0;13.0
2022;Nordeste;PI;Teresina;1;1;0;1;1;759.0;0.0;433.0;79.0;0.0;53.0
2022;Nordeste;PI;Teresina;1;1;1;1;1;2932.0;0.0;1316.0;229.0;0.0;163.0
2022;Nordeste;PI;Teresina;2;1;0;1;1;1151.0;0.0;874.0;82.0;0.0;58.0
2022;Nordeste;PI;Teresina;1;1;0;1;1;158.0;0.0;0.0;13.0;0.0;0.0
2022;Nordeste;PI;Uruu;1;1;0;1;1;388.0;0.0;344.0;51.0;0.0;49.0
2022;Nordeste;PI;Valena do Piau;2;1;0;1;1;488.0;224.0;264.0;31.0;15.0;23.0
2022;Nordeste;PI;Valena do Piau;1;1;0;1;1;494.0;0.0;359.0;39.0;0.0;39.0
2022;Nordeste;CE;Acara;1;1;1;1;1;240.0;0.0;67.0;40.0;0.0;16.0
2022;Nordeste;CE;Acara;2;1;1;1;1;571.0;0.0;526.0;30.0;0.0;29.0
2022;Nordeste;CE;Acopiara;2;1;0;0;1;342.0;0.0;342.0;25.0;0.0;25.0
2022;Nordeste;CE;Acopiara;1;1;1;1;1;133.0;0.0;88.0;18.0;0.0;17.0
2022;Nordeste;CE;Alcntaras;2;1;0;0;1;455.0;0.0;455.0;21.0;0.0;21.0
2022;Nordeste;CE;Aracati;1;0;1;1;1;248.0;0.0;147.0;45.0;0.0;29.0
2022;Nordeste;CE;Aracati;2;1;0;1;1;454.0;0.0;454.0;35.0;0.0;35.0
2022;Nordeste;CE;Araripe;2;1;1;1;1;444.0;0.0;444.0;28.0;0.0;28.0
2022;Nordeste;CE;Barbalha;4;1;0;1;1;206.0;0.0;0.0;6.0;0.0;0.0
2022;Nordeste;CE;Baturit;1;1;1;1;1;185.0;0.0;100.0;23.0;0.0;17.0
2022;Nordeste;CE;Baturit;2;1;0;1;1;512.0;0.0;512.0;26.0;0.0;26.0
2022;Nordeste;CE;Bela Cruz;2;1;1;1;1;520.0;0.0;520.0;29.0;0.0;29.0
2022;Nordeste;CE;Boa Viagem;2;1;1;1;1;527.0;0.0;527.0;30.0;0.0;30.0
2022;Nordeste;CE;Boa Viagem;1;1;1;1;1;188.0;0.0;142.0;22.0;0.0;18.0
2022;Nordeste;CE;Brejo Santo;2;1;1;1;1;554.0;0.0;529.0;33.0;0.0;32.0
2022;Nordeste;CE;Camocim;1;1;1;1;1;90.0;0.0;0.0;16.0;0.0;0.0
2022;Nordeste;CE;Campos Sales;2;1;0;0;1;289.0;0.0;289.0;21.0;0.0;21.0
2022;Nordeste;CE;Canind;1;1;1;1;1;114.0;0.0;114.0;3.0;0.0;3.0
2022;Nordeste;CE;Caucaia;2;0;0;1;1;377.0;0.0;377.0;23.0;0.0;23.0
2022;Nordeste;CE;Caucaia;1;1;1;1;1;492.0;0.0;398.0;43.0;0.0;41.0
2022;Nordeste;CE;Cedro;1;1;0;1;1;465.0;0.0;351.0;56.0;0.0;44.0
2022;Nordeste;CE;Corea;2;1;1;1;1;120.0;0.0;120.0;12.0;0.0;12.0
2022;Nordeste;CE;Crates;1;1;1;1;1;232.0;0.0;75.0;44.0;0.0;26.0
2022;Nordeste;CE;Crato;1;1;0;0;1;384.0;0.0;344.0;57.0;0.0;53.0
2022;Nordeste;CE;Crato;2;1;0;1;1;413.0;0.0;413.0;33.0;0.0;33.0
2022;Nordeste;CE;Crato;2;1;1;1;1;519.0;0.0;519.0;28.0;0.0;28.0
2022;Nordeste;CE;Eusbio;2;1;0;1;1;513.0;0.0;513.0;28.0;0.0;28.0
2022;Nordeste;CE;Fortaleza;1;1;1;1;1;2208.0;0.0;1479.0;218.0;0.0;184.0
2022;Nordeste;CE;Fortaleza;2;1;0;1;1;395.0;0.0;395.0;27.0;0.0;27.0
2022;Nordeste;CE;Fortaleza;2;0;0;0;1;127.0;0.0;127.0;16.0;0.0;16.0
2022;Nordeste;CE;Fortaleza;4;1;1;1;1;515.0;363.0;74.0;30.0;25.0;11.0
2022;Nordeste;CE;Fortaleza;2;1;0;1;1;459.0;0.0;459.0;30.0;0.0;30.0
2022;Nordeste;CE;Fortaleza;2;0;0;1;1;460.0;0.0;460.0;29.0;0.0;29.0
2022;Nordeste;CE;Fortaleza;4;1;0;1;1;;;;;;
2022;Nordeste;CE;Fortaleza;1;1;1;1;1;882.0;461.0;421.0;76.0;38.0;44.0
2022;Nordeste;CE;Fortaleza;4;1;0;1;1;26.0;0.0;0.0;12.0;0.0;0.0
2022;Nordeste;CE;Fortaleza;4;1;0;1;1;320.0;258.0;0.0;19.0;15.0;0.0
2022;Nordeste;CE;Fortaleza;2;1;0;1;1;512.0;0.0;512.0;28.0;0.0;28.0
2022;Nordeste;CE;Fortaleza;4;1;0;1;1;88.0;0.0;0.0;2.0;0.0;0.0
2022;Nordeste;CE;Fortaleza;4;1;0;1;1;7.0;7.0;0.0;1.0;1.0;0.0
2022;Nordeste;CE;Fortaleza;2;1;0;0;1;446.0;0.0;446.0;23.0;0.0;23.0
2022;Nordeste;CE;General Sampaio;2;1;1;1;1;66.0;0.0;66.0;10.0;0.0;10.0
2022;Nordeste;CE;Guaiba;2;1;1;1;1;483.0;0.0;483.0;27.0;0.0;27.0
2022;Nordeste;CE;Guaraciaba do Norte;2;1;1;1;1;505.0;0.0;505.0;27.0;0.0;27.0
2022;Nordeste;CE;Guaramiranga;1;0;0;0;1;73.0;0.0;0.0;11.0;0.0;0.0
2022;Nordeste;CE;Hidrolndia;2;1;0;1;1;430.0;0.0;430.0;26.0;0.0;26.0
2022;Nordeste;CE;Horizonte;2;1;1;1;1;523.0;0.0;523.0;27.0;0.0;27.0
2022;Nordeste;CE;Horizonte;1;1;1;1;1;107.0;0.0;0.0;16.0;0.0;0.0
2022;Nordeste;CE;Icapu;2;1;1;1;1;122.0;0.0;122.0;11.0;0.0;11.0
2022;Nordeste;CE;Iguatu;1;1;0;1;1;604.0;0.0;424.0;67.0;0.0;61.0
2022;Nordeste;CE;Iguatu;2;1;0;0;1;399.0;0.0;354.0;26.0;0.0;24.0
2022;Nordeste;CE;Iguatu;2;1;1;1;1;516.0;0.0;516.0;26.0;0.0;26.0
2022;Nordeste;CE;Ipu;4;1;0;1;1;372.0;227.0;49.0;36.0;21.0;18.0
2022;Nordeste;CE;Itaitinga;2;1;1;1;1;518.0;0.0;518.0;25.0;0.0;25.0
2022;Nordeste;CE;Itapipoca;1;1;0;1;1;465.0;0.0;253.0;30.0;0.0;29.0
2022;Nordeste;CE;Jaguaribe;1;1;1;1;1;211.0;0.0;211.0;30.0;0.0;30.0
2022;Nordeste;CE;Jaguaribe;2;1;0;1;1;371.0;0.0;346.0;23.0;0.0;23.0
2022;Nordeste;CE;Jaguaruana;1;0;0;1;1;100.0;0.0;0.0;17.0;0.0;0.0
2022;Nordeste;CE;Jardim;2;1;0;1;1;523.0;0.0;523.0;27.0;0.0;27.0
2022;Nordeste;CE;Jijoca de Jericoacoara;2;1;1;1;1;180.0;0.0;180.0;10.0;0.0;10.0
2022;Nordeste;CE;Juazeiro do Norte;2;1;0;1;1;520.0;0.0;499.0;32.0;0.0;31.0
2022;Nordeste;CE;Juazeiro do Norte;1;1;1;1;1;495.0;0.0;225.0;61.0;0.0;46.0
2022;Nordeste;CE;Juazeiro do Norte;2;1;0;1;1;504.0;0.0;504.0;29.0;0.0;29.0
2022;Nordeste;CE;Juazeiro do Norte;2;1;0;1;1;355.0;0.0;355.0;27.0;0.0;27.0
2022;Nordeste;CE;Juazeiro do Norte;4;1;1;1;1;906.0;0.0;0.0;13.0;0.0;0.0
2022;Nordeste;CE;Juazeiro do Norte;2;1;0;1;1;39.0;0.0;39.0;11.0;0.0;11.0
2022;Nordeste;CE;Jucs;2;1;1;1;1;410.0;0.0;410.0;23.0;0.0;23.0
2022;Nordeste;CE;Lavras da Mangabeira;2;1;0;1;1;345.0;0.0;333.0;23.0;0.0;23.0
2022;Nordeste;CE;Limoeiro do Norte;1;1;0;1;1;499.0;0.0;203.0;59.0;0.0;31.0
2022;Nordeste;CE;Maracana;2;1;0;1;1;377.0;0.0;377.0;26.0;0.0;26.0
2022;Nordeste;CE;Maracana;4;1;0;0;1;125.0;78.0;0.0;5.0;3.0;0.0
2022;Nordeste;CE;Maracana;3;1;0;1;1;344.0;0.0;0.0;24.0;0.0;0.0
2022;Nordeste;CE;Maracana;1;1;1;1;1;530.0;0.0;215.0;71.0;0.0;41.0
2022;Nordeste;CE;Maranguape;1;1;1;1;1;145.0;0.0;112.0;23.0;0.0;23.0
2022;Nordeste;CE;Massap;2;1;0;1;1;519.0;0.0;519.0;26.0;0.0;26.0
2022;Nordeste;CE;Monsenhor Tabosa;2;1;1;0;1;105.0;0.0;105.0;11.0;0.0;11.0
2022;Nordeste;CE;Morada Nova;1;1;1;1;1;116.0;0.0;0.0;24.0;0.0;0.0
2022;Nordeste;CE;Ocara;2;1;1;1;1;508.0;0.0;508.0;26.0;0.0;26.0
2022;Nordeste;CE;Pacajus;2;1;0;1;1;484.0;0.0;484.0;26.0;0.0;26.0
2022;Nordeste;CE;Paracuru;1;1;1;1;1;76.0;0.0;0.0;17.0;0.0;0.0
2022;Nordeste;CE;Paraipaba;2;1;0;0;1;380.0;0.0;380.0;21.0;0.0;21.0
2022;Nordeste;CE;Quixad;1;1;0;1;1;406.0;0.0;237.0;56.0;0.0;40.0
2022;Nordeste;CE;Quixeramobim;4;1;0;1;1;30.0;0.0;0.0;5.0;0.0;0.0
2022;Nordeste;CE;Quixeramobim;2;1;0;1;1;522.0;0.0;522.0;29.0;0.0;29.0
2022;Nordeste;CE;Reriutaba;2;1;1;1;1;463.0;0.0;463.0;27.0;0.0;27.0
2022;Nordeste;CE;Russas;2;1;0;1;1;464.0;0.0;464.0;20.0;0.0;20.0
2022;Nordeste;CE;Santana do Cariri;3;1;0;1;1;325.0;267.0;0.0;23.0;18.0;0.0
2022;Nordeste;CE;So Benedito;2;1;0;0;1;274.0;0.0;172.0;18.0;0.0;14.0
2022;Nordeste;CE;So Gonalo do Amarante;1;1;1;1;1;401.0;0.0;0.0;28.0;0.0;0.0
2022;Nordeste;CE;So Gonalo do Amarante;4;0;0;1;1;612.0;0.0;0.0;7.0;0.0;0.0
2022;Nordeste;CE;Sobral;2;1;0;0;1;386.0;65.0;321.0;24.0;14.0;22.0
2022;Nordeste;CE;Sobral;1;1;1;1;1;982.0;0.0;0.0;76.0;0.0;0.0
2022;Nordeste;CE;Sobral;2;1;0;1;1;493.0;0.0;468.0;34.0;0.0;33.0
2022;Nordeste;CE;Sobral;2;0;1;1;1;586.0;0.0;528.0;29.0;0.0;26.0
2022;Nordeste;CE;Sobral;4;1;0;1;1;40.0;0.0;0.0;1.0;0.0;0.0
2022;Nordeste;CE;Tabuleiro do Norte;1;1;1;1;1;288.0;0.0;179.0;38.0;0.0;32.0
2022;Nordeste;CE;Tau;1;1;1;1;1;221.0;0.0;196.0;31.0;0.0;29.0
2022;Nordeste;CE;Tiangu;1;1;1;1;1;93.0;0.0;0.0;21.0;0.0;0.0
2022;Nordeste;CE;Tiangu;4;1;0;1;1;42.0;38.0;0.0;9.0;8.0;0.0
2022;Nordeste;CE;Ubajara;1;1;1;1;1;36.0;0.0;0.0;14.0;0.0;0.0
2022;Nordeste;CE;Umirim;1;1;1;1;1;220.0;0.0;192.0;34.0;0.0;34.0
2022;Nordeste;CE;Viosa do Cear;2;1;0;0;1;518.0;0.0;518.0;28.0;0.0;28.0
2022;Nordeste;RN;Apodi;3;1;0;1;1;527.0;527.0;0.0;21.0;21.0;0.0
2022;Nordeste;RN;Apodi;1;1;0;1;1;679.0;0.0;596.0;57.0;0.0;54.0
2022;Nordeste;RN;Caic;1;1;0;1;1;870.0;0.0;776.0;59.0;0.0;59.0
2022;Nordeste;RN;Canguaretama;1;1;1;1;1;614.0;0.0;507.0;55.0;0.0;55.0
2022;Nordeste;RN;Cear-Mirim;1;1;1;1;1;758.0;0.0;673.0;59.0;0.0;57.0
2022;Nordeste;RN;Currais Novos;1;1;0;1;1;645.0;0.0;636.0;51.0;0.0;51.0
2022;Nordeste;RN;Parnamirim;4;0;1;1;1;249.0;189.0;0.0;18.0;14.0;0.0
2022;Nordeste;RN;Parnamirim;1;1;0;1;1;1027.0;0.0;645.0;61.0;0.0;56.0
2022;Nordeste;RN;Ipanguau;1;1;0;1;1;674.0;0.0;461.0;54.0;0.0;50.0
2022;Nordeste;RN;Joo Cmara;1;1;0;1;1;546.0;0.0;463.0;52.0;0.0;51.0
2022;Nordeste;RN;Jucurutu;1;1;0;1;1;12.0;0.0;0.0;11.0;0.0;0.0
2022;Nordeste;RN;Lajes;1;1;1;1;1;548.0;0.0;425.0;32.0;0.0;32.0
2022;Nordeste;RN;Macaba;1;1;0;1;1;888.0;0.0;364.0;55.0;0.0;49.0
2022;Nordeste;RN;Macau;1;1;0;1;1;589.0;0.0;566.0;52.0;0.0;52.0
2022;Nordeste;RN;Mossor;2;1;0;0;1;215.0;215.0;0.0;13.0;13.0;0.0
2022;Nordeste;RN;Mossor;1;1;0;1;1;1213.0;0.0;598.0;92.0;0.0;72.0
2022;Nordeste;RN;Natal;1;1;0;1;1;2963.0;0.0;1649.0;255.0;0.0;209.0
2022;Nordeste;RN;Natal;1;1;1;1;1;263.0;0.0;0.0;36.0;0.0;0.0
2022;Nordeste;RN;Natal;1;1;1;1;1;687.0;0.0;441.0;53.0;0.0;44.0
2022;Nordeste;RN;Natal;1;1;1;1;1;848.0;0.0;593.0;66.0;0.0;58.0
2022;Nordeste;RN;Natal;1;0;1;1;1;1226.0;0.0;0.0;1.0;0.0;0.0
2022;Nordeste;RN;Natal;2;1;0;1;1;429.0;0.0;429.0;20.0;0.0;20.0
2022;Nordeste;RN;Natal;2;1;0;1;1;430.0;0.0;430.0;21.0;0.0;21.0
2022;Nordeste;RN;Natal;1;0;1;1;1;246.0;0.0;0.0;26.0;0.0;0.0
2022;Nordeste;RN;Natal;1;1;0;1;1;275.0;0.0;0.0;43.0;0.0;0.0
2022;Nordeste;RN;Natal;4;1;0;1;1;142.0;103.0;0.0;15.0;11.0;0.0
2022;Nordeste;RN;Nova Cruz;1;1;0;1;1;682.0;0.0;553.0;61.0;0.0;57.0
2022;Nordeste;RN;Parelhas;3;1;0;1;1;236.0;199.0;0.0;15.0;9.0;0.0
2022;Nordeste;RN;Parelhas;1;1;1;1;1;369.0;0.0;346.0;28.0;0.0;28.0
2022;Nordeste;RN;Pau dos Ferros;1;1;1;1;1;844.0;0.0;844.0;55.0;0.0;55.0
2022;Nordeste;RN;Santa Cruz;3;1;0;1;1;643.0;643.0;0.0;23.0;23.0;0.0
2022;Nordeste;RN;Santa Cruz;1;1;1;1;1;820.0;0.0;555.0;52.0;0.0;47.0
2022;Nordeste;RN;So Gonalo do Amarante;1;1;0;1;1;681.0;0.0;652.0;59.0;0.0;59.0
2022;Nordeste;RN;So Paulo do Potengi;1;1;1;1;1;753.0;0.0;686.0;63.0;0.0;63.0
2022;Nordeste;RN;Touros;3;0;0;0;1;98.0;98.0;0.0;6.0;6.0;0.0
2022;Nordeste;PB;Areia;1;1;0;1;1;82.0;0.0;0.0;9.0;0.0;0.0
2022;Nordeste;PB;Bananeiras;1;1;0;1;1;561.0;0.0;124.0;65.0;0.0;40.0
2022;Nordeste;PB;Bayeux;2;1;0;1;1;424.0;0.0;424.0;23.0;0.0;23.0
2022;Nordeste;PB;Cabedelo;1;1;0;1;1;365.0;0.0;96.0;31.0;0.0;21.0
2022;Nordeste;PB;Cabedelo;1;1;0;1;1;557.0;0.0;404.0;59.0;0.0;55.0
2022;Nordeste;PB;Cajazeiras;1;1;0;1;1;658.0;0.0;419.0;75.0;0.0;67.0
2022;Nordeste;PB;Campina Grande;1;1;1;1;1;1371.0;0.0;1112.0;124.0;0.0;112.0
2022;Nordeste;PB;Catol do Rocha;1;1;0;1;1;460.0;0.0;460.0;30.0;0.0;30.0
2022;Nordeste;PB;Esperana;1;1;0;1;1;316.0;0.0;230.0;26.0;0.0;26.0
2022;Nordeste;PB;Gado Bravo;4;1;0;0;1;15.0;12.0;0.0;2.0;1.0;0.0
2022;Nordeste;PB;Guarabira;1;1;0;1;1;446.0;0.0;446.0;39.0;0.0;39.0
2022;Nordeste;PB;Itabaiana;1;1;0;1;1;379.0;0.0;299.0;28.0;0.0;28.0
2022;Nordeste;PB;Itaporanga;1;1;0;1;1;325.0;0.0;325.0;23.0;0.0;23.0
2022;Nordeste;PB;Joo Pessoa;4;1;1;1;1;578.0;375.0;128.0;61.0;41.0;24.0
2022;Nordeste;PB;Joo Pessoa;1;1;1;1;1;2309.0;0.0;1258.0;250.0;0.0;210.0
2022;Nordeste;PB;Joo Pessoa;1;1;1;1;1;582.0;0.0;0.0;44.0;0.0;0.0
2022;Nordeste;PB;Joo Pessoa;1;1;0;1;1;109.0;0.0;0.0;10.0;0.0;0.0
2022;Nordeste;PB;Joo Pessoa;2;1;0;1;1;;;;;;
2022;Nordeste;PB;Mamanguape;2;1;0;0;1;399.0;0.0;399.0;23.0;0.0;23.0
2022;Nordeste;PB;Massaranduba;3;1;0;1;1;;;;;;
2022;Nordeste;PB;Monteiro;1;1;0;1;1;377.0;0.0;343.0;44.0;0.0;44.0
2022;Nordeste;PB;Patos;1;1;0;1;1;807.0;0.0;493.0;61.0;0.0;58.0
2022;Nordeste;PB;Pedras de Fogo;1;0;0;0;1;75.0;0.0;0.0;11.0;0.0;0.0
2022;Nordeste;PB;Picu;1;1;1;1;1;682.0;0.0;610.0;52.0;0.0;52.0
2022;Nordeste;PB;Princesa Isabel;1;1;0;1;1;324.0;0.0;238.0;45.0;0.0;42.0
2022;Nordeste;PB;Puxinan;2;1;0;1;1;226.0;63.0;163.0;21.0;11.0;21.0
2022;Nordeste;PB;Santa Luzia;1;0;0;1;1;221.0;0.0;123.0;16.0;0.0;14.0
2022;Nordeste;PB;Santa Rita;1;1;0;1;1;305.0;0.0;305.0;26.0;0.0;26.0
2022;Nordeste;PB;Soledade;1;1;0;1;1;134.0;0.0;0.0;5.0;0.0;0.0
2022;Nordeste;PB;Sousa;1;1;0;1;1;539.0;0.0;364.0;73.0;0.0;69.0
2022;Nordeste;PE;Abreu e Lima;1;1;0;1;1;520.0;0.0;0.0;30.0;0.0;0.0
2022;Nordeste;PE;Afogados da Ingazeira;1;1;0;1;1;472.0;0.0;320.0;51.0;0.0;40.0
2022;Nordeste;PE;Belo Jardim;1;1;0;1;1;460.0;0.0;235.0;71.0;0.0;57.0
2022;Nordeste;PE;Belo Jardim;4;1;0;1;1;387.0;357.0;30.0;12.0;9.0;6.0
2022;Nordeste;PE;Cabo de Santo Agostinho;1;1;0;1;1;371.0;0.0;0.0;35.0;0.0;0.0
2022;Nordeste;PE;Caruaru;2;1;0;1;1;586.0;0.0;474.0;24.0;0.0;24.0
2022;Nordeste;PE;Caruaru;1;1;0;1;1;531.0;0.0;427.0;60.0;0.0;55.0
2022;Nordeste;PE;Ch Grande;3;1;0;1;1;471.0;139.0;0.0;14.0;7.0;0.0
2022;Nordeste;PE;Floresta;1;1;0;1;1;551.0;0.0;378.0;41.0;0.0;38.0
2022;Nordeste;PE;Garanhuns;1;1;0;1;1;883.0;0.0;676.0;63.0;0.0;57.0
2022;Nordeste;PE;Glria do Goit;4;1;0;1;1;347.0;0.0;0.0;15.0;0.0;0.0
2022;Nordeste;PE;Gravat;4;1;0;1;1;106.0;69.0;0.0;9.0;7.0;0.0
2022;Nordeste;PE;Ibimirim;4;1;0;1;1;61.0;0.0;0.0;12.0;0.0;0.0
2022;Nordeste;PE;Igarassu;1;1;0;1;1;292.0;0.0;0.0;28.0;0.0;0.0
2022;Nordeste;PE;Ipojuca;1;0;0;1;1;579.0;0.0;159.0;60.0;0.0;29.0
2022;Nordeste;PE;Jaboato dos Guararapes;1;1;0;1;1;367.0;0.0;0.0;24.0;0.0;0.0
2022;Nordeste;PE;Moreno;4;1;0;1;1;18.0;18.0;0.0;9.0;9.0;0.0
2022;Nordeste;PE;Olinda;4;0;0;1;1;28.0;17.0;0.0;5.0;5.0;0.0
2022;Nordeste;PE;Olinda;1;1;0;1;1;396.0;0.0;0.0;23.0;0.0;0.0
2022;Nordeste;PE;Ouricuri;1;1;0;1;1;570.0;0.0;339.0;53.0;0.0;49.0
2022;Nordeste;PE;Palmares;1;1;0;0;1;229.0;0.0;0.0;21.0;0.0;0.0
2022;Nordeste;PE;Paulista;1;1;0;1;1;371.0;0.0;0.0;29.0;0.0;0.0
2022;Nordeste;PE;Pesqueira;1;1;0;1;1;539.0;0.0;340.0;51.0;0.0;49.0
2022;Nordeste;PE;Petrolina;1;1;0;1;1;487.0;0.0;282.0;64.0;0.0;56.0
2022;Nordeste;PE;Petrolina;1;1;1;1;1;1136.0;0.0;663.0;94.0;0.0;87.0
2022;Nordeste;PE;Petrolina;2;1;0;1;1;455.0;227.0;228.0;31.0;15.0;18.0
2022;Nordeste;PE;Recife;1;1;1;1;1;398.0;227.0;171.0;60.0;48.0;38.0
2022;Nordeste;PE;Recife;2;1;0;1;1;603.0;0.0;423.0;31.0;0.0;22.0
2022;Nordeste;PE;Recife;1;1;1;0;1;3306.0;0.0;1536.0;301.0;0.0;265.0
2022;Nordeste;PE;Recife;4;1;0;1;1;134.0;83.0;0.0;18.0;14.0;0.0
2022;Nordeste;PE;Salgueiro;1;1;0;1;1;470.0;0.0;307.0;59.0;0.0;59.0
2022;Nordeste;PE;Santa Cruz do Capibaribe;4;1;0;0;1;48.0;19.0;0.0;6.0;3.0;0.0
2022;Nordeste;PE;Santa Maria da Boa Vista;1;1;1;1;1;369.0;0.0;228.0;40.0;0.0;39.0
2022;Nordeste;PE;So Jos do Belmonte;2;1;0;1;1;636.0;0.0;428.0;29.0;0.0;24.0
2022;Nordeste;PE;So Loureno da Mata;1;1;0;1;1;942.0;0.0;241.0;53.0;0.0;31.0
2022;Nordeste;PE;Serra Talhada;1;1;1;1;1;506.0;0.0;237.0;38.0;0.0;34.0
2022;Nordeste;PE;Vitria de Santo Anto;1;1;0;1;1;800.0;0.0;596.0;77.0;0.0;72.0
2022;Nordeste;AL;Arapiraca;1;1;1;1;1;744.0;0.0;535.0;49.0;0.0;47.0
2022;Nordeste;AL;Batalha;1;0;0;1;1;381.0;0.0;381.0;27.0;0.0;27.0
2022;Nordeste;AL;Coruripe;1;1;1;1;1;499.0;0.0;482.0;34.0;0.0;34.0
2022;Nordeste;AL;Delmiro Gouveia;4;0;0;1;1;441.0;340.0;33.0;33.0;25.0;13.0
2022;Nordeste;AL;Girau do Ponciano;3;0;0;1;1;154.0;0.0;0.0;14.0;0.0;0.0
2022;Nordeste;AL;Macei;1;1;1;1;1;2592.0;0.0;2175.0;252.0;0.0;233.0
2022;Nordeste;AL;Macei;1;1;0;1;1;324.0;0.0;71.0;26.0;0.0;15.0
2022;Nordeste;AL;Macei;4;1;0;1;1;95.0;0.0;0.0;9.0;0.0;0.0
2022;Nordeste;AL;Macei;1;1;0;1;1;127.0;0.0;0.0;16.0;0.0;0.0
2022;Nordeste;AL;Maragogi;1;1;1;1;1;534.0;0.0;534.0;46.0;0.0;46.0
2022;Nordeste;AL;Marechal Deodoro;1;1;0;1;1;915.0;0.0;624.0;67.0;0.0;62.0
2022;Nordeste;AL;Murici;3;1;0;1;1;913.0;845.0;0.0;41.0;38.0;0.0
2022;Nordeste;AL;Murici;1;1;0;1;1;488.0;0.0;488.0;45.0;0.0;45.0
2022;Nordeste;AL;Palmeira dos ndios;1;1;0;1;1;1223.0;0.0;1132.0;72.0;0.0;71.0
2022;Nordeste;AL;Penedo;1;1;0;1;1;489.0;0.0;380.0;46.0;0.0;45.0
2022;Nordeste;AL;Piranhas;1;1;1;1;1;560.0;0.0;529.0;59.0;0.0;57.0
2022;Nordeste;AL;Rio Largo;1;1;0;0;1;217.0;0.0;36.0;21.0;0.0;16.0
2022;Nordeste;AL;Santana do Ipanema;1;1;0;1;1;705.0;0.0;611.0;40.0;0.0;40.0
2022;Nordeste;AL;So Miguel dos Campos;1;1;1;1;1;422.0;0.0;136.0;21.0;0.0;9.0
2022;Nordeste;AL;Satuba;1;0;1;1;1;771.0;0.0;569.0;73.0;0.0;71.0
2022;Nordeste;AL;Viosa;1;1;1;1;1;389.0;0.0;227.0;27.0;0.0;22.0
2022;Nordeste;SE;Aracaju;1;1;1;1;1;1666.0;0.0;553.0;148.0;0.0;98.0
2022;Nordeste;SE;Aracaju;2;0;0;1;1;432.0;0.0;0.0;13.0;0.0;0.0
2022;Nordeste;SE;Aracaju;2;1;1;1;1;124.0;0.0;0.0;40.0;0.0;0.0
2022;Nordeste;SE;Boquim;2;1;0;1;1;69.0;0.0;0.0;8.0;0.0;0.0
2022;Nordeste;SE;Estncia;1;1;0;1;1;487.0;0.0;309.0;43.0;0.0;39.0
2022;Nordeste;SE;Itabaiana;1;1;0;1;1;420.0;0.0;355.0;40.0;0.0;38.0
2022;Nordeste;SE;Lagarto;1;1;0;1;1;652.0;0.0;437.0;64.0;0.0;57.0
2022;Nordeste;SE;Nepolis;2;0;0;1;1;570.0;0.0;346.0;30.0;0.0;29.0
2022;Nordeste;SE;Nossa Senhora da Glria;1;1;0;1;1;46.0;0.0;43.0;23.0;0.0;21.0
2022;Nordeste;SE;Nossa Senhora do Socorro;1;1;1;1;1;197.0;0.0;0.0;12.0;0.0;0.0
2022;Nordeste;SE;Poo Redondo;2;0;0;1;1;344.0;0.0;122.0;18.0;0.0;16.0
2022;Nordeste;SE;Propri;1;1;1;1;1;26.0;0.0;0.0;6.0;0.0;0.0
2022;Nordeste;SE;So Cristvo;1;1;0;1;1;578.0;0.0;407.0;66.0;0.0;62.0
2022;Nordeste;SE;Tobias Barreto;1;0;1;1;1;143.0;0.0;0.0;12.0;0.0;0.0
2022;Nordeste;BA;Alagoinhas;3;1;0;1;1;556.0;428.0;0.0;36.0;30.0;0.0
2022;Nordeste;BA;Alagoinhas;1;1;1;1;1;341.0;0.0;202.0;31.0;0.0;26.0
2022;Nordeste;BA;Alagoinhas;4;1;0;1;1;132.0;98.0;0.0;7.0;7.0;0.0
2022;Nordeste;BA;Barreiras;1;0;0;1;1;762.0;0.0;507.0;83.0;0.0;67.0
2022;Nordeste;BA;Bonito;3;0;0;0;1;28.0;0.0;0.0;4.0;0.0;0.0
2022;Nordeste;BA;Brumado;1;1;0;1;1;658.0;0.0;368.0;49.0;0.0;43.0
2022;Nordeste;BA;Camaari;1;1;0;1;1;494.0;0.0;388.0;59.0;0.0;56.0
2022;Nordeste;BA;Catu;1;1;1;1;1;553.0;0.0;455.0;87.0;0.0;71.0
2022;Nordeste;BA;Conceio do Coit;3;1;0;1;1;250.0;250.0;0.0;12.0;12.0;0.0
2022;Nordeste;BA;Dias d'vila;4;1;0;1;1;25.0;14.0;0.0;5.0;3.0;0.0
2022;Nordeste;BA;Esplanada;4;1;0;1;1;335.0;237.0;50.0;23.0;19.0;11.0
2022;Nordeste;BA;Euclides da Cunha;1;1;0;1;1;476.0;0.0;284.0;39.0;0.0;33.0
2022;Nordeste;BA;Eunpolis;1;1;1;1;1;688.0;0.0;539.0;80.0;0.0;70.0
2022;Nordeste;BA;Feira de Santana;1;1;0;1;1;537.0;0.0;339.0;56.0;0.0;47.0
2022;Nordeste;BA;Feira de Santana;4;1;0;1;1;52.0;25.0;0.0;6.0;4.0;0.0
2022;Nordeste;BA;Guanambi;1;1;0;1;1;875.0;0.0;569.0;63.0;0.0;49.0
2022;Nordeste;BA;Ilhus;4;1;0;1;1;157.0;21.0;0.0;9.0;2.0;0.0
2022;Nordeste;BA;Ilhus;1;1;0;1;1;715.0;0.0;565.0;54.0;0.0;54.0
2022;Nordeste;BA;Irec;1;1;0;1;1;451.0;0.0;424.0;56.0;0.0;52.0
2022;Nordeste;BA;Itaberaba;1;1;1;1;1;399.0;0.0;266.0;31.0;0.0;29.0
2022;Nordeste;BA;Itapetinga;1;1;0;1;1;115.0;0.0;115.0;23.0;0.0;23.0
2022;Nordeste;BA;Jacobina;1;1;0;1;1;688.0;0.0;484.0;59.0;0.0;56.0
2022;Nordeste;BA;Jequi;2;1;0;1;1;;;;;;
2022;Nordeste;BA;Jequi;1;1;0;1;1;446.0;0.0;316.0;54.0;0.0;52.0
2022;Nordeste;BA;Juazeiro;1;1;0;1;1;473.0;0.0;273.0;38.0;0.0;31.0
2022;Nordeste;BA;Lauro de Freitas;4;1;0;1;1;423.0;299.0;69.0;25.0;21.0;12.0
2022;Nordeste;BA;Lauro de Freitas;1;1;0;1;1;63.0;0.0;0.0;18.0;0.0;0.0
2022;Nordeste;BA;Mara;4;1;0;1;1;135.0;100.0;0.0;14.0;12.0;0.0
2022;Nordeste;BA;Morpar;3;1;0;0;1;62.0;53.0;0.0;10.0;9.0;0.0
2022;Nordeste;BA;Morro do Chapu;3;1;0;1;1;186.0;94.0;0.0;10.0;6.0;0.0
2022;Nordeste;BA;Nova Viosa;4;0;0;1;1;34.0;22.0;0.0;4.0;2.0;0.0
2022;Nordeste;BA;Paulo Afonso;1;1;1;1;1;577.0;0.0;300.0;58.0;0.0;50.0
2022;Nordeste;BA;Porto Seguro;1;1;0;1;1;369.0;0.0;369.0;52.0;0.0;52.0
2022;Nordeste;BA;Quixabeira;4;1;0;1;1;235.0;66.0;169.0;12.0;10.0;11.0
2022;Nordeste;BA;Riacho de Santana;3;1;0;1;1;188.0;161.0;0.0;15.0;13.0;0.0
2022;Nordeste;BA;Salvador;1;0;1;0;1;689.0;372.0;317.0;83.0;42.0;41.0
2022;Nordeste;BA;Salvador;1;1;1;1;1;2646.0;0.0;2128.0;264.0;0.0;203.0
2022;Nordeste;BA;Salvador;4;1;1;1;1;650.0;349.0;274.0;37.0;22.0;18.0
2022;Nordeste;BA;Salvador;4;0;0;1;1;782.0;374.0;333.0;43.0;31.0;28.0
2022;Nordeste;BA;Salvador;4;1;0;1;1;819.0;523.0;199.0;32.0;24.0;13.0
2022;Nordeste;BA;Salvador;4;0;0;1;1;47.0;10.0;0.0;3.0;1.0;0.0
2022;Nordeste;BA;Salvador;4;1;0;1;1;416.0;284.0;104.0;28.0;21.0;14.0
2022;Nordeste;BA;Salvador;4;0;0;0;1;26.0;0.0;0.0;1.0;0.0;0.0
2022;Nordeste;BA;Salvador;4;1;0;1;1;52.0;37.0;0.0;4.0;4.0;0.0
2022;Nordeste;BA;Salvador;4;0;0;1;1;247.0;138.0;0.0;10.0;7.0;0.0
2022;Nordeste;BA;Santa Ins;1;1;0;1;1;502.0;0.0;459.0;65.0;0.0;57.0
2022;Nordeste;BA;Santo Amaro;1;1;1;1;1;505.0;0.0;339.0;59.0;0.0;53.0
2022;Nordeste;BA;Santo Estvo;3;0;0;1;1;139.0;0.0;0.0;11.0;0.0;0.0
2022;Nordeste;BA;Seabra;1;1;0;1;1;504.0;0.0;504.0;42.0;0.0;42.0
2022;Nordeste;BA;Senhor do Bonfim;1;1;0;1;1;1412.0;0.0;443.0;72.0;0.0;41.0
2022;Nordeste;BA;Serrinha;1;1;1;1;1;284.0;0.0;141.0;27.0;0.0;25.0
2022;Nordeste;BA;Simes Filho;4;0;0;1;1;33.0;20.0;0.0;3.0;2.0;0.0
2022;Nordeste;BA;Simes Filho;1;1;1;1;1;850.0;0.0;507.0;58.0;0.0;58.0
2022;Nordeste;BA;Ubaitaba;1;1;0;1;1;118.0;0.0;0.0;10.0;0.0;0.0
2022;Nordeste;BA;Uruuca;1;1;0;1;1;428.0;0.0;161.0;7.0;0.0;2.0
2022;Nordeste;BA;Valena;1;1;0;1;1;393.0;0.0;315.0;66.0;0.0;46.0
2022;Nordeste;BA;Valena;1;1;1;1;1;541.0;0.0;541.0;70.0;0.0;70.0
2022;Nordeste;BA;Vitria da Conquista;1;1;0;1;1;786.0;0.0;532.0;105.0;0.0;80.0
2022;Nordeste;BA;Xique-Xique;1;0;1;1;1;428.0;0.0;214.0;36.0;0.0;21.0
2022;Sudeste;MG;Abaet;4;1;0;1;1;39.0;12.0;0.0;7.0;3.0;0.0
2022;Sudeste;MG;Almenara;1;1;1;1;1;462.0;0.0;389.0;54.0;0.0;47.0
2022;Sudeste;MG;Andradas;4;0;0;0;1;325.0;228.0;0.0;18.0;13.0;0.0
2022;Sudeste;MG;Araua;1;1;1;1;1;616.0;0.0;438.0;52.0;0.0;42.0
2022;Sudeste;MG;Arajos;4;1;0;1;1;32.0;18.0;0.0;7.0;3.0;0.0
2022;Sudeste;MG;Arax;1;1;1;1;1;525.0;0.0;339.0;72.0;0.0;67.0
2022;Sudeste;MG;Arcos;1;0;1;1;1;290.0;0.0;170.0;27.0;0.0;19.0
2022;Sudeste;MG;Arinos;1;1;1;1;1;767.0;0.0;385.0;41.0;0.0;41.0
2022;Sudeste;MG;Bambu;1;1;1;1;1;596.0;0.0;502.0;106.0;0.0;103.0
2022;Sudeste;MG;Barbacena;1;1;0;1;1;753.0;0.0;513.0;111.0;0.0;86.0
2022;Sudeste;MG;Bela Vista de Minas;4;1;0;1;1;10.0;5.0;0.0;7.0;2.0;0.0
2022;Sudeste;MG;Belo Horizonte;1;1;1;1;1;707.0;0.0;595.0;60.0;0.0;59.0
2022;Sudeste;MG;Belo Horizonte;4;1;1;1;1;3521.0;2312.0;969.0;175.0;114.0;60.0
2022;Sudeste;MG;Belo Horizonte;4;1;1;1;1;2001.0;1332.0;475.0;117.0;73.0;38.0
2022;Sudeste;MG;Belo Horizonte;4;1;1;1;1;1629.0;1132.0;335.0;85.0;65.0;26.0
2022;Sudeste;MG;Belo Horizonte;1;0;1;1;1;78.0;0.0;0.0;8.0;0.0;0.0
2022;Sudeste;MG;Belo Horizonte;4;1;1;1;1;1521.0;1106.0;244.0;86.0;61.0;26.0
2022;Sudeste;MG;Belo Horizonte;1;1;1;1;1;2511.0;0.0;1839.0;338.0;0.0;314.0
2022;Sudeste;MG;Belo Horizonte;1;1;1;1;1;567.0;438.0;0.0;107.0;60.0;0.0
2022;Sudeste;MG;Belo Horizonte;4;0;0;1;1;179.0;114.0;57.0;24.0;21.0;13.0
2022;Sudeste;MG;Belo Horizonte;1;1;0;1;1;512.0;249.0;263.0;74.0;35.0;42.0
2022;Sudeste;MG;Belo Horizonte;4;0;1;1;1;385.0;242.0;0.0;32.0;19.0;0.0
2022;Sudeste;MG;Belo Horizonte;4;0;1;1;1;1227.0;1081.0;0.0;64.0;58.0;0.0
2022;Sudeste;MG;Betim;1;1;0;1;1;480.0;0.0;480.0;53.0;0.0;53.0
2022;Sudeste;MG;Bom Despacho;4;1;0;1;1;69.0;42.0;0.0;11.0;6.0;0.0
2022;Sudeste;MG;Bom Despacho;4;1;0;1;1;25.0;0.0;25.0;11.0;0.0;11.0
2022;Sudeste;MG;Bom Jardim de Minas;3;1;0;1;1;92.0;0.0;0.0;13.0;0.0;0.0
2022;Sudeste;MG;Bom Sucesso;1;1;0;0;1;84.0;0.0;0.0;13.0;0.0;0.0
2022;Sudeste;MG;Campina Verde;1;0;0;0;1;119.0;0.0;0.0;10.0;0.0;0.0
2022;Sudeste;MG;Capelinha;4;1;0;1;1;48.0;16.0;0.0;11.0;6.0;0.0
2022;Sudeste;MG;Carmo de Minas;1;1;1;1;1;872.0;0.0;176.0;22.0;0.0;17.0
2022;Sudeste;MG;Cataguases;1;1;0;1;1;94.0;0.0;0.0;7.0;0.0;0.0
2022;Sudeste;MG;Cataguases;4;1;1;1;1;151.0;132.0;0.0;21.0;15.0;0.0
2022;Sudeste;MG;Chapada Gacha;3;0;0;0;1;104.0;0.0;0.0;14.0;0.0;0.0
2022;Sudeste;MG;Chapada Gacha;3;0;0;0;1;112.0;0.0;0.0;8.0;0.0;0.0
2022;Sudeste;MG;Congonhal;3;1;0;0;1;218.0;0.0;0.0;17.0;0.0;0.0
2022;Sudeste;MG;Congonhas;1;1;1;1;1;794.0;0.0;300.0;63.0;0.0;52.0
2022;Sudeste;MG;Conselheiro Lafaiete;1;1;0;1;1;422.0;0.0;271.0;21.0;0.0;21.0
2022;Sudeste;MG;Contagem;1;0;1;1;1;299.0;0.0;299.0;33.0;0.0;33.0
2022;Sudeste;MG;Contagem;3;0;0;1;1;345.0;0.0;250.0;32.0;0.0;30.0
2022;Sudeste;MG;Contagem;4;1;1;1;1;1214.0;904.0;232.0;72.0;55.0;23.0
2022;Sudeste;MG;Contagem;4;1;0;1;1;1601.0;1336.0;265.0;75.0;67.0;25.0
2022;Sudeste;MG;Contagem;3;1;1;1;1;150.0;0.0;150.0;17.0;0.0;17.0
2022;Sudeste;MG;Contagem;3;1;0;1;1;391.0;0.0;391.0;32.0;0.0;32.0
2022;Sudeste;MG;Contagem;4;1;0;1;1;455.0;297.0;102.0;32.0;25.0;14.0
2022;Sudeste;MG;Contagem;3;1;1;1;1;503.0;0.0;503.0;39.0;0.0;39.0
2022;Sudeste;MG;Contagem;3;0;0;1;1;425.0;0.0;425.0;27.0;0.0;27.0
2022;Sudeste;MG;Contagem;3;0;1;1;1;264.0;0.0;264.0;19.0;0.0;19.0
2022;Sudeste;MG;Contagem;3;1;1;1;1;254.0;0.0;254.0;19.0;0.0;19.0
2022;Sudeste;MG;Contagem;4;1;0;1;1;132.0;100.0;0.0;15.0;12.0;0.0
2022;Sudeste;MG;Contagem;3;1;0;1;1;246.0;0.0;246.0;19.0;0.0;19.0
2022;Sudeste;MG;Contagem;4;1;0;1;1;68.0;0.0;0.0;4.0;0.0;0.0
2022;Sudeste;MG;Contagem;4;1;1;1;1;152.0;0.0;0.0;8.0;0.0;0.0
2022;Sudeste;MG;Contagem;3;1;0;0;1;153.0;0.0;153.0;12.0;0.0;12.0
2022;Sudeste;MG;Contagem;3;1;0;1;1;524.0;524.0;0.0;30.0;30.0;0.0
2022;Sudeste;MG;Curvelo;4;0;0;0;1;50.0;0.0;0.0;3.0;0.0;0.0
2022;Sudeste;MG;Curvelo;1;1;0;1;1;309.0;0.0;309.0;38.0;0.0;38.0
2022;Sudeste;MG;Diamantina;1;0;1;1;1;704.0;0.0;318.0;29.0;0.0;29.0
2022;Sudeste;MG;Divinpolis;1;1;0;1;1;482.0;0.0;327.0;62.0;0.0;59.0
2022;Sudeste;MG;Florestal;1;1;1;1;1;1115.0;0.0;249.0;61.0;0.0;52.0
2022;Sudeste;MG;Formiga;1;1;1;1;1;284.0;0.0;284.0;44.0;0.0;44.0
2022;Sudeste;MG;Fronteira;4;1;0;1;1;45.0;38.0;0.0;6.0;5.0;0.0
2022;Sudeste;MG;Governador Valadares;1;1;0;1;1;390.0;0.0;335.0;42.0;0.0;40.0
2022;Sudeste;MG;Guaxup;4;1;0;1;1;28.0;13.0;0.0;10.0;5.0;0.0
2022;Sudeste;MG;Ibirit;1;1;1;1;1;502.0;0.0;324.0;42.0;0.0;38.0
2022;Sudeste;MG;Ibirit;4;1;0;1;1;87.0;45.0;0.0;12.0;10.0;0.0
2022;Sudeste;MG;Inconfidentes;1;1;0;1;1;1003.0;0.0;646.0;85.0;0.0;84.0
2022;Sudeste;MG;Ipatinga;4;0;0;1;1;859.0;0.0;0.0;30.0;0.0;0.0
2022;Sudeste;MG;Ipatinga;1;1;1;1;1;218.0;0.0;218.0;18.0;0.0;18.0
2022;Sudeste;MG;Itabira;4;1;0;1;1;407.0;0.0;0.0;13.0;0.0;0.0
2022;Sudeste;MG;Itabira;4;1;0;0;1;33.0;0.0;0.0;;;
2022;Sudeste;MG;Itabirito;1;1;0;1;1;190.0;0.0;190.0;20.0;0.0;20.0
2022;Sudeste;MG;Itabirito;4;1;0;1;1;130.0;76.0;0.0;41.0;24.0;0.0
2022;Sudeste;MG;Itanhandu;4;1;0;1;1;43.0;25.0;0.0;8.0;4.0;0.0
2022;Sudeste;MG;Ituiutaba;1;0;0;1;1;634.0;0.0;461.0;64.0;0.0;62.0
2022;Sudeste;MG;Janaba;1;0;1;1;1;270.0;0.0;201.0;20.0;0.0;18.0
2022;Sudeste;MG;Januria;1;1;0;1;1;714.0;0.0;642.0;89.0;0.0;73.0
2022;Sudeste;MG;Juiz de Fora;1;1;1;1;1;943.0;0.0;567.0;140.0;0.0;109.0
2022;Sudeste;MG;Juiz de Fora;1;1;0;1;1;826.0;445.0;381.0;80.0;38.0;44.0
2022;Sudeste;MG;Leopoldina;1;1;1;1;1;391.0;0.0;304.0;59.0;0.0;56.0
2022;Sudeste;MG;Machado;1;1;0;1;1;951.0;0.0;653.0;86.0;0.0;68.0
2022;Sudeste;MG;Manhuau;1;1;0;1;1;61.0;0.0;0.0;15.0;0.0;0.0
2022;Sudeste;MG;Manhuau;4;0;0;1;1;97.0;0.0;0.0;6.0;0.0;0.0
2022;Sudeste;MG;Montes Claros;1;1;1;0;1;220.0;0.0;0.0;2.0;0.0;0.0
2022;Sudeste;MG;Montes Claros;2;0;1;0;1;718.0;0.0;0.0;27.0;0.0;0.0
2022;Sudeste;MG;Montes Claros;3;1;0;0;1;243.0;0.0;0.0;22.0;0.0;0.0
2022;Sudeste;MG;Montes Claros;3;0;0;0;1;237.0;0.0;0.0;12.0;0.0;0.0
2022;Sudeste;MG;Montes Claros;1;1;1;1;1;426.0;0.0;282.0;54.0;0.0;42.0
2022;Sudeste;MG;Muria;1;1;1;1;1;584.0;0.0;465.0;58.0;0.0;47.0
2022;Sudeste;MG;Muzambinho;1;1;1;1;1;2605.0;0.0;723.0;97.0;0.0;73.0
2022;Sudeste;MG;Nepomuceno;1;1;1;1;1;308.0;0.0;244.0;43.0;0.0;41.0
2022;Sudeste;MG;Nova Lima;4;0;0;1;1;48.0;48.0;0.0;3.0;3.0;0.0
2022;Sudeste;MG;Oliveira;4;1;0;1;1;231.0;152.0;48.0;36.0;26.0;17.0
2022;Sudeste;MG;Ouro Fino;4;1;0;1;1;77.0;24.0;0.0;12.0;4.0;0.0
2022;Sudeste;MG;Ouro Preto;1;1;1;1;1;1242.0;0.0;980.0;142.0;0.0;128.0
2022;Sudeste;MG;Paracatu;1;1;0;1;1;728.0;0.0;673.0;57.0;0.0;51.0
2022;Sudeste;MG;Paraopeba;4;1;0;1;1;85.0;82.0;0.0;12.0;11.0;0.0
2022;Sudeste;MG;Passos;1;1;0;1;1;447.0;0.0;282.0;54.0;0.0;41.0
2022;Sudeste;MG;Passos;4;1;1;0;1;138.0;0.0;0.0;36.0;0.0;0.0
2022;Sudeste;MG;Patos de Minas;1;1;0;1;1;463.0;0.0;352.0;38.0;0.0;38.0
2022;Sudeste;MG;Patrocnio;1;1;1;1;1;544.0;0.0;341.0;65.0;0.0;49.0
2022;Sudeste;MG;Peanha;4;1;0;0;1;56.0;18.0;0.0;11.0;3.0;0.0
2022;Sudeste;MG;Pirapora;1;1;0;1;1;536.0;0.0;383.0;53.0;0.0;47.0
2022;Sudeste;MG;Piumhi;1;1;0;1;1;180.0;0.0;180.0;19.0;0.0;19.0
2022;Sudeste;MG;Poos de Caldas;1;1;1;1;1;716.0;0.0;313.0;61.0;0.0;54.0
2022;Sudeste;MG;Poos de Caldas;4;1;0;1;1;86.0;54.0;0.0;10.0;8.0;0.0
2022;Sudeste;MG;Ponte Nova;1;1;1;1;1;275.0;0.0;275.0;18.0;0.0;18.0
2022;Sudeste;MG;Porteirinha;1;1;1;1;1;561.0;0.0;191.0;24.0;0.0;24.0
2022;Sudeste;MG;Pouso Alegre;1;1;0;1;1;1892.0;0.0;326.0;53.0;0.0;42.0
2022;Sudeste;MG;Pouso Alegre;4;1;0;1;1;144.0;123.0;0.0;23.0;20.0;0.0
2022;Sudeste;MG;Prados;4;1;0;1;1;29.0;13.0;0.0;3.0;2.0;0.0
2022;Sudeste;MG;Ribeiro das Neves;1;1;1;1;1;277.0;0.0;277.0;25.0;0.0;25.0
2022;Sudeste;MG;Rio Pomba;1;1;1;1;1;770.0;0.0;460.0;113.0;0.0;89.0
2022;Sudeste;MG;Rio Vermelho;4;1;0;1;1;30.0;24.0;0.0;3.0;2.0;0.0
2022;Sudeste;MG;Rodeiro;3;1;0;1;1;80.0;0.0;0.0;6.0;0.0;0.0
2022;Sudeste;MG;Sabar;1;1;1;1;1;314.0;0.0;312.0;42.0;0.0;41.0
2022;Sudeste;MG;Salinas;1;1;0;1;1;554.0;0.0;554.0;68.0;0.0;68.0
2022;Sudeste;MG;Santa Juliana;4;0;0;1;1;16.0;16.0;0.0;2.0;2.0;0.0
2022;Sudeste;MG;Santa Luzia;1;0;1;1;1;349.0;0.0;222.0;37.0;0.0;30.0
2022;Sudeste;MG;Santos Dumont;1;1;1;1;1;483.0;0.0;252.0;54.0;0.0;42.0
2022;Sudeste;MG;So Gonalo do Rio Abaixo;4;1;0;1;1;72.0;0.0;0.0;2.0;0.0;0.0
2022;Sudeste;MG;So Joo del Rei;1;1;1;1;1;377.0;0.0;151.0;50.0;0.0;25.0
2022;Sudeste;MG;So Joo Evangelista;1;1;1;1;1;621.0;0.0;567.0;64.0;0.0;60.0
2022;Sudeste;MG;Sapuca-Mirim;3;0;0;0;1;24.0;17.0;0.0;5.0;5.0;0.0
2022;Sudeste;MG;Sapuca-Mirim;3;1;0;0;1;21.0;11.0;0.0;4.0;3.0;0.0
2022;Sudeste;MG;Sapuca-Mirim;3;1;0;0;1;51.0;37.0;0.0;8.0;7.0;0.0
2022;Sudeste;MG;Sapuca-Mirim;3;1;0;0;1;60.0;50.0;0.0;13.0;13.0;0.0
2022;Sudeste;MG;Tefilo Otoni;1;1;1;1;1;589.0;0.0;119.0;23.0;0.0;22.0
2022;Sudeste;MG;Timteo;1;1;1;1;1;407.0;0.0;315.0;49.0;0.0;43.0
2022;Sudeste;MG;Trs Coraes;1;1;0;1;1;919.0;0.0;278.0;28.0;0.0;28.0
2022;Sudeste;MG;Ub;1;1;0;1;1;52.0;0.0;0.0;7.0;0.0;0.0
2022;Sudeste;MG;Ub;3;1;0;1;1;;;;;;
2022;Sudeste;MG;Uberaba;1;1;0;1;1;270.0;0.0;270.0;24.0;0.0;24.0
2022;Sudeste;MG;Uberaba;1;1;0;1;1;808.0;0.0;700.0;97.0;0.0;93.0
2022;Sudeste;MG;Uberaba;1;1;1;1;1;334.0;0.0;0.0;34.0;0.0;0.0
2022;Sudeste;MG;Uberlndia;1;0;1;1;1;362.0;0.0;287.0;37.0;0.0;33.0
2022;Sudeste;MG;Uberlndia;1;1;0;1;1;650.0;0.0;543.0;76.0;0.0;67.0
2022;Sudeste;MG;Uberlndia;1;1;1;1;1;427.0;0.0;0.0;35.0;0.0;0.0
2022;Sudeste;MG;Varginha;1;1;0;1;1;347.0;0.0;312.0;47.0;0.0;47.0
2022;Sudeste;MG;Viosa;1;1;1;1;1;473.0;0.0;473.0;34.0;0.0;34.0
2022;Sudeste;ES;Alegre;1;1;0;1;1;607.0;0.0;607.0;53.0;0.0;53.0
2022;Sudeste;ES;Alfredo Chaves;4;1;0;1;1;;;;;;
2022;Sudeste;ES;Aracruz;1;1;1;1;1;497.0;0.0;370.0;45.0;0.0;38.0
2022;Sudeste;ES;Barra de So Francisco;1;1;0;1;1;227.0;0.0;181.0;22.0;0.0;22.0
2022;Sudeste;ES;Brejetuba;3;1;0;1;1;116.0;116.0;0.0;8.0;8.0;0.0
2022;Sudeste;ES;Cachoeiro de Itapemirim;1;1;1;1;1;695.0;0.0;305.0;64.0;0.0;42.0
2022;Sudeste;ES;Cachoeiro de Itapemirim;4;0;0;1;1;50.0;31.0;19.0;10.0;9.0;10.0
2022;Sudeste;ES;Cachoeiro de Itapemirim;4;1;1;1;1;409.0;0.0;0.0;22.0;0.0;0.0
2022;Sudeste;ES;Cariacica;1;1;1;1;1;917.0;0.0;542.0;72.0;0.0;65.0
2022;Sudeste;ES;Colatina;1;1;1;1;1;557.0;0.0;540.0;72.0;0.0;70.0
2022;Sudeste;ES;Colatina;1;1;0;1;1;654.0;0.0;626.0;62.0;0.0;61.0
2022;Sudeste;ES;Guarapari;1;1;1;1;1;860.0;0.0;417.0;58.0;0.0;49.0
2022;Sudeste;ES;Ibatiba;1;1;1;1;1;417.0;0.0;417.0;41.0;0.0;41.0
2022;Sudeste;ES;Linhares;1;1;0;1;1;682.0;0.0;543.0;53.0;0.0;50.0
2022;Sudeste;ES;Montanha;1;1;1;1;1;437.0;0.0;437.0;30.0;0.0;30.0
2022;Sudeste;ES;Nova Vencia;1;1;1;1;1;474.0;0.0;378.0;46.0;0.0;43.0
2022;Sudeste;ES;Pima;1;1;1;1;1;495.0;0.0;495.0;41.0;0.0;41.0
2022;Sudeste;ES;Santa Maria de Jetib;1;1;0;1;1;293.0;0.0;293.0;28.0;0.0;28.0
2022;Sudeste;ES;Santa Teresa;1;1;1;1;1;564.0;0.0;564.0;56.0;0.0;56.0
2022;Sudeste;ES;So Mateus;1;1;1;1;1;385.0;0.0;246.0;50.0;0.0;38.0
2022;Sudeste;ES;Serra;1;1;0;1;1;815.0;0.0;256.0;61.0;0.0;36.0
2022;Sudeste;ES;Sooretama;3;0;0;1;1;751.0;751.0;0.0;46.0;46.0;0.0
2022;Sudeste;ES;Venda Nova do Imigrante;1;1;0;1;1;544.0;0.0;544.0;51.0;0.0;51.0
2022;Sudeste;ES;Viana;1;1;0;1;1;215.0;0.0;215.0;21.0;0.0;21.0
2022;Sudeste;ES;Vila Velha;2;1;1;1;1;1008.0;0.0;0.0;95.0;0.0;0.0
2022;Sudeste;ES;Vila Velha;1;1;1;1;1;339.0;0.0;245.0;43.0;0.0;33.0
2022;Sudeste;ES;Vitria;1;1;1;1;1;2267.0;0.0;855.0;244.0;0.0;136.0
2022;Sudeste;ES;Vitria;1;1;1;1;1;130.0;0.0;0.0;6.0;0.0;0.0
2022;Sudeste;RJ;Angra dos Reis;4;1;1;1;1;;;;;;
2022;Sudeste;RJ;Angra dos Reis;1;0;0;1;1;177.0;0.0;0.0;19.0;0.0;0.0
2022;Sudeste;RJ;Arraial do Cabo;1;1;0;1;1;422.0;0.0;395.0;44.0;0.0;44.0
2022;Sudeste;RJ;Barra do Pira;3;0;0;0;1;53.0;0.0;0.0;4.0;0.0;0.0
2022;Sudeste;RJ;Belford Roxo;3;1;0;1;1;135.0;0.0;0.0;13.0;0.0;0.0
2022;Sudeste;RJ;Belford Roxo;3;1;0;1;1;852.0;729.0;0.0;59.0;45.0;0.0
2022;Sudeste;RJ;Belford Roxo;3;1;0;1;1;784.0;683.0;0.0;27.0;26.0;0.0
2022;Sudeste;RJ;Belford Roxo;3;0;0;0;1;189.0;0.0;0.0;9.0;0.0;0.0
2022;Sudeste;RJ;Belford Roxo;1;0;0;1;1;133.0;0.0;0.0;16.0;0.0;0.0
2022;Sudeste;RJ;Belford Roxo;3;0;0;1;1;57.0;7.0;0.0;7.0;3.0;0.0
2022;Sudeste;RJ;Belford Roxo;3;0;0;1;1;217.0;0.0;0.0;10.0;0.0;0.0
2022;Sudeste;RJ;Bom Jardim;2;0;1;1;1;11.0;0.0;0.0;6.0;0.0;0.0
2022;Sudeste;RJ;Bom Jesus do Itabapoana;1;1;1;1;1;822.0;0.0;666.0;74.0;0.0;74.0
2022;Sudeste;RJ;Cabo Frio;4;0;0;0;1;582.0;347.0;162.0;43.0;27.0;21.0
2022;Sudeste;RJ;Cabo Frio;4;0;0;0;1;46.0;0.0;0.0;3.0;0.0;0.0
2022;Sudeste;RJ;Cabo Frio;1;1;0;1;1;608.0;0.0;330.0;60.0;0.0;51.0
2022;Sudeste;RJ;Cambuci;1;0;0;1;1;134.0;0.0;105.0;20.0;0.0;20.0
2022;Sudeste;RJ;Campos dos Goytacazes;2;0;1;1;1;595.0;0.0;413.0;78.0;0.0;69.0
2022;Sudeste;RJ;Campos dos Goytacazes;1;1;1;1;1;2765.0;0.0;857.0;211.0;0.0;135.0
2022;Sudeste;RJ;Campos dos Goytacazes;2;1;0;1;1;1312.0;880.0;210.0;76.0;50.0;35.0
2022;Sudeste;RJ;Campos dos Goytacazes;1;1;0;1;1;992.0;0.0;386.0;79.0;0.0;55.0
2022;Sudeste;RJ;Conceio de Macabu;4;1;0;1;1;299.0;0.0;0.0;5.0;0.0;0.0
2022;Sudeste;RJ;Duque de Caxias;2;1;0;1;1;191.0;0.0;111.0;49.0;0.0;35.0
2022;Sudeste;RJ;Duque de Caxias;4;0;0;1;1;1.0;0.0;0.0;2.0;0.0;0.0
2022;Sudeste;RJ;Duque de Caxias;2;0;0;1;1;16.0;0.0;0.0;1.0;0.0;0.0
2022;Sudeste;RJ;Duque de Caxias;1;1;1;1;1;483.0;0.0;362.0;57.0;0.0;56.0
2022;Sudeste;RJ;Duque de Caxias;1;1;0;1;1;836.0;0.0;570.0;93.0;0.0;81.0
2022;Sudeste;RJ;Engenheiro Paulo de Frontin;1;0;1;0;1;179.0;0.0;179.0;23.0;0.0;23.0
2022;Sudeste;RJ;Guapimirim;3;1;0;1;1;206.0;186.0;0.0;19.0;18.0;0.0
2022;Sudeste;RJ;Itabora;1;1;0;1;1;328.0;0.0;0.0;4.0;0.0;0.0
2022;Sudeste;RJ;Itagua;4;0;0;1;1;159.0;117.0;0.0;14.0;11.0;0.0
2022;Sudeste;RJ;Itagua;1;1;0;1;1;215.0;0.0;197.0;22.0;0.0;17.0
2022;Sudeste;RJ;Itaocara;4;1;0;0;1;376.0;233.0;76.0;36.0;22.0;18.0
2022;Sudeste;RJ;Itaperuna;1;1;1;1;1;752.0;0.0;461.0;70.0;0.0;65.0
2022;Sudeste;RJ;Japeri;4;1;0;1;1;;;;;;
2022;Sudeste;RJ;Maca;1;1;1;1;1;1113.0;0.0;710.0;103.0;0.0;88.0
2022;Sudeste;RJ;Maca;4;1;0;1;1;39.0;39.0;0.0;6.0;6.0;0.0
2022;Sudeste;RJ;Mag;4;0;0;1;1;34.0;24.0;0.0;5.0;3.0;0.0
2022;Sudeste;RJ;Maric;1;1;0;1;1;279.0;0.0;263.0;29.0;0.0;29.0
2022;Sudeste;RJ;Miguel Pereira;3;1;0;0;1;200.0;200.0;0.0;15.0;15.0;0.0
2022;Sudeste;RJ;Nilpolis;1;1;1;1;1;684.0;0.0;582.0;127.0;0.0;111.0
2022;Sudeste;RJ;Nilpolis;2;1;0;1;1;13.0;0.0;13.0;3.0;0.0;3.0
2022;Sudeste;RJ;Niteri;4;1;1;1;1;745.0;455.0;182.0;69.0;47.0;31.0
2022;Sudeste;RJ;Niteri;4;1;1;1;1;1642.0;1128.0;245.0;121.0;89.0;35.0
2022;Sudeste;RJ;Niteri;4;1;0;0;1;134.0;54.0;45.0;9.0;7.0;9.0
2022;Sudeste;RJ;Niteri;2;0;1;1;1;661.0;0.0;525.0;118.0;0.0;98.0
2022;Sudeste;RJ;Niteri;2;1;0;0;1;254.0;254.0;0.0;28.0;28.0;0.0
2022;Sudeste;RJ;Niteri;1;0;1;1;1;546.0;0.0;492.0;53.0;0.0;48.0
2022;Sudeste;RJ;Niteri;1;1;1;1;1;375.0;0.0;327.0;39.0;0.0;39.0
2022;Sudeste;RJ;Nova Friburgo;4;1;1;1;1;526.0;0.0;0.0;11.0;0.0;0.0
2022;Sudeste;RJ;Nova Friburgo;4;1;1;1;1;43.0;0.0;0.0;2.0;0.0;0.0
2022;Sudeste;RJ;Nova Friburgo;1;1;0;1;1;128.0;0.0;128.0;27.0;0.0;27.0
2022;Sudeste;RJ;Nova Iguau;2;1;0;1;1;540.0;0.0;476.0;65.0;0.0;52.0
2022;Sudeste;RJ;Nova Iguau;1;1;0;1;1;325.0;0.0;325.0;44.0;0.0;44.0
2022;Sudeste;RJ;Nova Iguau;2;1;1;1;1;122.0;0.0;0.0;15.0;0.0;0.0
2022;Sudeste;RJ;Paracambi;2;1;0;1;1;48.0;0.0;0.0;17.0;0.0;0.0
2022;Sudeste;RJ;Paracambi;1;0;1;1;1;759.0;0.0;759.0;66.0;0.0;66.0
2022;Sudeste;RJ;Petrpolis;3;0;0;1;1;106.0;0.0;0.0;9.0;0.0;0.0
2022;Sudeste;RJ;Petrpolis;4;1;1;1;1;866.0;502.0;304.0;43.0;32.0;26.0
2022;Sudeste;RJ;Petrpolis;4;1;0;1;1;58.0;58.0;0.0;3.0;3.0;0.0
2022;Sudeste;RJ;Petrpolis;2;1;1;1;1;43.0;0.0;0.0;9.0;0.0;0.0
2022;Sudeste;RJ;Petrpolis;3;1;0;1;1;;;;;;
2022;Sudeste;RJ;Petrpolis;1;1;1;1;1;80.0;0.0;80.0;18.0;0.0;18.0
2022;Sudeste;RJ;Pinheiral;1;1;0;1;1;542.0;0.0;409.0;79.0;0.0;77.0
2022;Sudeste;RJ;Queimados;4;0;0;1;1;24.0;21.0;0.0;4.0;3.0;0.0
2022;Sudeste;RJ;Quissam;1;1;0;1;1;488.0;0.0;293.0;36.0;0.0;31.0
2022;Sudeste;RJ;Resende;2;1;0;1;1;55.0;0.0;0.0;12.0;0.0;0.0
2022;Sudeste;RJ;Resende;1;1;0;1;1;123.0;0.0;46.0;23.0;0.0;20.0
2022;Sudeste;RJ;Rio de Janeiro;1;0;1;1;1;894.0;368.0;389.0;80.0;40.0;49.0
2022;Sudeste;RJ;Rio de Janeiro;4;1;0;1;1;987.0;735.0;201.0;88.0;59.0;28.0
2022;Sudeste;RJ;Rio de Janeiro;1;1;1;1;1;1264.0;678.0;586.0;106.0;64.0;61.0
2022;Sudeste;RJ;Rio de Janeiro;4;1;1;1;1;322.0;203.0;76.0;51.0;29.0;22.0
2022;Sudeste;RJ;Rio de Janeiro;1;1;0;1;1;755.0;445.0;253.0;157.0;95.0;62.0
2022;Sudeste;RJ;Rio de Janeiro;1;1;1;1;1;1103.0;1103.0;0.0;78.0;78.0;0.0
2022;Sudeste;RJ;Rio de Janeiro;2;1;1;0;1;1095.0;752.0;343.0;192.0;138.0;96.0
2022;Sudeste;RJ;Rio de Janeiro;2;0;0;0;1;880.0;0.0;686.0;129.0;0.0;103.0
2022;Sudeste;RJ;Rio de Janeiro;1;1;1;1;1;1193.0;543.0;570.0;116.0;61.0;84.0
2022;Sudeste;RJ;Rio de Janeiro;1;0;1;1;1;1100.0;0.0;973.0;207.0;0.0;192.0
2022;Sudeste;RJ;Rio de Janeiro;2;0;1;1;1;331.0;0.0;301.0;75.0;0.0;68.0
2022;Sudeste;RJ;Rio de Janeiro;1;1;1;1;1;1122.0;510.0;493.0;99.0;53.0;61.0
2022;Sudeste;RJ;Rio de Janeiro;2;1;0;1;1;561.0;0.0;428.0;57.0;0.0;57.0
2022;Sudeste;RJ;Rio de Janeiro;2;0;1;1;1;1352.0;0.0;1179.0;178.0;0.0;156.0
2022;Sudeste;RJ;Rio de Janeiro;2;1;0;1;1;676.0;0.0;391.0;92.0;0.0;74.0
2022;Sudeste;RJ;Rio de Janeiro;4;1;0;0;1;817.0;582.0;147.0;75.0;43.0;36.0
2022;Sudeste;RJ;Rio de Janeiro;4;0;0;0;1;492.0;359.0;72.0;29.0;23.0;14.0
2022;Sudeste;RJ;Rio de Janeiro;2;1;1;1;1;486.0;0.0;463.0;114.0;0.0;108.0
2022;Sudeste;RJ;Rio de Janeiro;2;1;1;1;1;796.0;0.0;687.0;94.0;0.0;78.0
2022;Sudeste;RJ;Rio de Janeiro;2;0;0;0;1;411.0;411.0;0.0;65.0;65.0;0.0
2022;Sudeste;RJ;Rio de Janeiro;1;1;0;0;1;1572.0;720.0;852.0;46.0;28.0;19.0
2022;Sudeste;RJ;Rio de Janeiro;1;0;1;1;1;587.0;0.0;368.0;61.0;0.0;50.0
2022;Sudeste;RJ;Rio de Janeiro;1;1;1;1;1;1031.0;0.0;1031.0;108.0;0.0;108.0
2022;Sudeste;RJ;Rio de Janeiro;2;0;1;1;1;183.0;0.0;0.0;18.0;0.0;0.0
2022;Sudeste;RJ;Rio de Janeiro;2;0;0;1;1;129.0;0.0;0.0;20.0;0.0;0.0
2022;Sudeste;RJ;Rio de Janeiro;4;0;0;1;1;57.0;39.0;0.0;7.0;4.0;0.0
2022;Sudeste;RJ;Rio de Janeiro;2;0;0;1;1;215.0;0.0;0.0;33.0;0.0;0.0
2022;Sudeste;RJ;Rio de Janeiro;1;1;1;1;1;1591.0;562.0;798.0;151.0;63.0;105.0
2022;Sudeste;RJ;Rio de Janeiro;2;0;0;0;1;43.0;0.0;0.0;10.0;0.0;0.0
2022;Sudeste;RJ;Rio de Janeiro;2;1;0;1;1;440.0;0.0;0.0;54.0;0.0;0.0
2022;Sudeste;RJ;Rio de Janeiro;2;1;0;1;1;372.0;0.0;0.0;42.0;0.0;0.0
2022;Sudeste;RJ;Rio de Janeiro;4;1;0;1;1;143.0;102.0;0.0;16.0;12.0;0.0
2022;Sudeste;RJ;Rio de Janeiro;2;0;0;1;1;38.0;0.0;0.0;11.0;0.0;0.0
2022;Sudeste;RJ;Rio de Janeiro;4;1;0;1;1;558.0;394.0;0.0;24.0;17.0;0.0
2022;Sudeste;RJ;Rio de Janeiro;2;0;0;1;1;60.0;0.0;0.0;18.0;0.0;0.0
2022;Sudeste;RJ;Rio de Janeiro;1;0;0;1;1;107.0;0.0;0.0;21.0;0.0;0.0
2022;Sudeste;RJ;Rio de Janeiro;1;1;0;1;1;301.0;0.0;190.0;45.0;0.0;37.0
2022;Sudeste;RJ;Santo Antnio de Pdua;2;1;0;1;1;69.0;0.0;0.0;10.0;0.0;0.0
2022;Sudeste;RJ;Santo Antnio de Pdua;1;1;0;1;1;333.0;0.0;241.0;30.0;0.0;26.0
2022;Sudeste;RJ;So Francisco de Itabapoana;4;1;0;1;1;;;;;;
2022;Sudeste;RJ;So Fidlis;4;1;1;1;1;;;;;;
2022;Sudeste;RJ;So Gonalo;1;1;0;0;1;587.0;0.0;412.0;53.0;0.0;50.0
2022;Sudeste;RJ;So Joo da Barra;1;1;0;1;1;645.0;0.0;159.0;28.0;0.0;23.0
2022;Sudeste;RJ;So Joo de Meriti;4;0;0;1;1;64.0;8.0;0.0;9.0;4.0;0.0
2022;Sudeste;RJ;So Joo de Meriti;1;1;0;0;1;281.0;0.0;0.0;27.0;0.0;0.0
2022;Sudeste;RJ;Saquarema;2;1;0;1;1;470.0;0.0;387.0;67.0;0.0;57.0
2022;Sudeste;RJ;Seropdica;1;0;0;1;1;914.0;0.0;457.0;56.0;0.0;43.0
2022;Sudeste;RJ;Trs Rios;3;1;0;1;1;371.0;0.0;0.0;15.0;0.0;0.0
2022;Sudeste;RJ;Trs Rios;3;0;0;1;1;383.0;0.0;0.0;13.0;0.0;0.0
2022;Sudeste;RJ;Trs Rios;2;1;0;1;1;65.0;0.0;0.0;7.0;0.0;0.0
2022;Sudeste;RJ;Trs Rios;4;1;1;1;1;69.0;0.0;69.0;12.0;0.0;12.0
2022;Sudeste;RJ;Valena;1;0;0;1;1;122.0;0.0;122.0;28.0;0.0;28.0
2022;Sudeste;RJ;Vassouras;3;0;0;0;1;160.0;160.0;0.0;13.0;13.0;0.0
2022;Sudeste;RJ;Vassouras;3;0;0;0;1;51.0;0.0;0.0;3.0;0.0;0.0
2022;Sudeste;RJ;Vassouras;3;1;0;0;1;51.0;0.0;0.0;2.0;0.0;0.0
2022;Sudeste;RJ;Vassouras;3;0;0;0;1;35.0;0.0;0.0;3.0;0.0;0.0
2022;Sudeste;RJ;Volta Redonda;2;1;0;1;1;65.0;0.0;0.0;11.0;0.0;0.0
2022;Sudeste;RJ;Volta Redonda;2;1;1;1;1;262.0;0.0;217.0;42.0;0.0;40.0
2022;Sudeste;RJ;Volta Redonda;4;1;1;1;1;301.0;0.0;301.0;25.0;0.0;25.0
2022;Sudeste;RJ;Volta Redonda;1;1;1;1;1;455.0;0.0;353.0;53.0;0.0;48.0
2022;Sudeste;SP;Araatuba;4;1;0;1;1;217.0;217.0;0.0;30.0;30.0;0.0
2022;Sudeste;SP;Araraquara;1;1;1;1;1;458.0;0.0;291.0;61.0;0.0;48.0
2022;Sudeste;SP;Artur Nogueira;4;0;0;0;1;634.0;598.0;0.0;30.0;28.0;0.0
2022;Sudeste;SP;Avar;1;1;0;1;1;451.0;0.0;328.0;50.0;0.0;47.0
2022;Sudeste;SP;Barretos;1;1;0;1;1;566.0;0.0;539.0;58.0;0.0;52.0
2022;Sudeste;SP;Barueri;3;1;0;1;1;75.0;0.0;0.0;65.0;0.0;0.0
2022;Sudeste;SP;Barueri;3;0;0;0;1;2845.0;0.0;2498.0;137.0;0.0;121.0
2022;Sudeste;SP;Barueri;3;0;0;1;1;359.0;0.0;0.0;12.0;0.0;0.0
2022;Sudeste;SP;Batatais;4;0;0;1;1;83.0;35.0;0.0;10.0;7.0;0.0
2022;Sudeste;SP;Bauru;4;0;0;1;1;67.0;67.0;0.0;5.0;5.0;0.0
2022;Sudeste;SP;Birigui;1;1;0;1;1;377.0;0.0;236.0;55.0;0.0;31.0
2022;Sudeste;SP;Boituva;3;1;0;1;1;;;;;;
2022;Sudeste;SP;Boituva;1;1;1;1;1;538.0;0.0;224.0;61.0;0.0;35.0
2022;Sudeste;SP;Bragana Paulista;1;1;1;1;1;490.0;0.0;337.0;56.0;0.0;47.0
2022;Sudeste;SP;Bragana Paulista;4;1;1;1;1;273.0;176.0;0.0;13.0;8.0;0.0
2022;Sudeste;SP;Campinas;4;0;0;1;1;188.0;188.0;0.0;13.0;13.0;0.0
2022;Sudeste;SP;Campinas;3;0;1;1;1;401.0;0.0;0.0;52.0;0.0;0.0
2022;Sudeste;SP;Campinas;3;1;0;0;1;438.0;0.0;0.0;47.0;0.0;0.0
2022;Sudeste;SP;Campinas;1;1;1;1;1;570.0;0.0;261.0;58.0;0.0;44.0
2022;Sudeste;SP;Campinas;4;1;0;1;1;151.0;0.0;0.0;17.0;0.0;0.0
2022;Sudeste;SP;Campos do Jordo;1;1;0;1;1;269.0;0.0;209.0;41.0;0.0;33.0
2022;Sudeste;SP;Capo Bonito;4;1;0;1;1;69.0;69.0;0.0;8.0;8.0;0.0
2022;Sudeste;SP;Capivari;1;0;1;1;1;336.0;0.0;217.0;53.0;0.0;42.0
2022;Sudeste;SP;Caraguatatuba;1;1;0;1;1;760.0;0.0;113.0;44.0;0.0;18.0
2022;Sudeste;SP;Catanduva;1;1;0;1;1;374.0;0.0;341.0;56.0;0.0;50.0
2022;Sudeste;SP;Cotia;4;1;0;1;1;146.0;0.0;0.0;11.0;0.0;0.0
2022;Sudeste;SP;Cotia;3;0;0;1;1;791.0;0.0;0.0;51.0;0.0;0.0
2022;Sudeste;SP;Cubato;1;1;0;1;1;601.0;0.0;477.0;66.0;0.0;53.0
2022;Sudeste;SP;Diadema;4;0;0;0;1;601.0;0.0;0.0;28.0;0.0;0.0
2022;Sudeste;SP;Embu das Artes;4;0;0;1;1;100.0;100.0;0.0;15.0;15.0;0.0
2022;Sudeste;SP;Gara;4;1;0;1;1;56.0;0.0;0.0;6.0;0.0;0.0
2022;Sudeste;SP;Guaratinguet;4;1;1;1;1;266.0;244.0;0.0;22.0;21.0;0.0
2022;Sudeste;SP;Guarulhos;4;1;0;1;1;364.0;0.0;0.0;17.0;0.0;0.0
2022;Sudeste;SP;Guarulhos;1;1;0;1;1;454.0;0.0;303.0;52.0;0.0;39.0
2022;Sudeste;SP;Holambra;4;1;0;1;1;;;;;;
2022;Sudeste;SP;Hortolndia;1;1;1;1;1;454.0;0.0;285.0;57.0;0.0;46.0
2022;Sudeste;SP;Ilha Solteira;1;0;0;0;1;193.0;0.0;183.0;21.0;0.0;21.0
2022;Sudeste;SP;Itapetininga;1;1;1;1;1;416.0;0.0;287.0;60.0;0.0;48.0
2022;Sudeste;SP;Itaquaquecetuba;1;1;0;1;1;359.0;0.0;233.0;42.0;0.0;37.0
2022;Sudeste;SP;Itaquaquecetuba;4;1;0;0;1;437.0;297.0;89.0;21.0;18.0;10.0
2022;Sudeste;SP;Jacare;1;1;0;1;1;632.0;0.0;269.0;66.0;0.0;49.0
2022;Sudeste;SP;Jandira;4;0;1;1;1;333.0;0.0;0.0;13.0;0.0;0.0
2022;Sudeste;SP;Jardinpolis;4;0;0;1;1;38.0;38.0;0.0;5.0;5.0;0.0
2022;Sudeste;SP;Jundia;1;1;1;1;1;231.0;0.0;178.0;25.0;0.0;23.0
2022;Sudeste;SP;Mato;1;1;0;1;1;346.0;0.0;294.0;54.0;0.0;46.0
2022;Sudeste;SP;Mogi das Cruzes;4;0;0;1;1;190.0;135.0;0.0;24.0;20.0;0.0
2022;Sudeste;SP;Monte Mor;2;0;0;1;1;533.0;0.0;366.0;37.0;0.0;22.0
2022;Sudeste;SP;Paulnia;4;1;0;1;1;54.0;0.0;0.0;3.0;0.0;0.0
2022;Sudeste;SP;Pereira Barreto;4;1;0;1;1;82.0;77.0;0.0;8.0;8.0;0.0
2022;Sudeste;SP;Piracicaba;1;1;1;1;1;351.0;0.0;286.0;46.0;0.0;41.0
2022;Sudeste;SP;Pontal;4;1;0;1;1;312.0;0.0;0.0;7.0;0.0;0.0
2022;Sudeste;SP;Presidente Epitcio;1;1;0;1;1;448.0;0.0;210.0;58.0;0.0;41.0
2022;Sudeste;SP;Presidente Prudente;3;0;1;1;1;18.0;0.0;0.0;18.0;0.0;0.0
2022;Sudeste;SP;Registro;1;1;0;1;1;497.0;0.0;327.0;58.0;0.0;55.0
2022;Sudeste;SP;Salto;4;1;0;1;1;366.0;0.0;0.0;19.0;0.0;0.0
2022;Sudeste;SP;Salto;1;1;0;1;1;376.0;0.0;216.0;52.0;0.0;34.0
2022;Sudeste;SP;Santa Rosa de Viterbo;4;0;0;0;1;66.0;47.0;0.0;8.0;7.0;0.0
2022;Sudeste;SP;Santo Andr;3;1;0;1;1;250.0;0.0;0.0;32.0;0.0;0.0
2022;Sudeste;SP;Santo Andr;3;1;0;0;1;194.0;0.0;0.0;27.0;0.0;0.0
2022;Sudeste;SP;Santo Andr;3;1;1;1;1;319.0;0.0;0.0;23.0;0.0;0.0
2022;Sudeste;SP;Santo Andr;3;0;0;0;1;298.0;0.0;0.0;18.0;0.0;0.0
2022;Sudeste;SP;Santo Andr;3;0;1;1;1;247.0;0.0;0.0;17.0;0.0;0.0
2022;Sudeste;SP;Santo Andr;3;0;1;1;1;250.0;0.0;0.0;23.0;0.0;0.0
2022;Sudeste;SP;Santo Andr;3;0;0;0;1;151.0;0.0;0.0;22.0;0.0;0.0
2022;Sudeste;SP;Santo Andr;3;0;1;0;1;278.0;0.0;0.0;16.0;0.0;0.0
2022;Sudeste;SP;Santo Andr;3;0;1;1;1;234.0;0.0;0.0;14.0;0.0;0.0
2022;Sudeste;SP;Santo Andr;3;0;0;0;1;212.0;0.0;0.0;11.0;0.0;0.0
2022;Sudeste;SP;Santo Andr;3;0;0;0;1;203.0;0.0;0.0;25.0;0.0;0.0
2022;Sudeste;SP;Santo Andr;3;0;0;1;1;214.0;0.0;0.0;12.0;0.0;0.0
2022;Sudeste;SP;Santo Andr;3;1;0;0;1;275.0;0.0;0.0;42.0;0.0;0.0
2022;Sudeste;SP;Santo Andr;3;0;0;0;1;235.0;0.0;0.0;31.0;0.0;0.0
2022;Sudeste;SP;Santo Andr;3;0;0;0;1;287.0;0.0;0.0;46.0;0.0;0.0
2022;Sudeste;SP;Santo Andr;3;1;0;0;1;98.0;0.0;0.0;6.0;0.0;0.0
2022;Sudeste;SP;Santo Andr;3;0;0;0;1;141.0;0.0;0.0;12.0;0.0;0.0
2022;Sudeste;SP;Santo Andr;3;0;0;0;1;213.0;0.0;0.0;14.0;0.0;0.0
2022;Sudeste;SP;Santo Andr;3;0;0;0;1;151.0;0.0;0.0;10.0;0.0;0.0
2022;Sudeste;SP;Santo Andr;3;1;0;1;1;234.0;0.0;0.0;14.0;0.0;0.0
2022;Sudeste;SP;Santo Andr;3;0;0;0;1;299.0;0.0;0.0;16.0;0.0;0.0
2022;Sudeste;SP;Santo Andr;3;0;0;0;1;170.0;0.0;0.0;10.0;0.0;0.0
2022;Sudeste;SP;Santo Andr;3;0;0;0;1;208.0;0.0;0.0;12.0;0.0;0.0
2022;Sudeste;SP;Santo Andr;3;1;0;0;1;145.0;0.0;0.0;10.0;0.0;0.0
2022;Sudeste;SP;Santo Andr;3;0;0;0;1;183.0;0.0;0.0;15.0;0.0;0.0
2022;Sudeste;SP;Santo Andr;3;0;0;0;1;246.0;0.0;0.0;14.0;0.0;0.0
2022;Sudeste;SP;Santo Andr;3;1;0;1;1;207.0;0.0;0.0;12.0;0.0;0.0
2022;Sudeste;SP;Santo Andr;3;1;0;1;1;275.0;0.0;0.0;17.0;0.0;0.0
2022;Sudeste;SP;Santo Andr;3;0;0;1;1;192.0;0.0;0.0;12.0;0.0;0.0
2022;Sudeste;SP;Santo Andr;3;0;0;1;1;232.0;0.0;0.0;14.0;0.0;0.0
2022;Sudeste;SP;Santo Andr;3;0;0;0;1;132.0;0.0;0.0;9.0;0.0;0.0
2022;Sudeste;SP;Santo Andr;3;0;0;0;1;271.0;0.0;0.0;43.0;0.0;0.0
2022;Sudeste;SP;Santo Andr;3;0;0;0;1;162.0;0.0;0.0;16.0;0.0;0.0
2022;Sudeste;SP;Santo Andr;3;0;0;1;1;60.0;0.0;0.0;6.0;0.0;0.0
2022;Sudeste;SP;Santo Andr;4;0;0;1;1;48.0;48.0;0.0;5.0;5.0;0.0
2022;Sudeste;SP;Santo Andr;3;0;0;1;1;224.0;0.0;0.0;16.0;0.0;0.0
2022;Sudeste;SP;Santo Andr;4;1;0;1;1;330.0;0.0;0.0;40.0;0.0;0.0
2022;Sudeste;SP;Santo Andr;4;0;0;0;1;74.0;0.0;0.0;9.0;0.0;0.0
2022;Sudeste;SP;Santos;4;1;0;1;1;284.0;284.0;0.0;14.0;14.0;0.0
2022;Sudeste;SP;Santos;4;1;0;1;1;47.0;47.0;0.0;8.0;8.0;0.0
2022;Sudeste;SP;Santos;4;1;0;1;1;48.0;48.0;0.0;7.0;7.0;0.0
2022;Sudeste;SP;Santos;4;1;1;1;1;160.0;19.0;81.0;17.0;13.0;16.0
2022;Sudeste;SP;Santos;4;1;1;1;1;62.0;62.0;0.0;3.0;3.0;0.0
2022;Sudeste;SP;So Bernardo do Campo;3;1;0;1;1;354.0;0.0;0.0;20.0;0.0;0.0
2022;Sudeste;SP;So Bernardo do Campo;3;1;1;1;1;1366.0;0.0;0.0;123.0;0.0;0.0
2022;Sudeste;SP;So Caetano do Sul;3;1;1;1;1;1579.0;0.0;1579.0;60.0;0.0;60.0
2022;Sudeste;SP;So Carlos;1;1;1;1;1;374.0;0.0;260.0;53.0;0.0;35.0
2022;Sudeste;SP;So Joo da Boa Vista;1;1;1;1;1;512.0;0.0;271.0;66.0;0.0;47.0
2022;Sudeste;SP;So Jos do Rio Pardo;4;0;0;1;1;193.0;171.0;0.0;24.0;24.0;0.0
2022;Sudeste;SP;So Jos do Rio Preto;4;0;0;0;1;117.0;0.0;0.0;8.0;0.0;0.0
2022;Sudeste;SP;So Jos do Rio Preto;4;0;0;0;1;117.0;93.0;0.0;18.0;16.0;0.0
2022;Sudeste;SP;So Jos dos Campos;3;0;1;1;1;550.0;0.0;0.0;57.0;0.0;0.0
2022;Sudeste;SP;So Jos dos Campos;1;0;0;1;1;418.0;0.0;226.0;44.0;0.0;23.0
2022;Sudeste;SP;So Paulo;1;1;0;1;1;467.0;0.0;351.0;61.0;0.0;54.0
2022;Sudeste;SP;So Paulo;1;0;1;1;1;303.0;0.0;289.0;21.0;0.0;21.0
2022;Sudeste;SP;So Paulo;4;0;0;0;1;325.0;223.0;102.0;16.0;13.0;11.0
2022;Sudeste;SP;So Paulo;4;1;1;1;1;3155.0;1684.0;726.0;226.0;120.0;45.0
2022;Sudeste;SP;So Paulo;4;0;0;0;1;588.0;497.0;0.0;26.0;21.0;0.0
2022;Sudeste;SP;So Paulo;4;1;0;0;1;82.0;82.0;0.0;7.0;7.0;0.0
2022;Sudeste;SP;So Paulo;4;0;0;0;1;12.0;11.0;0.0;8.0;7.0;0.0
2022;Sudeste;SP;So Paulo;4;1;0;0;1;1034.0;690.0;144.0;42.0;28.0;13.0
2022;Sudeste;SP;So Paulo;4;1;0;1;1;750.0;0.0;0.0;16.0;0.0;0.0
2022;Sudeste;SP;So Paulo;2;0;0;0;1;1472.0;0.0;379.0;68.0;0.0;29.0
2022;Sudeste;SP;So Paulo;4;0;0;1;1;111.0;111.0;0.0;5.0;5.0;0.0
2022;Sudeste;SP;So Paulo;1;1;0;1;1;1367.0;0.0;989.0;222.0;0.0;179.0
2022;Sudeste;SP;So Roque;1;1;0;1;1;335.0;0.0;335.0;44.0;0.0;44.0
2022;Sudeste;SP;So Vicente;3;0;0;1;1;1444.0;1223.0;0.0;60.0;55.0;0.0
2022;Sudeste;SP;Sertozinho;1;1;1;1;1;481.0;0.0;305.0;74.0;0.0;47.0
2022;Sudeste;SP;Socorro;4;1;0;1;1;56.0;56.0;0.0;9.0;9.0;0.0
2022;Sudeste;SP;Sorocaba;1;0;0;1;1;603.0;0.0;248.0;49.0;0.0;40.0
2022;Sudeste;SP;Sorocaba;4;1;1;1;1;291.0;0.0;0.0;10.0;0.0;0.0
2022;Sudeste;SP;Sorocaba;4;0;0;1;1;48.0;42.0;0.0;10.0;8.0;0.0
2022;Sudeste;SP;Sumar;3;0;0;0;1;887.0;0.0;887.0;49.0;0.0;49.0
2022;Sudeste;SP;Sumar;4;1;0;1;1;152.0;145.0;0.0;17.0;17.0;0.0
2022;Sudeste;SP;Suzano;1;0;0;1;1;404.0;0.0;222.0;52.0;0.0;42.0
2022;Sudeste;SP;Tatu;2;1;0;1;1;1383.0;0.0;734.0;86.0;0.0;48.0
2022;Sudeste;SP;Tatu;4;1;0;1;1;196.0;196.0;0.0;24.0;24.0;0.0
2022;Sudeste;SP;Taubat;3;0;0;0;1;178.0;0.0;0.0;26.0;0.0;0.0
2022;Sudeste;SP;Teodoro Sampaio;3;1;0;1;1;77.0;0.0;0.0;10.0;0.0;0.0
2022;Sudeste;SP;Torrinha;3;0;0;0;1;156.0;156.0;0.0;16.0;16.0;0.0
2022;Sudeste;SP;Tup;1;1;0;1;1;237.0;0.0;227.0;23.0;0.0;23.0
2022;Sudeste;SP;Vargem Grande Paulista;3;0;0;1;1;27.0;22.0;0.0;7.0;6.0;0.0
2022;Sudeste;SP;Votuporanga;2;0;0;1;1;600.0;0.0;0.0;37.0;0.0;0.0
2022;Sudeste;SP;Votuporanga;1;1;1;1;1;368.0;0.0;337.0;52.0;0.0;51.0
2022;Sul;PR;Arapongas;1;0;0;1;1;33.0;0.0;0.0;9.0;0.0;0.0
2022;Sul;PR;Assis Chateaubriand;1;0;1;1;1;498.0;0.0;341.0;52.0;0.0;51.0
2022;Sul;PR;Astorga;1;0;1;1;1;158.0;0.0;101.0;14.0;0.0;14.0
2022;Sul;PR;Barraco;1;1;0;1;1;220.0;0.0;220.0;15.0;0.0;15.0
2022;Sul;PR;Bocaiva do Sul;4;1;0;1;1;100.0;27.0;0.0;11.0;7.0;0.0
2022;Sul;PR;Califrnia;4;1;0;1;1;64.0;24.0;0.0;12.0;9.0;0.0
2022;Sul;PR;Cambira;4;1;0;1;1;93.0;50.0;0.0;16.0;12.0;0.0
2022;Sul;PR;Campina Grande do Sul;4;1;1;1;1;87.0;78.0;9.0;13.0;10.0;11.0
2022;Sul;PR;Campo Largo;1;1;1;1;1;632.0;0.0;337.0;52.0;0.0;44.0
2022;Sul;PR;Campo Mouro;1;1;0;1;1;139.0;0.0;139.0;25.0;0.0;25.0
2022;Sul;PR;Capanema;1;0;1;1;1;220.0;0.0;220.0;24.0;0.0;24.0
2022;Sul;PR;Cascavel;1;1;1;1;1;324.0;0.0;297.0;31.0;0.0;31.0
2022;Sul;PR;Centenrio do Sul;4;1;0;1;1;75.0;29.0;0.0;15.0;11.0;0.0
2022;Sul;PR;Colombo;3;0;0;1;1;208.0;0.0;0.0;13.0;0.0;0.0
2022;Sul;PR;Colombo;1;0;0;1;1;4526.0;0.0;375.0;128.0;0.0;35.0
2022;Sul;PR;Congonhinhas;4;1;0;1;1;86.0;47.0;0.0;16.0;14.0;0.0
2022;Sul;PR;Contenda;4;1;0;1;1;67.0;17.0;0.0;11.0;6.0;0.0
2022;Sul;PR;Coronel Vivida;1;0;0;1;1;225.0;0.0;225.0;18.0;0.0;18.0
2022;Sul;PR;Cruzeiro do Iguau;4;0;0;1;1;28.0;3.0;0.0;8.0;6.0;0.0
2022;Sul;PR;Curitiba;4;1;1;1;1;1220.0;916.0;169.0;91.0;62.0;31.0
2022;Sul;PR;Curitiba;2;0;0;1;1;388.0;180.0;208.0;37.0;21.0;25.0
2022;Sul;PR;Curitiba;1;1;1;1;1;934.0;481.0;453.0;109.0;52.0;57.0
2022;Sul;PR;Curitiba;2;1;1;1;1;2968.0;468.0;2193.0;228.0;53.0;173.0
2022;Sul;PR;Curitiba;2;0;1;1;1;1459.0;639.0;820.0;78.0;44.0;53.0
2022;Sul;PR;Curitiba;1;1;1;1;1;1224.0;0.0;497.0;87.0;0.0;48.0
2022;Sul;PR;Curitiba;1;1;1;1;1;184.0;0.0;133.0;23.0;0.0;18.0
2022;Sul;PR;Curitiba;4;1;0;1;1;144.0;59.0;0.0;24.0;17.0;0.0
2022;Sul;PR;Curitiba;4;0;0;0;1;72.0;0.0;0.0;10.0;0.0;0.0
2022;Sul;PR;Doutor Camargo;4;1;0;1;1;52.0;8.0;0.0;10.0;5.0;0.0
2022;Sul;PR;Fernandes Pinheiro;4;0;0;1;1;35.0;12.0;0.0;10.0;6.0;0.0
2022;Sul;PR;Foz do Iguau;4;1;1;1;1;405.0;250.0;86.0;22.0;16.0;9.0
2022;Sul;PR;Foz do Iguau;4;1;0;1;1;123.0;45.0;0.0;25.0;17.0;0.0
2022;Sul;PR;Foz do Iguau;2;1;0;1;1;953.0;498.0;455.0;49.0;36.0;36.0
2022;Sul;PR;Foz do Iguau;1;1;1;1;1;591.0;0.0;487.0;44.0;0.0;40.0
2022;Sul;PR;Goioer;1;0;1;1;1;156.0;0.0;156.0;18.0;0.0;18.0
2022;Sul;PR;Imbituva;3;0;0;1;1;160.0;0.0;0.0;8.0;0.0;0.0
2022;Sul;PR;Imbituva;3;0;0;1;1;98.0;0.0;0.0;5.0;0.0;0.0
2022;Sul;PR;Irati;1;1;1;1;1;321.0;0.0;309.0;33.0;0.0;32.0
2022;Sul;PR;Ivaipor;1;0;1;1;1;217.0;0.0;216.0;41.0;0.0;41.0
2022;Sul;PR;Jacarezinho;1;1;1;1;1;406.0;0.0;379.0;53.0;0.0;53.0
2022;Sul;PR;Jaguariava;1;1;1;1;1;267.0;0.0;227.0;21.0;0.0;21.0
2022;Sul;PR;Londrina;1;0;1;1;1;655.0;0.0;356.0;69.0;0.0;47.0
2022;Sul;PR;Nova Santa Brbara;4;1;0;1;1;65.0;30.0;0.0;10.0;7.0;0.0
2022;Sul;PR;Palmas;1;1;1;1;1;202.0;0.0;202.0;44.0;0.0;44.0
2022;Sul;PR;Paranagu;1;1;1;1;1;410.0;0.0;410.0;62.0;0.0;62.0
2022;Sul;PR;Paranava;1;1;1;1;1;491.0;0.0;411.0;59.0;0.0;55.0
2022;Sul;PR;Pato Branco;1;1;1;1;1;3.0;0.0;3.0;10.0;0.0;10.0
2022;Sul;PR;Pato Branco;4;1;0;1;1;118.0;0.0;0.0;13.0;0.0;0.0
2022;Sul;PR;Pinhais;1;0;1;1;1;260.0;0.0;260.0;27.0;0.0;27.0
2022;Sul;PR;Piraquara;3;0;0;1;1;102.0;0.0;0.0;8.0;0.0;0.0
2022;Sul;PR;Pitanga;1;0;1;1;1;131.0;0.0;131.0;18.0;0.0;18.0
2022;Sul;PR;Ponta Grossa;4;1;0;1;1;104.0;0.0;0.0;13.0;0.0;0.0
2022;Sul;PR;Ponta Grossa;4;1;0;0;1;59.0;5.0;0.0;8.0;5.0;0.0
2022;Sul;PR;Quedas do Iguau;1;0;1;1;1;108.0;0.0;108.0;13.0;0.0;13.0
2022;Sul;PR;Santa Mariana;4;1;0;1;1;146.0;74.0;0.0;20.0;15.0;0.0
2022;Sul;PR;Santo Incio;4;1;0;1;1;45.0;11.0;0.0;9.0;6.0;0.0
2022;Sul;PR;Telmaco Borba;1;1;1;1;1;584.0;0.0;584.0;49.0;0.0;49.0
2022;Sul;PR;Umuarama;1;1;1;1;1;405.0;0.0;405.0;48.0;0.0;48.0
2022;Sul;PR;Unio da Vitria;1;1;1;1;1;209.0;0.0;209.0;25.0;0.0;25.0
2022;Sul;PR;Ventania;4;1;0;0;1;36.0;7.0;0.0;8.0;5.0;0.0
2022;Sul;SC;Abelardo Luz;1;0;0;1;1;40.0;0.0;40.0;11.0;0.0;11.0
2022;Sul;SC;Araquari;1;1;1;1;1;772.0;0.0;699.0;73.0;0.0;73.0
2022;Sul;SC;Ararangu;1;1;1;1;1;576.0;0.0;355.0;60.0;0.0;50.0
2022;Sul;SC;Blumenau;1;1;1;1;1;486.0;0.0;341.0;45.0;0.0;44.0
2022;Sul;SC;Blumenau;4;1;1;1;1;422.0;0.0;0.0;10.0;0.0;0.0
2022;Sul;SC;Blumenau;4;1;1;1;1;437.0;0.0;437.0;18.0;0.0;18.0
2022;Sul;SC;Brao do Norte;4;1;1;1;1;62.0;0.0;0.0;9.0;0.0;0.0
2022;Sul;SC;Brao do Norte;4;1;1;1;1;65.0;0.0;0.0;2.0;0.0;0.0
2022;Sul;SC;Brusque;1;1;1;1;1;450.0;0.0;407.0;32.0;0.0;30.0
2022;Sul;SC;Brusque;4;0;0;1;1;621.0;252.0;104.0;29.0;16.0;14.0
2022;Sul;SC;Caador;1;1;1;1;1;310.0;0.0;211.0;36.0;0.0;30.0
2022;Sul;SC;Caador;4;0;1;0;1;176.0;0.0;0.0;7.0;0.0;0.0
2022;Sul;SC;Caibi;4;1;0;1;1;;;;;;
2022;Sul;SC;Cambori;1;1;1;1;1;922.0;0.0;674.0;98.0;0.0;87.0
2022;Sul;SC;Campos Novos;4;0;1;0;1;46.0;0.0;0.0;9.0;0.0;0.0
2022;Sul;SC;Canoinhas;1;1;1;1;1;281.0;0.0;194.0;45.0;0.0;32.0
2022;Sul;SC;Capinzal;4;1;0;1;1;;;;;;
2022;Sul;SC;Capinzal;4;1;0;0;1;90.0;0.0;0.0;14.0;0.0;0.0
2022;Sul;SC;Capinzal;4;1;0;1;1;31.0;0.0;0.0;1.0;0.0;0.0
2022;Sul;SC;Capivari de Baixo;4;1;0;1;1;;;;;;
2022;Sul;SC;Capivari de Baixo;4;1;1;1;1;81.0;0.0;0.0;15.0;0.0;0.0
2022;Sul;SC;Catanduvas;4;0;0;1;1;;;;;;
2022;Sul;SC;Chapec;4;1;0;0;1;204.0;0.0;0.0;5.0;0.0;0.0
2022;Sul;SC;Chapec;1;1;1;1;1;577.0;0.0;212.0;59.0;0.0;26.0
2022;Sul;SC;Chapec;4;1;1;1;1;6.0;0.0;0.0;5.0;0.0;0.0
2022;Sul;SC;Concrdia;1;1;1;1;1;574.0;0.0;574.0;65.0;0.0;65.0
2022;Sul;SC;Cricima;1;1;1;1;1;556.0;0.0;318.0;64.0;0.0;53.0
2022;Sul;SC;Cricima;4;1;1;1;1;161.0;0.0;0.0;27.0;0.0;0.0
2022;Sul;SC;Florianpolis;1;1;1;1;1;2478.0;0.0;1198.0;265.0;0.0;167.0
2022;Sul;SC;Florianpolis;4;1;1;1;1;4011.0;0.0;0.0;141.0;0.0;0.0
2022;Sul;SC;Florianpolis;1;1;0;1;1;402.0;0.0;0.0;55.0;0.0;0.0
2022;Sul;SC;Fraiburgo;1;1;1;1;1;243.0;0.0;132.0;29.0;0.0;22.0
2022;Sul;SC;Garopaba;1;1;0;1;1;313.0;0.0;189.0;31.0;0.0;23.0
2022;Sul;SC;Gaspar;1;0;1;1;1;742.0;0.0;645.0;53.0;0.0;39.0
2022;Sul;SC;Guaramirim;4;0;0;1;1;73.0;0.0;0.0;14.0;0.0;0.0
2022;Sul;SC;Guaramirim;4;0;0;1;1;20.0;0.0;0.0;2.0;0.0;0.0
2022;Sul;SC;Ibirama;1;1;1;1;1;300.0;0.0;300.0;38.0;0.0;38.0
2022;Sul;SC;Indaial;4;0;1;1;1;119.0;0.0;0.0;4.0;0.0;0.0
2022;Sul;SC;Indaial;4;1;0;1;1;213.0;0.0;0.0;31.0;0.0;0.0
2022;Sul;SC;Itaja;1;1;1;1;1;528.0;0.0;301.0;58.0;0.0;46.0
2022;Sul;SC;Itaja;4;0;1;1;1;284.0;0.0;0.0;33.0;0.0;0.0
2022;Sul;SC;Jaragu do Sul;1;1;1;1;1;600.0;0.0;0.0;44.0;0.0;0.0
2022;Sul;SC;Jaragu do Sul;1;1;1;1;1;573.0;0.0;410.0;55.0;0.0;40.0
2022;Sul;SC;Jaragu do Sul;4;1;1;1;1;394.0;0.0;0.0;48.0;0.0;0.0
2022;Sul;SC;Jaragu do Sul;4;1;1;1;1;688.0;39.0;424.0;29.0;12.0;16.0
2022;Sul;SC;Joaaba;4;1;1;1;1;41.0;0.0;0.0;9.0;0.0;0.0
2022;Sul;SC;Joinville;4;0;0;1;1;47.0;0.0;0.0;14.0;0.0;0.0
2022;Sul;SC;Joinville;4;0;0;0;1;214.0;0.0;0.0;31.0;0.0;0.0
2022;Sul;SC;Joinville;4;1;1;1;1;745.0;0.0;0.0;66.0;0.0;0.0
2022;Sul;SC;Joinville;4;0;0;1;1;217.0;0.0;0.0;8.0;0.0;0.0
2022;Sul;SC;Joinville;1;1;1;1;1;677.0;0.0;445.0;71.0;0.0;50.0
2022;Sul;SC;Joinville;4;1;0;1;1;214.0;58.0;0.0;25.0;10.0;0.0
2022;Sul;SC;Joinville;4;1;1;1;1;326.0;0.0;326.0;20.0;0.0;20.0
2022;Sul;SC;Joinville;4;1;0;1;1;;;;;;
2022;Sul;SC;Lages;1;0;1;1;1;382.0;0.0;0.0;54.0;0.0;0.0
2022;Sul;SC;Lages;4;1;1;1;1;;;;;;
2022;Sul;SC;Lauro Mller;4;1;0;1;1;;;;;;
2022;Sul;SC;Luzerna;1;1;1;1;1;426.0;0.0;251.0;41.0;0.0;38.0
2022;Sul;SC;Luzerna;4;1;0;1;1;147.0;0.0;0.0;21.0;0.0;0.0
2022;Sul;SC;Massaranduba;4;1;1;1;1;;;;;;
2022;Sul;SC;Palhoa;1;1;1;1;1;430.0;0.0;416.0;39.0;0.0;38.0
2022;Sul;SC;Palhoa;4;0;1;1;1;168.0;0.0;0.0;30.0;0.0;0.0
2022;Sul;SC;Pinhalzinho;4;1;1;1;1;;;;;;
2022;Sul;SC;Pinhalzinho;4;1;1;1;1;36.0;0.0;0.0;2.0;0.0;0.0
2022;Sul;SC;Porto Belo;4;1;0;1;1;;;;;;
2022;Sul;SC;Rio do Campo;4;1;0;1;1;;;;;;
2022;Sul;SC;Rio do Sul;1;1;1;1;1;469.0;0.0;410.0;73.0;0.0;70.0
2022;Sul;SC;Salete;4;1;0;1;1;;;;;;
2022;Sul;SC;Santa Rosa do Sul;1;1;0;1;1;491.0;0.0;447.0;53.0;0.0;51.0
2022;Sul;SC;So Bento do Sul;1;1;1;1;1;299.0;0.0;299.0;34.0;0.0;34.0
2022;Sul;SC;So Carlos;1;1;1;1;1;191.0;0.0;145.0;30.0;0.0;29.0
2022;Sul;SC;So Francisco do Sul;1;1;0;1;1;359.0;0.0;302.0;36.0;0.0;32.0
2022;Sul;SC;So Francisco do Sul;4;0;0;1;1;106.0;0.0;0.0;8.0;0.0;0.0
2022;Sul;SC;So Joo Batista;4;1;1;1;1;16.0;0.0;0.0;4.0;0.0;0.0
2022;Sul;SC;So Jos;1;1;0;1;1;582.0;0.0;388.0;76.0;0.0;65.0
2022;Sul;SC;So Jos do Cerrito;4;1;0;1;1;;;;;;
2022;Sul;SC;So Loureno do Oeste;4;1;0;1;1;67.0;0.0;0.0;24.0;0.0;0.0
2022;Sul;SC;So Loureno do Oeste;1;0;0;0;1;98.0;0.0;0.0;13.0;0.0;0.0
2022;Sul;SC;So Miguel do Oeste;1;1;1;1;1;418.0;0.0;312.0;46.0;0.0;45.0
2022;Sul;SC;Seara;4;0;0;1;1;87.0;0.0;0.0;5.0;0.0;0.0
2022;Sul;SC;Seara;4;0;0;1;1;69.0;0.0;0.0;21.0;0.0;0.0
2022;Sul;SC;Sombrio;1;1;1;1;1;328.0;0.0;310.0;32.0;0.0;31.0
2022;Sul;SC;Tijucas;4;1;0;1;1;91.0;0.0;0.0;17.0;0.0;0.0
2022;Sul;SC;Timb;4;0;1;1;1;85.0;0.0;0.0;22.0;0.0;0.0
2022;Sul;SC;Trombudo Central;4;1;0;1;1;;;;;;
2022;Sul;SC;Tubaro;4;1;1;1;1;145.0;0.0;0.0;25.0;0.0;0.0
2022;Sul;SC;Tubaro;1;1;1;1;1;146.0;0.0;0.0;18.0;0.0;0.0
2022;Sul;SC;Tubaro;4;1;0;1;1;;;;;;
2022;Sul;SC;Tubaro;4;1;1;1;1;291.0;0.0;186.0;13.0;0.0;10.0
2022;Sul;SC;Urupema;1;1;0;1;1;96.0;0.0;0.0;15.0;0.0;0.0
2022;Sul;SC;Videira;1;1;1;1;1;636.0;0.0;474.0;67.0;0.0;59.0
2022;Sul;SC;Xanxer;1;0;1;1;1;281.0;0.0;281.0;32.0;0.0;32.0
2022;Sul;SC;Xanxer;4;1;0;1;1;;;;;;
2022;Sul;SC;Xanxer;4;1;0;1;1;16.0;0.0;0.0;3.0;0.0;0.0
2022;Sul;SC;Xaxim;4;1;0;1;1;;;;;;
2022;Sul;RS;Alegrete;1;1;0;1;1;691.0;0.0;506.0;45.0;0.0;44.0
2022;Sul;RS;Alvorada;1;0;1;1;1;404.0;0.0;183.0;44.0;0.0;35.0
2022;Sul;RS;Arroio do Tigre;4;1;0;1;1;;;;;;
2022;Sul;RS;Arvorezinha;4;1;0;1;1;37.0;28.0;0.0;6.0;6.0;0.0
2022;Sul;RS;Bag;1;1;0;1;1;355.0;0.0;355.0;41.0;0.0;41.0
2022;Sul;RS;Baro do Triunfo;4;1;0;1;1;;;;;;
2022;Sul;RS;Bento Gonalves;1;1;1;1;1;424.0;0.0;396.0;96.0;0.0;93.0
2022;Sul;RS;Camaqu;4;1;1;1;1;191.0;71.0;0.0;16.0;10.0;0.0
2022;Sul;RS;Camaqu;1;1;0;1;1;457.0;0.0;400.0;45.0;0.0;43.0
2022;Sul;RS;Canoas;1;0;1;1;1;338.0;0.0;284.0;49.0;0.0;47.0
2022;Sul;RS;Canoas;4;1;0;1;1;171.0;171.0;0.0;17.0;17.0;0.0
2022;Sul;RS;Caxias do Sul;1;1;0;1;1;597.0;0.0;466.0;66.0;0.0;56.0
2022;Sul;RS;Caxias do Sul;4;1;1;1;1;120.0;0.0;0.0;3.0;0.0;0.0
2022;Sul;RS;Charqueadas;1;1;0;1;1;540.0;0.0;417.0;61.0;0.0;59.0
2022;Sul;RS;Erechim;1;1;1;1;1;343.0;0.0;101.0;66.0;0.0;23.0
2022;Sul;RS;Farroupilha;1;1;1;1;1;473.0;0.0;295.0;60.0;0.0;46.0
2022;Sul;RS;Feliz;1;1;0;1;1;288.0;0.0;288.0;42.0;0.0;42.0
2022;Sul;RS;Frederico Westphalen;1;1;1;1;1;541.0;0.0;462.0;52.0;0.0;51.0
2022;Sul;RS;Gravata;1;1;0;1;1;215.0;0.0;215.0;24.0;0.0;24.0
2022;Sul;RS;Ibirub;4;1;0;1;1;69.0;24.0;0.0;9.0;7.0;0.0
2022;Sul;RS;Ibirub;1;1;1;1;1;308.0;0.0;231.0;58.0;0.0;53.0
2022;Sul;RS;Itaqui;4;1;0;1;1;91.0;75.0;0.0;12.0;11.0;0.0
2022;Sul;RS;Jaguaro;1;1;0;1;1;195.0;0.0;145.0;23.0;0.0;22.0
2022;Sul;RS;Jlio de Castilhos;1;1;1;1;1;444.0;0.0;401.0;57.0;0.0;53.0
2022;Sul;RS;Lajeado;1;1;0;1;1;339.0;0.0;339.0;26.0;0.0;26.0
2022;Sul;RS;Novo Hamburgo;1;1;0;1;1;236.0;0.0;190.0;25.0;0.0;25.0
2022;Sul;RS;Osrio;1;1;0;1;1;464.0;0.0;394.0;57.0;0.0;50.0
2022;Sul;RS;Palmeira das Misses;4;1;0;1;1;82.0;12.0;0.0;9.0;6.0;0.0
2022;Sul;RS;Panambi;1;1;1;1;1;441.0;0.0;325.0;57.0;0.0;51.0
2022;Sul;RS;Passo Fundo;4;0;1;1;1;115.0;0.0;0.0;3.0;0.0;0.0
2022;Sul;RS;Passo Fundo;1;1;0;1;1;331.0;0.0;146.0;55.0;0.0;38.0
2022;Sul;RS;Pelotas;1;1;0;1;1;740.0;0.0;577.0;104.0;0.0;98.0
2022;Sul;RS;Pelotas;1;1;1;1;1;2270.0;0.0;1448.0;284.0;0.0;227.0
2022;Sul;RS;Porto Alegre;1;0;0;1;1;374.0;0.0;230.0;67.0;0.0;55.0
2022;Sul;RS;Porto Alegre;1;1;1;1;1;550.0;301.0;191.0;87.0;51.0;32.0
2022;Sul;RS;Porto Alegre;4;1;0;1;1;1592.0;1205.0;256.0;53.0;43.0;14.0
2022;Sul;RS;Porto Alegre;1;0;1;0;1;917.0;0.0;0.0;88.0;0.0;0.0
2022;Sul;RS;Porto Alegre;1;1;1;1;1;78.0;0.0;0.0;20.0;0.0;0.0
2022;Sul;RS;Rio Grande;3;1;0;1;1;117.0;0.0;0.0;16.0;0.0;0.0
2022;Sul;RS;Rio Grande;1;1;1;1;1;1107.0;0.0;783.0;98.0;0.0;86.0
2022;Sul;RS;Rolante;1;0;1;1;1;320.0;0.0;290.0;41.0;0.0;41.0
2022;Sul;RS;Santa Maria;1;1;1;1;1;1090.0;0.0;399.0;71.0;0.0;55.0
2022;Sul;RS;Santa Maria;1;1;1;1;1;1448.0;0.0;113.0;107.0;0.0;17.0
2022;Sul;RS;Sant'Ana do Livramento;1;1;1;1;1;506.0;0.0;365.0;32.0;0.0;32.0
2022;Sul;RS;Santa Rosa;1;1;0;1;1;498.0;0.0;199.0;51.0;0.0;41.0
2022;Sul;RS;Santiago;4;1;0;1;1;123.0;55.0;0.0;15.0;11.0;0.0
2022;Sul;RS;Santo ngelo;1;1;1;1;1;486.0;0.0;342.0;49.0;0.0;33.0
2022;Sul;RS;Santo Antnio da Patrulha;4;1;0;1;1;96.0;43.0;0.0;11.0;7.0;0.0
2022;Sul;RS;Santo Augusto;1;1;1;1;1;411.0;0.0;389.0;51.0;0.0;49.0
2022;Sul;RS;So Borja;1;1;1;1;1;489.0;0.0;322.0;53.0;0.0;43.0
2022;Sul;RS;So Jos do Norte;4;1;0;1;1;145.0;55.0;0.0;12.0;8.0;0.0
2022;Sul;RS;So Vicente do Sul;1;1;1;1;1;1357.0;0.0;1056.0;106.0;0.0;97.0
2022;Sul;RS;Sapiranga;1;1;0;1;1;229.0;0.0;198.0;33.0;0.0;32.0
2022;Sul;RS;Sapucaia do Sul;1;1;0;1;1;1002.0;0.0;798.0;78.0;0.0;74.0
2022;Sul;RS;Serto;1;1;1;1;1;470.0;0.0;419.0;82.0;0.0;75.0
2022;Sul;RS;Tenente Portela;4;1;0;1;1;85.0;24.0;0.0;9.0;5.0;0.0
2022;Sul;RS;Uruguaiana;1;0;1;1;1;283.0;0.0;203.0;25.0;0.0;24.0
2022;Sul;RS;Vacaria;1;1;1;1;1;253.0;0.0;185.0;37.0;0.0;30.0
2022;Sul;RS;Venncio Aires;1;1;0;1;1;561.0;0.0;283.0;47.0;0.0;44.0
2022;Sul;RS;Veranpolis;1;1;1;1;1;88.0;0.0;88.0;20.0;0.0;20.0
2022;Sul;RS;Viamo;1;0;1;1;1;319.0;0.0;164.0;20.0;0.0;16.0
2022;Centro-Oeste;MS;Anastcio;4;1;0;1;1;;;;;;
2022;Centro-Oeste;MS;Anglica;4;1;0;1;1;62.0;18.0;0.0;10.0;4.0;0.0
2022;Centro-Oeste;MS;Aparecida do Taboado;4;1;0;1;1;79.0;41.0;0.0;14.0;10.0;0.0
2022;Centro-Oeste;MS;Aquidauana;1;1;0;1;1;725.0;0.0;696.0;56.0;0.0;56.0
2022;Centro-Oeste;MS;Campo Grande;4;1;0;1;1;41.0;41.0;0.0;7.0;7.0;0.0
2022;Centro-Oeste;MS;Campo Grande;4;1;0;1;1;207.0;66.0;0.0;26.0;16.0;0.0
2022;Centro-Oeste;MS;Campo Grande;2;1;0;1;1;;;;;;
2022;Centro-Oeste;MS;Campo Grande;4;1;0;1;1;;;;;;
2022;Centro-Oeste;MS;Campo Grande;1;1;1;1;1;835.0;0.0;835.0;86.0;0.0;86.0
2022;Centro-Oeste;MS;Coronel Sapucaia;4;1;0;1;1;61.0;52.0;0.0;6.0;6.0;0.0
2022;Centro-Oeste;MS;Corumb;3;0;0;0;1;725.0;493.0;0.0;39.0;30.0;0.0
2022;Centro-Oeste;MS;Corumb;3;0;0;0;1;73.0;0.0;0.0;11.0;0.0;0.0
2022;Centro-Oeste;MS;Corumb;3;0;0;0;1;104.0;89.0;0.0;12.0;11.0;0.0
2022;Centro-Oeste;MS;Corumb;3;0;0;0;1;72.0;72.0;0.0;7.0;7.0;0.0
2022;Centro-Oeste;MS;Corumb;3;0;0;0;1;63.0;63.0;0.0;8.0;8.0;0.0
2022;Centro-Oeste;MS;Corumb;3;0;0;0;1;38.0;36.0;0.0;4.0;3.0;0.0
2022;Centro-Oeste;MS;Corumb;1;1;0;1;1;595.0;0.0;497.0;58.0;0.0;57.0
2022;Centro-Oeste;MS;Coxim;1;1;0;1;1;538.0;0.0;316.0;49.0;0.0;42.0
2022;Centro-Oeste;MS;Dourados;4;1;0;1;1;103.0;40.0;0.0;23.0;13.0;0.0
2022;Centro-Oeste;MS;Dourados;1;0;1;1;1;716.0;0.0;437.0;45.0;0.0;36.0
2022;Centro-Oeste;MS;Iguatemi;4;1;0;1;1;74.0;10.0;0.0;11.0;6.0;0.0
2022;Centro-Oeste;MS;Inocncia;4;1;0;1;1;31.0;12.0;0.0;7.0;5.0;0.0
2022;Centro-Oeste;MS;Jardim;1;1;0;1;1;193.0;0.0;136.0;19.0;0.0;19.0
2022;Centro-Oeste;MS;Navira;1;1;1;1;1;582.0;0.0;443.0;47.0;0.0;41.0
2022;Centro-Oeste;MS;Nova Andradina;1;1;0;1;1;454.0;0.0;393.0;50.0;0.0;44.0
2022;Centro-Oeste;MS;Novo Horizonte do Sul;4;0;0;1;1;;;;;;
2022;Centro-Oeste;MS;Pedro Gomes;4;1;0;1;1;13.0;13.0;0.0;5.0;5.0;0.0
2022;Centro-Oeste;MS;Ponta Por;1;1;0;1;1;781.0;0.0;591.0;54.0;0.0;51.0
2022;Centro-Oeste;MS;Ribas do Rio Pardo;4;1;0;1;1;39.0;8.0;0.0;6.0;3.0;0.0
2022;Centro-Oeste;MS;Rio Brilhante;4;0;0;1;1;46.0;43.0;0.0;7.0;6.0;0.0
2022;Centro-Oeste;MS;Trs Lagoas;1;1;0;1;1;743.0;0.0;572.0;51.0;0.0;50.0
2022;Centro-Oeste;MT;Alta Floresta;1;1;1;1;1;470.0;0.0;470.0;41.0;0.0;41.0
2022;Centro-Oeste;MT;Alta Floresta;2;1;0;1;1;142.0;0.0;0.0;14.0;0.0;0.0
2022;Centro-Oeste;MT;Barra do Garas;1;1;0;1;1;456.0;0.0;456.0;46.0;0.0;46.0
2022;Centro-Oeste;MT;Barra do Garas;2;1;0;1;1;474.0;318.0;156.0;41.0;28.0;26.0
2022;Centro-Oeste;MT;Cceres;1;1;0;1;1;485.0;0.0;420.0;49.0;0.0;46.0
2022;Centro-Oeste;MT;Campo Novo do Parecis;1;1;0;1;1;411.0;0.0;411.0;39.0;0.0;39.0
2022;Centro-Oeste;MT;Campo Verde;1;1;0;1;1;529.0;0.0;461.0;60.0;0.0;57.0
2022;Centro-Oeste;MT;Colniza;4;1;0;1;1;;;;;;
2022;Centro-Oeste;MT;Confresa;1;1;0;1;1;342.0;0.0;294.0;36.0;0.0;36.0
2022;Centro-Oeste;MT;Cotriguau;4;1;0;1;1;37.0;9.0;0.0;4.0;1.0;0.0
2022;Centro-Oeste;MT;Cuiab;2;1;0;1;1;853.0;400.0;453.0;41.0;22.0;28.0
2022;Centro-Oeste;MT;Cuiab;1;1;1;1;1;1324.0;0.0;1128.0;142.0;0.0;100.0
2022;Centro-Oeste;MT;Cuiab;4;1;1;1;1;746.0;489.0;101.0;39.0;27.0;14.0
2022;Centro-Oeste;MT;Cuiab;1;1;1;1;1;458.0;0.0;336.0;67.0;0.0;47.0
2022;Centro-Oeste;MT;Diamantino;1;1;0;1;1;279.0;0.0;279.0;22.0;0.0;22.0
2022;Centro-Oeste;MT;Diamantino;2;0;0;0;1;82.0;0.0;0.0;15.0;0.0;0.0
2022;Centro-Oeste;MT;Guarant do Norte;1;1;0;1;1;183.0;0.0;183.0;19.0;0.0;19.0
2022;Centro-Oeste;MT;Juna;1;1;1;1;1;366.0;0.0;366.0;49.0;0.0;49.0
2022;Centro-Oeste;MT;Lucas do Rio Verde;1;1;0;1;1;157.0;0.0;157.0;20.0;0.0;20.0
2022;Centro-Oeste;MT;Nova Mutum;4;1;0;1;1;81.0;0.0;0.0;4.0;0.0;0.0
2022;Centro-Oeste;MT;Nova Mutum;2;1;0;0;1;632.0;313.0;319.0;32.0;19.0;24.0
2022;Centro-Oeste;MT;Nova Olmpia;3;1;0;1;1;65.0;9.0;0.0;12.0;2.0;0.0
2022;Centro-Oeste;MT;Peixoto de Azevedo;4;1;0;1;1;13.0;8.0;0.0;2.0;1.0;0.0
2022;Centro-Oeste;MT;Pontes e Lacerda;1;1;0;1;1;518.0;0.0;512.0;25.0;0.0;23.0
2022;Centro-Oeste;MT;Porto Esperidio;3;0;0;0;1;52.0;40.0;0.0;4.0;3.0;0.0
2022;Centro-Oeste;MT;Primavera do Leste;1;1;1;1;1;623.0;0.0;581.0;60.0;0.0;58.0
2022;Centro-Oeste;MT;Querncia;3;0;0;1;1;134.0;100.0;0.0;8.0;6.0;0.0
2022;Centro-Oeste;MT;So Jos dos Quatro Marcos;4;1;0;1;1;42.0;6.0;0.0;7.0;2.0;0.0
2022;Centro-Oeste;MT;Rondonpolis;1;1;0;1;1;508.0;0.0;499.0;46.0;0.0;46.0
2022;Centro-Oeste;MT;Sinop;1;1;0;1;1;264.0;0.0;180.0;26.0;0.0;22.0
2022;Centro-Oeste;MT;Sinop;2;1;0;1;1;346.0;0.0;0.0;22.0;0.0;0.0
2022;Centro-Oeste;MT;Sorriso;4;1;0;1;1;168.0;31.0;0.0;19.0;10.0;0.0
2022;Centro-Oeste;MT;Sorriso;1;0;1;1;1;425.0;0.0;347.0;44.0;0.0;40.0
2022;Centro-Oeste;MT;Tangar da Serra;1;1;0;1;1;271.0;0.0;271.0;22.0;0.0;22.0
2022;Centro-Oeste;MT;Tangar da Serra;2;1;0;1;1;433.0;252.0;181.0;32.0;22.0;21.0
2022;Centro-Oeste;MT;Tangar da Serra;2;1;0;1;1;170.0;0.0;0.0;12.0;0.0;0.0
2022;Centro-Oeste;MT;Vrzea Grande;1;1;0;1;1;500.0;0.0;500.0;48.0;0.0;48.0
2022;Centro-Oeste;GO;guas Lindas de Gois;1;1;1;1;1;460.0;0.0;247.0;42.0;0.0;36.0
2022;Centro-Oeste;GO;Anpolis;1;1;0;1;1;315.0;0.0;241.0;59.0;0.0;51.0
2022;Centro-Oeste;GO;Aparecida de Goinia;1;1;1;1;1;423.0;0.0;278.0;61.0;0.0;47.0
2022;Centro-Oeste;GO;Caldas Novas;3;0;0;0;1;87.0;69.0;0.0;8.0;6.0;0.0
2022;Centro-Oeste;GO;Campos Belos;1;1;0;1;1;285.0;0.0;285.0;30.0;0.0;30.0
2022;Centro-Oeste;GO;Catalo;1;1;0;1;1;152.0;0.0;110.0;20.0;0.0;20.0
2022;Centro-Oeste;GO;Ceres;1;1;0;1;1;474.0;0.0;442.0;67.0;0.0;63.0
2022;Centro-Oeste;GO;Cristalina;1;1;0;1;1;220.0;0.0;220.0;22.0;0.0;22.0
2022;Centro-Oeste;GO;Formosa;1;1;0;1;1;357.0;0.0;357.0;53.0;0.0;53.0
2022;Centro-Oeste;GO;Goiansia;3;0;0;0;1;49.0;0.0;0.0;8.0;0.0;0.0
2022;Centro-Oeste;GO;Goinia;1;1;1;1;1;1180.0;0.0;730.0;223.0;0.0;154.0
2022;Centro-Oeste;GO;Goinia;2;1;1;1;1;328.0;0.0;0.0;8.0;0.0;0.0
2022;Centro-Oeste;GO;Goinia;1;1;1;1;1;351.0;0.0;239.0;43.0;0.0;37.0
2022;Centro-Oeste;GO;Gois;1;1;0;1;1;120.0;0.0;97.0;41.0;0.0;37.0
2022;Centro-Oeste;GO;Hidrolndia;1;0;0;0;1;140.0;0.0;140.0;18.0;0.0;18.0
2022;Centro-Oeste;GO;Inhumas;1;1;0;1;1;387.0;0.0;345.0;56.0;0.0;55.0
2022;Centro-Oeste;GO;Ipameri;1;1;0;1;1;175.0;0.0;175.0;20.0;0.0;20.0
2022;Centro-Oeste;GO;Ipor;1;1;1;1;1;626.0;0.0;277.0;50.0;0.0;45.0
2022;Centro-Oeste;GO;Jata;1;1;0;1;1;394.0;0.0;237.0;71.0;0.0;52.0
2022;Centro-Oeste;GO;Luzinia;1;1;0;1;1;295.0;0.0;258.0;52.0;0.0;49.0
2022;Centro-Oeste;GO;Morrinhos;1;1;0;1;1;259.0;0.0;259.0;37.0;0.0;37.0
2022;Centro-Oeste;GO;Posse;1;1;0;1;1;314.0;0.0;164.0;35.0;0.0;29.0
2022;Centro-Oeste;GO;Rio Verde;1;1;1;1;1;407.0;0.0;0.0;62.0;0.0;0.0
2022;Centro-Oeste;GO;Senador Canedo;1;1;0;1;1;264.0;0.0;174.0;38.0;0.0;34.0
2022;Centro-Oeste;GO;Trindade;1;1;0;1;1;332.0;0.0;323.0;50.0;0.0;50.0
2022;Centro-Oeste;GO;Uruau;1;1;1;1;1;416.0;0.0;306.0;56.0;0.0;51.0
2022;Centro-Oeste;GO;Uruta;1;1;0;1;1;446.0;0.0;371.0;81.0;0.0;69.0
2022;Centro-Oeste;GO;Valparaso de Gois;1;1;0;1;1;238.0;0.0;172.0;35.0;0.0;32.0
2022;Centro-Oeste;DF;Braslia;4;1;1;1;1;223.0;0.0;0.0;10.0;0.0;0.0
2022;Centro-Oeste;DF;Braslia;1;1;1;1;1;2842.0;1401.0;1441.0;159.0;75.0;102.0
2022;Centro-Oeste;DF;Braslia;2;1;0;1;1;749.0;0.0;0.0;62.0;0.0;0.0
2022;Centro-Oeste;DF;Braslia;2;0;1;0;1;33.0;0.0;0.0;7.0;0.0;0.0
2022;Centro-Oeste;DF;Braslia;1;1;0;1;1;576.0;0.0;266.0;44.0;0.0;35.0
2022;Centro-Oeste;DF;Braslia;2;1;0;1;1;394.0;0.0;394.0;23.0;0.0;23.0
2022;Centro-Oeste;DF;Braslia;2;1;0;1;1;3005.0;0.0;0.0;118.0;0.0;0.0
2022;Centro-Oeste;DF;Braslia;2;1;0;1;1;555.0;0.0;439.0;36.0;0.0;34.0
2022;Centro-Oeste;DF;Braslia;1;1;1;1;1;577.0;0.0;171.0;58.0;0.0;37.0
2022;Centro-Oeste;DF;Braslia;1;1;1;1;1;429.0;0.0;295.0;50.0;0.0;36.0
2022;Centro-Oeste;DF;Braslia;1;1;1;1;1;579.0;0.0;271.0;45.0;0.0;33.0
2022;Centro-Oeste;DF;Braslia;2;1;0;0;1;1637.0;0.0;0.0;18.0;0.0;0.0
2022;Centro-Oeste;DF;Braslia;4;1;1;1;1;263.0;146.0;0.0;39.0;26.0;0.0
2023;Norte;RO;Porto Velho;2;1;0;1;1;1413.0;1083.0;330.0;54.0;45.0;25.0
2023;Norte;RO;Ji-Paran;3;0;0;0;1;281.0;0.0;0.0;11.0;0.0;0.0
2023;Norte;RO;Colorado do Oeste;1;1;0;1;1;579.0;0.0;579.0;61.0;0.0;61.0
2023;Norte;RO;Buritis;4;1;0;1;1;63.0;0.0;0.0;5.0;0.0;0.0
2023;Norte;RO;Guajar-Mirim;1;1;0;1;1;414.0;0.0;374.0;41.0;0.0;40.0
2023;Norte;RO;Jaru;1;1;1;1;1;398.0;0.0;318.0;35.0;0.0;34.0
2023;Norte;RO;So Miguel do Guapor;1;1;0;1;1;130.0;0.0;0.0;7.0;0.0;0.0
2023;Norte;RO;Ji-Paran;3;0;0;1;1;43.0;0.0;0.0;3.0;0.0;0.0
2023;Norte;RO;Ji-Paran;1;1;1;1;1;592.0;0.0;526.0;58.0;0.0;57.0
2023;Norte;RO;Vilhena;1;1;1;1;1;603.0;0.0;558.0;53.0;0.0;52.0
2023;Norte;RO;Porto Velho;1;1;1;1;1;547.0;0.0;0.0;28.0;0.0;0.0
2023;Norte;RO;Ariquemes;1;1;1;1;1;538.0;0.0;538.0;56.0;0.0;56.0
2023;Norte;RO;Porto Velho;1;1;1;1;1;873.0;0.0;873.0;102.0;0.0;102.0
2023;Norte;RO;Cacoal;1;1;1;1;1;561.0;0.0;561.0;63.0;0.0;63.0
2023;Norte;AC;Cruzeiro do Sul;3;1;0;1;1;315.0;315.0;0.0;12.0;12.0;0.0
2023;Norte;AC;Porto Walter;2;1;0;0;1;703.0;176.0;371.0;29.0;9.0;19.0
2023;Norte;AC;Rodrigues Alves;3;0;0;0;1;24.0;7.0;0.0;2.0;2.0;0.0
2023;Norte;AC;Porto Acre;2;0;0;0;1;53.0;30.0;23.0;5.0;5.0;4.0
2023;Norte;AC;Porto Acre;2;1;0;1;1;46.0;35.0;11.0;6.0;6.0;4.0
2023;Norte;AC;Cruzeiro do Sul;1;1;0;1;1;458.0;0.0;414.0;45.0;0.0;42.0
2023;Norte;AC;Sena Madureira;1;0;1;1;1;308.0;0.0;247.0;39.0;0.0;34.0
2023;Norte;AC;Xapuri;1;1;0;1;1;310.0;0.0;262.0;36.0;0.0;36.0
2023;Norte;AC;Rio Branco;1;1;0;1;1;808.0;0.0;444.0;77.0;0.0;61.0
2023;Norte;AC;Rio Branco;1;1;0;1;1;414.0;0.0;0.0;21.0;0.0;0.0
2023;Norte;AC;Tarauac;1;1;0;1;1;432.0;0.0;337.0;33.0;0.0;33.0
2023;Norte;AC;Rio Branco;2;0;0;1;1;1059.0;547.0;512.0;33.0;20.0;25.0
2023;Norte;AC;Cruzeiro do Sul;2;1;0;1;1;651.0;326.0;325.0;30.0;14.0;17.0
2023;Norte;AM;So Gabriel da Cachoeira;2;1;0;1;1;1355.0;904.0;222.0;55.0;42.0;19.0
2023;Norte;AM;Anam;3;0;0;0;1;50.0;41.0;0.0;5.0;5.0;0.0
2023;Norte;AM;Anam;3;1;0;0;1;64.0;52.0;0.0;6.0;5.0;0.0
2023;Norte;AM;Anam;3;0;0;1;1;105.0;88.0;0.0;6.0;6.0;0.0
2023;Norte;AM;Anam;3;0;0;0;1;21.0;15.0;0.0;1.0;1.0;0.0
2023;Norte;AM;Anam;3;0;0;0;1;49.0;42.0;0.0;5.0;4.0;0.0
2023;Norte;AM;Anam;3;1;0;0;1;27.0;24.0;0.0;2.0;2.0;0.0
2023;Norte;AM;Anam;3;0;0;0;1;14.0;9.0;0.0;1.0;1.0;0.0
2023;Norte;AM;Anam;3;0;0;0;1;31.0;21.0;0.0;2.0;2.0;0.0
2023;Norte;AM;Anam;3;1;0;1;1;52.0;44.0;0.0;5.0;5.0;0.0
2023;Norte;AM;Anam;3;0;0;0;1;118.0;109.0;0.0;7.0;7.0;0.0
2023;Norte;AM;Anam;3;1;0;0;1;44.0;34.0;0.0;5.0;5.0;0.0
2023;Norte;AM;Manaus;4;1;0;1;1;266.0;179.0;66.0;24.0;21.0;11.0
2023;Norte;AM;Manaus;1;1;0;1;1;949.0;0.0;540.0;86.0;0.0;63.0
2023;Norte;AM;Manaus;1;1;1;1;1;1484.0;0.0;751.0;169.0;0.0;119.0
2023;Norte;AM;So Gabriel da Cachoeira;1;1;0;1;1;577.0;0.0;270.0;37.0;0.0;32.0
2023;Norte;AM;Anam;3;1;0;0;1;18.0;14.0;0.0;1.0;1.0;0.0
2023;Norte;AM;Anam;3;0;0;0;1;39.0;22.0;0.0;2.0;1.0;0.0
2023;Norte;AM;Anam;3;0;0;0;1;51.0;34.0;0.0;3.0;3.0;0.0
2023;Norte;AM;Anam;3;0;0;0;1;62.0;37.0;0.0;5.0;4.0;0.0
2023;Norte;AM;Itacoatiara;2;1;0;0;1;290.0;0.0;0.0;36.0;0.0;0.0
2023;Norte;AM;Manaus;1;1;0;1;1;725.0;0.0;438.0;77.0;0.0;50.0
2023;Norte;AM;Juta;2;0;0;0;1;255.0;0.0;0.0;20.0;0.0;0.0
2023;Norte;AM;Manaus;2;0;0;0;1;643.0;0.0;0.0;101.0;0.0;0.0
2023;Norte;AM;Manaus;2;1;1;1;1;692.0;0.0;0.0;100.0;0.0;0.0
2023;Norte;AM;Humait;1;0;0;0;1;354.0;0.0;271.0;31.0;0.0;29.0
2023;Norte;AM;Itacoatiara;1;1;1;1;1;440.0;0.0;368.0;29.0;0.0;29.0
2023;Norte;AM;Eirunep;1;1;0;1;1;468.0;0.0;284.0;26.0;0.0;26.0
2023;Norte;AM;Tef;1;1;0;1;1;417.0;0.0;292.0;29.0;0.0;29.0
2023;Norte;AM;Anam;3;1;0;0;1;68.0;38.0;0.0;6.0;3.0;0.0
2023;Norte;AM;Manacapuru;1;1;0;1;1;279.0;0.0;171.0;24.0;0.0;24.0
2023;Norte;AM;Anam;3;0;0;1;1;99.0;67.0;0.0;5.0;5.0;0.0
2023;Norte;AM;Anam;3;1;0;1;1;103.0;86.0;0.0;8.0;7.0;0.0
2023;Norte;AM;Iranduba;1;1;0;0;1;262.0;0.0;57.0;18.0;0.0;13.0
2023;Norte;AM;Boca do Acre;1;0;0;0;1;143.0;0.0;0.0;6.0;0.0;0.0
2023;Norte;AM;Manaus;2;1;1;1;1;946.0;0.0;0.0;136.0;0.0;0.0
2023;Norte;AM;Manaus;4;1;0;1;1;192.0;0.0;0.0;9.0;0.0;0.0
2023;Norte;AM;Manaus;2;1;0;1;1;111.0;0.0;0.0;31.0;0.0;0.0
2023;Norte;AM;Coari;1;1;0;0;1;574.0;0.0;410.0;31.0;0.0;31.0
2023;Norte;AM;Maus;1;1;1;1;1;473.0;0.0;371.0;28.0;0.0;28.0
2023;Norte;AM;Presidente Figueiredo;1;1;0;1;1;501.0;0.0;375.0;43.0;0.0;42.0
2023;Norte;AM;Tabatinga;1;1;1;1;1;529.0;0.0;335.0;31.0;0.0;31.0
2023;Norte;AM;Parintins;1;1;1;1;1;645.0;0.0;296.0;47.0;0.0;39.0
2023;Norte;AM;Lbrea;1;1;0;1;1;489.0;0.0;402.0;28.0;0.0;27.0
2023;Norte;RR;Boa Vista;1;0;0;1;1;250.0;0.0;196.0;31.0;0.0;26.0
2023;Norte;RR;Boa Vista;1;1;1;1;1;694.0;0.0;525.0;76.0;0.0;60.0
2023;Norte;RR;Amajari;1;1;0;1;1;197.0;0.0;197.0;32.0;0.0;32.0
2023;Norte;RR;Boa Vista;2;1;0;1;1;867.0;458.0;409.0;39.0;24.0;23.0
2023;Norte;RR;Bonfim;1;1;0;1;1;480.0;0.0;0.0;20.0;0.0;0.0
2023;Norte;RR;Boa Vista;1;1;0;1;1;447.0;0.0;362.0;43.0;0.0;43.0
2023;Norte;RR;Caracara;1;1;0;1;1;338.0;0.0;338.0;46.0;0.0;46.0
2023;Norte;PA;Prainha;3;1;0;0;1;288.0;166.0;0.0;12.0;9.0;0.0
2023;Norte;PA;Belm;3;1;0;1;1;750.0;456.0;0.0;32.0;16.0;0.0
2023;Norte;PA;Castanhal;1;1;0;1;1;672.0;0.0;458.0;110.0;0.0;96.0
2023;Norte;PA;Nova Timboteua;3;0;0;1;1;179.0;143.0;0.0;13.0;10.0;0.0
2023;Norte;PA;Camet;4;1;1;1;1;609.0;457.0;110.0;37.0;31.0;14.0
2023;Norte;PA;Santa Luzia do Par;3;1;0;0;1;29.0;19.0;0.0;2.0;1.0;0.0
2023;Norte;PA;Novo Progresso;3;0;0;0;1;133.0;0.0;0.0;6.0;0.0;0.0
2023;Norte;PA;Placas;3;1;0;0;1;150.0;135.0;0.0;8.0;8.0;0.0
2023;Norte;PA;Bragana;1;1;1;1;1;651.0;0.0;493.0;65.0;0.0;53.0
2023;Norte;PA;Conceio do Araguaia;1;0;1;1;1;235.0;0.0;235.0;25.0;0.0;25.0
2023;Norte;PA;Santarm;1;1;1;1;1;719.0;0.0;461.0;67.0;0.0;57.0
2023;Norte;PA;Santa Izabel do Par;2;0;0;0;1;1001.0;0.0;531.0;37.0;0.0;33.0
2023;Norte;PA;So Flix do Xingu;3;0;0;0;1;455.0;285.0;0.0;17.0;11.0;0.0
2023;Norte;PA;Breves;1;1;1;1;1;376.0;0.0;329.0;45.0;0.0;40.0
2023;Norte;PA;Itaituba;1;1;0;1;1;283.0;0.0;283.0;43.0;0.0;43.0
2023;Norte;PA;Bragana;4;1;0;1;1;72.0;0.0;0.0;6.0;0.0;0.0
2023;Norte;PA;Belm;4;1;0;1;1;102.0;64.0;0.0;9.0;7.0;0.0
2023;Norte;PA;Marituba;2;1;0;1;1;635.0;0.0;435.0;30.0;0.0;27.0
2023;Norte;PA;Belm;4;0;0;0;1;121.0;79.0;0.0;11.0;8.0;0.0
2023;Norte;PA;Novo Progresso;3;1;0;0;1;457.0;0.0;0.0;19.0;0.0;0.0
2023;Norte;PA;Abaetetuba;3;1;0;1;1;285.0;0.0;0.0;40.0;0.0;0.0
2023;Norte;PA;Altamira;4;1;0;1;1;259.0;0.0;0.0;19.0;0.0;0.0
2023;Norte;PA;Jacund;3;0;0;1;1;122.0;0.0;0.0;20.0;0.0;0.0
2023;Norte;PA;Tucuru;4;1;0;1;1;550.0;0.0;0.0;10.0;0.0;0.0
2023;Norte;PA;Novo Progresso;3;1;0;0;1;299.0;0.0;0.0;10.0;0.0;0.0
2023;Norte;PA;Paragominas;4;1;0;1;1;221.0;0.0;0.0;11.0;0.0;0.0
2023;Norte;PA;bidos;1;1;1;1;1;407.0;0.0;335.0;41.0;0.0;35.0
2023;Norte;PA;Vigia;1;1;0;1;1;221.0;0.0;0.0;12.0;0.0;0.0
2023;Norte;PA;Parauapebas;1;1;0;1;1;515.0;0.0;350.0;36.0;0.0;33.0
2023;Norte;PA;Ananindeua;1;1;1;1;1;281.0;0.0;205.0;42.0;0.0;34.0
2023;Norte;PA;Paragominas;1;1;0;1;1;727.0;0.0;688.0;57.0;0.0;57.0
2023;Norte;PA;Camet;1;1;0;1;1;275.0;0.0;275.0;30.0;0.0;30.0
2023;Norte;PA;Belm;1;1;1;1;1;668.0;381.0;287.0;65.0;34.0;34.0
2023;Norte;PA;Belm;4;1;0;1;1;355.0;150.0;0.0;28.0;18.0;0.0
2023;Norte;PA;Belm;4;1;0;1;1;47.0;47.0;0.0;6.0;6.0;0.0
2023;Norte;PA;Santarm;3;1;0;1;1;153.0;0.0;0.0;6.0;0.0;0.0
2023;Norte;PA;Senador Jos Porfrio;4;1;0;1;1;9.0;0.0;9.0;6.0;0.0;6.0
2023;Norte;PA;Altamira;4;1;0;1;1;180.0;103.0;0.0;11.0;7.0;0.0
2023;Norte;PA;Marituba;3;1;0;0;1;;;;;;
2023;Norte;PA;Altamira;1;1;0;1;1;382.0;0.0;209.0;41.0;0.0;34.0
2023;Norte;PA;Belm;1;1;1;1;1;370.0;0.0;0.0;32.0;0.0;0.0
2023;Norte;PA;Belm;1;1;1;1;1;301.0;0.0;0.0;48.0;0.0;0.0
2023;Norte;PA;Belm;2;1;1;1;1;1249.0;0.0;1033.0;33.0;0.0;32.0
2023;Norte;PA;Marab;1;1;0;1;1;407.0;0.0;335.0;38.0;0.0;38.0
2023;Norte;PA;Ananindeua;3;0;0;1;1;869.0;789.0;0.0;34.0;31.0;0.0
2023;Norte;PA;Tucuru;1;1;1;1;1;645.0;0.0;529.0;73.0;0.0;71.0
2023;Norte;PA;Marab;1;1;1;1;1;612.0;0.0;463.0;59.0;0.0;55.0
2023;Norte;PA;Itupiranga;3;0;0;0;1;140.0;111.0;0.0;7.0;6.0;0.0
2023;Norte;PA;Uruar;3;1;0;1;1;560.0;560.0;0.0;18.0;18.0;0.0
2023;Norte;PA;Novo Progresso;3;0;0;0;1;200.0;0.0;0.0;8.0;0.0;0.0
2023;Norte;PA;Belm;4;1;1;1;1;1104.0;496.0;563.0;59.0;27.0;35.0
2023;Norte;PA;Itaituba;3;1;0;1;1;;;;;;
2023;Norte;PA;So Flix do Xingu;4;1;0;1;1;150.0;129.0;21.0;18.0;16.0;11.0
2023;Norte;PA;So Flix do Xingu;3;0;0;0;1;302.0;190.0;0.0;12.0;9.0;0.0
2023;Norte;PA;Ananindeua;4;1;0;1;1;430.0;320.0;0.0;30.0;24.0;0.0
2023;Norte;PA;Abaetetuba;1;1;1;1;1;1190.0;0.0;520.0;82.0;0.0;68.0
2023;Norte;PA;Belm;1;1;1;1;1;2246.0;0.0;1161.0;296.0;0.0;248.0
2023;Norte;PA;Belm;4;1;1;1;1;372.0;0.0;0.0;14.0;0.0;0.0
2023;Norte;PA;Marituba;3;0;0;1;1;621.0;378.0;0.0;26.0;12.0;0.0
2023;Norte;AP;Macap;4;1;0;1;1;1112.0;0.0;0.0;19.0;0.0;0.0
2023;Norte;AP;Macap;2;1;0;1;1;583.0;0.0;0.0;36.0;0.0;0.0
2023;Norte;AP;Laranjal do Jari;1;1;0;1;1;661.0;0.0;459.0;50.0;0.0;49.0
2023;Norte;AP;Macap;1;0;1;1;1;800.0;0.0;710.0;99.0;0.0;88.0
2023;Norte;AP;Macap;2;1;0;0;1;299.0;0.0;0.0;17.0;0.0;0.0
2023;Norte;AP;Santana;4;1;0;1;1;533.0;0.0;0.0;13.0;0.0;0.0
2023;Norte;AP;Santana;1;1;0;1;1;329.0;0.0;329.0;41.0;0.0;41.0
2023;Norte;AP;Porto Grande;1;1;0;1;1;300.0;0.0;256.0;49.0;0.0;47.0
2023;Norte;AP;Macap;2;1;0;1;1;;;;;;
2023;Norte;AP;Macap;2;0;0;1;1;1442.0;912.0;530.0;57.0;31.0;33.0
2023;Norte;AP;Oiapoque;1;1;0;1;1;68.0;0.0;0.0;4.0;0.0;0.0
2023;Norte;AP;Pedra Branca do Amapari;1;1;0;1;1;47.0;0.0;0.0;2.0;0.0;0.0
2023;Norte;AP;Macap;3;0;0;0;1;324.0;0.0;0.0;17.0;0.0;0.0
2023;Norte;AP;Macap;3;0;0;1;1;196.0;0.0;0.0;14.0;0.0;0.0
2023;Norte;AP;Macap;2;0;1;1;1;198.0;0.0;0.0;36.0;0.0;0.0
2023;Norte;AP;Macap;2;1;0;1;1;58.0;0.0;0.0;14.0;0.0;0.0
2023;Norte;AP;Santana;2;1;0;1;1;338.0;0.0;0.0;18.0;0.0;0.0
2023;Norte;TO;Araguatins;1;1;0;1;1;675.0;0.0;606.0;64.0;0.0;64.0
2023;Norte;TO;Araguana;1;1;0;1;1;529.0;0.0;305.0;47.0;0.0;33.0
2023;Norte;TO;Porto Nacional;1;1;0;1;1;352.0;0.0;305.0;50.0;0.0;42.0
2023;Norte;TO;Gurupi;1;1;0;1;1;283.0;0.0;224.0;48.0;0.0;45.0
2023;Norte;TO;Alvorada;2;1;0;1;1;94.0;6.0;0.0;12.0;2.0;0.0
2023;Norte;TO;Palmas;1;1;0;1;1;1120.0;0.0;784.0;172.0;0.0;133.0
2023;Norte;TO;Dianpolis;1;1;0;1;1;224.0;0.0;210.0;29.0;0.0;29.0
2023;Norte;TO;Pedro Afonso;1;1;0;1;1;97.0;0.0;0.0;14.0;0.0;0.0
2023;Norte;TO;Colinas do Tocantins;1;1;0;1;1;233.0;0.0;219.0;37.0;0.0;35.0
2023;Norte;TO;Formoso do Araguaia;1;1;0;1;1;61.0;0.0;59.0;15.0;0.0;14.0
2023;Norte;TO;Lagoa da Confuso;1;1;0;1;1;91.0;0.0;0.0;12.0;0.0;0.0
2023;Norte;TO;Porto Nacional;3;1;0;1;1;261.0;0.0;0.0;22.0;0.0;0.0
2023;Norte;TO;Paraso do Tocantins;1;1;0;1;1;270.0;0.0;244.0;37.0;0.0;37.0
2023;Nordeste;MA;Pao do Lumiar;3;1;0;1;1;568.0;568.0;0.0;24.0;24.0;0.0
2023;Nordeste;MA;So Jos de Ribamar;2;1;0;1;1;481.0;0.0;481.0;26.0;0.0;26.0
2023;Nordeste;MA;So Lus;2;0;0;1;1;549.0;0.0;549.0;35.0;0.0;35.0
2023;Nordeste;MA;So Lus;2;1;0;1;1;1034.0;594.0;440.0;57.0;33.0;30.0
2023;Nordeste;MA;So Lus;1;0;0;1;1;641.0;316.0;278.0;71.0;40.0;44.0
2023;Nordeste;MA;So Lus;4;1;0;1;1;399.0;329.0;70.0;25.0;19.0;11.0
2023;Nordeste;MA;So Lus;1;1;0;0;1;4014.0;0.0;410.0;103.0;0.0;77.0
2023;Nordeste;MA;So Lus;2;1;0;1;1;1148.0;0.0;908.0;80.0;0.0;58.0
2023;Nordeste;MA;So Lus;2;1;0;1;1;1412.0;701.0;711.0;74.0;46.0;49.0
2023;Nordeste;MA;Viana;2;1;0;1;1;448.0;0.0;448.0;33.0;0.0;33.0
2023;Nordeste;MA;Z Doca;2;0;0;1;1;435.0;0.0;435.0;31.0;0.0;31.0
2023;Nordeste;MA;Imperatriz;2;0;0;1;1;1133.0;622.0;511.0;58.0;38.0;40.0
2023;Nordeste;MA;Imperatriz;1;1;1;1;1;1089.0;0.0;696.0;81.0;0.0;65.0
2023;Nordeste;MA;Pedreiras;3;1;0;0;1;27.0;13.0;0.0;2.0;1.0;0.0
2023;Nordeste;MA;So Mateus do Maranho;3;0;0;0;1;880.0;880.0;0.0;34.0;34.0;0.0
2023;Nordeste;MA;Caxias;3;1;0;1;1;503.0;503.0;0.0;29.0;29.0;0.0
2023;Nordeste;MA;So Lus;2;0;0;0;1;368.0;0.0;0.0;44.0;0.0;0.0
2023;Nordeste;MA;Barreirinhas;1;1;1;1;1;640.0;0.0;596.0;47.0;0.0;47.0
2023;Nordeste;MA;So Raimundo das Mangabeiras;1;1;0;1;1;448.0;0.0;336.0;50.0;0.0;45.0
2023;Nordeste;MA;Timon;1;1;0;1;1;654.0;0.0;542.0;66.0;0.0;64.0
2023;Nordeste;MA;Bacabal;1;1;0;1;1;368.0;0.0;301.0;46.0;0.0;43.0
2023;Nordeste;MA;Barra do Corda;1;1;0;1;1;552.0;0.0;434.0;45.0;0.0;43.0
2023;Nordeste;MA;Pinheiro;1;0;0;1;1;582.0;0.0;547.0;41.0;0.0;40.0
2023;Nordeste;MA;Caxias;1;1;0;1;1;547.0;0.0;495.0;54.0;0.0;52.0
2023;Nordeste;MA;So Lus;1;1;1;1;1;1865.0;0.0;1282.0;188.0;0.0;168.0
2023;Nordeste;MA;Cod;1;1;0;1;1;468.0;0.0;374.0;64.0;0.0;62.0
2023;Nordeste;MA;Cod;4;1;0;1;1;81.0;48.0;0.0;9.0;6.0;0.0
2023;Nordeste;MA;So Lus;4;1;1;1;1;618.0;0.0;5.0;18.0;0.0;3.0
2023;Nordeste;MA;So Joo dos Patos;1;1;0;1;1;397.0;0.0;354.0;38.0;0.0;37.0
2023;Nordeste;MA;So Lus;4;1;0;0;1;127.0;65.0;0.0;16.0;12.0;0.0
2023;Nordeste;MA;Timon;3;1;0;1;1;402.0;402.0;0.0;20.0;20.0;0.0
2023;Nordeste;MA;So Lus;2;1;0;1;1;;;;;;
2023;Nordeste;MA;Presidente Dutra;4;1;1;1;1;204.0;164.0;0.0;19.0;15.0;0.0
2023;Nordeste;MA;Itapecuru Mirim;2;1;0;1;1;56.0;0.0;56.0;8.0;0.0;8.0
2023;Nordeste;MA;Cod;4;1;0;1;1;378.0;274.0;0.0;24.0;18.0;0.0
2023;Nordeste;MA;Coelho Neto;1;1;0;1;1;517.0;0.0;434.0;37.0;0.0;34.0
2023;Nordeste;MA;So Jos de Ribamar;1;1;0;1;1;584.0;0.0;437.0;50.0;0.0;49.0
2023;Nordeste;MA;Pindar-Mirim;2;1;0;1;1;447.0;0.0;447.0;36.0;0.0;36.0
2023;Nordeste;MA;Pedreiras;2;1;0;1;1;6.0;0.0;0.0;2.0;0.0;0.0
2023;Nordeste;MA;Viana;1;1;0;1;1;372.0;0.0;217.0;29.0;0.0;29.0
2023;Nordeste;MA;Rosrio;1;0;0;1;1;475.0;0.0;346.0;21.0;0.0;21.0
2023;Nordeste;MA;Graja;1;1;0;1;1;544.0;0.0;333.0;39.0;0.0;38.0
2023;Nordeste;MA;Pedreiras;1;1;0;1;1;547.0;0.0;417.0;34.0;0.0;33.0
2023;Nordeste;MA;Porto Franco;1;1;0;1;1;204.0;0.0;128.0;21.0;0.0;20.0
2023;Nordeste;MA;Axix;2;1;0;1;1;488.0;0.0;488.0;35.0;0.0;35.0
2023;Nordeste;MA;Coroat;2;1;0;1;1;430.0;0.0;430.0;33.0;0.0;33.0
2023;Nordeste;MA;Timon;2;1;0;1;1;472.0;0.0;472.0;46.0;0.0;46.0
2023;Nordeste;MA;So Lus;4;1;0;1;1;711.0;0.0;0.0;26.0;0.0;0.0
2023;Nordeste;MA;Presidente Dutra;1;1;0;1;1;186.0;0.0;170.0;18.0;0.0;18.0
2023;Nordeste;MA;Itapecuru Mirim;1;1;0;1;1;307.0;0.0;237.0;22.0;0.0;22.0
2023;Nordeste;MA;Brejo;2;1;0;1;1;330.0;0.0;330.0;32.0;0.0;32.0
2023;Nordeste;MA;Cururupu;2;1;0;1;1;477.0;0.0;477.0;36.0;0.0;36.0
2023;Nordeste;MA;So Lus;2;1;0;1;1;507.0;0.0;507.0;35.0;0.0;35.0
2023;Nordeste;MA;Santa Ins;2;1;0;1;1;429.0;0.0;429.0;35.0;0.0;35.0
2023;Nordeste;MA;Carolina;1;1;0;1;1;140.0;0.0;0.0;15.0;0.0;0.0
2023;Nordeste;MA;Araioses;1;1;0;1;1;293.0;0.0;227.0;21.0;0.0;21.0
2023;Nordeste;MA;Pao do Lumiar;4;1;0;0;1;67.0;30.0;0.0;7.0;7.0;0.0
2023;Nordeste;MA;Timon;4;1;0;1;1;353.0;188.0;0.0;18.0;13.0;0.0
2023;Nordeste;MA;Cod;2;1;0;1;1;442.0;0.0;442.0;29.0;0.0;29.0
2023;Nordeste;MA;Bacabal;2;1;0;1;1;438.0;0.0;438.0;34.0;0.0;34.0
2023;Nordeste;MA;Santa Luzia do Paru;2;1;0;1;1;431.0;0.0;431.0;34.0;0.0;34.0
2023;Nordeste;MA;So Jos de Ribamar;3;1;0;1;1;443.0;381.0;0.0;19.0;17.0;0.0
2023;Nordeste;MA;So Lus;4;1;0;1;1;72.0;49.0;0.0;15.0;12.0;0.0
2023;Nordeste;MA;So Lus;2;0;0;1;1;99.0;0.0;0.0;19.0;0.0;0.0
2023;Nordeste;MA;Colinas;2;1;0;1;1;298.0;0.0;298.0;25.0;0.0;25.0
2023;Nordeste;MA;Peritor;2;0;0;0;1;98.0;0.0;98.0;9.0;0.0;9.0
2023;Nordeste;MA;Alto Alegre do Pindar;2;1;0;1;1;236.0;0.0;236.0;20.0;0.0;20.0
2023;Nordeste;MA;Aailndia;3;1;0;1;1;144.0;0.0;0.0;18.0;0.0;0.0
2023;Nordeste;MA;So Vicente Ferrer;3;1;0;0;1;202.0;202.0;0.0;13.0;13.0;0.0
2023;Nordeste;MA;So Lus;4;1;0;1;1;108.0;0.0;0.0;8.0;0.0;0.0
2023;Nordeste;MA;Raposa;3;1;0;1;1;700.0;700.0;0.0;28.0;28.0;0.0
2023;Nordeste;MA;Anapurus;3;1;0;1;1;306.0;306.0;0.0;25.0;25.0;0.0
2023;Nordeste;MA;Barreirinhas;4;0;0;0;1;45.0;0.0;45.0;8.0;0.0;8.0
2023;Nordeste;MA;Z Doca;4;1;0;1;1;104.0;0.0;104.0;16.0;0.0;16.0
2023;Nordeste;MA;Santa Ins;1;1;1;1;1;806.0;0.0;654.0;51.0;0.0;49.0
2023;Nordeste;MA;Z Doca;1;0;1;1;1;268.0;0.0;163.0;19.0;0.0;17.0
2023;Nordeste;MA;Alcntara;1;0;0;1;1;85.0;0.0;65.0;21.0;0.0;20.0
2023;Nordeste;MA;So Lus;1;1;1;1;1;457.0;0.0;379.0;75.0;0.0;71.0
2023;Nordeste;MA;Buriticupu;1;1;1;1;1;574.0;0.0;456.0;49.0;0.0;48.0
2023;Nordeste;MA;Aailndia;1;1;0;1;1;736.0;0.0;618.0;64.0;0.0;62.0
2023;Nordeste;PI;Teresina;1;1;0;1;1;389.0;0.0;186.0;35.0;0.0;24.0
2023;Nordeste;PI;Valena do Piau;2;1;0;1;1;506.0;219.0;250.0;38.0;34.0;34.0
2023;Nordeste;PI;Floriano;1;1;0;1;1;428.0;0.0;180.0;37.0;0.0;14.0
2023;Nordeste;PI;Bom Jesus;1;1;0;0;1;450.0;0.0;230.0;34.0;0.0;15.0
2023;Nordeste;PI;Oeiras;2;1;0;1;1;287.0;0.0;287.0;21.0;0.0;21.0
2023;Nordeste;PI;Picos;1;1;0;1;1;644.0;0.0;453.0;57.0;0.0;54.0
2023;Nordeste;PI;Floriano;1;1;0;1;1;647.0;0.0;522.0;72.0;0.0;69.0
2023;Nordeste;PI;Parnaba;1;1;0;1;1;599.0;0.0;378.0;59.0;0.0;48.0
2023;Nordeste;PI;Piripiri;1;1;0;1;1;389.0;0.0;347.0;59.0;0.0;51.0
2023;Nordeste;PI;Teresina;1;1;0;1;1;846.0;0.0;442.0;89.0;0.0;65.0
2023;Nordeste;PI;Angical do Piau;1;1;0;1;1;459.0;0.0;358.0;47.0;0.0;44.0
2023;Nordeste;PI;Corrente;1;1;0;1;1;602.0;0.0;514.0;58.0;0.0;56.0
2023;Nordeste;PI;Teresina;1;1;1;1;1;3142.0;0.0;1402.0;248.0;0.0;169.0
2023;Nordeste;PI;So Raimundo Nonato;1;1;0;1;1;443.0;0.0;354.0;52.0;0.0;41.0
2023;Nordeste;PI;Paulistana;1;1;0;1;1;442.0;0.0;433.0;56.0;0.0;55.0
2023;Nordeste;PI;Oeiras;1;1;0;1;1;432.0;0.0;318.0;40.0;0.0;35.0
2023;Nordeste;PI;Cocal;1;1;0;1;1;392.0;0.0;375.0;44.0;0.0;43.0
2023;Nordeste;PI;Campo Maior;1;1;0;1;1;483.0;0.0;346.0;42.0;0.0;36.0
2023;Nordeste;PI;So Joo do Piau;1;1;0;1;1;423.0;0.0;402.0;20.0;0.0;19.0
2023;Nordeste;PI;Pedro II;1;1;0;1;1;422.0;0.0;338.0;49.0;0.0;41.0
2023;Nordeste;PI;Valena do Piau;1;1;0;1;1;520.0;0.0;449.0;43.0;0.0;42.0
2023;Nordeste;PI;Teresina;4;1;0;1;1;90.0;0.0;0.0;5.0;0.0;0.0
2023;Nordeste;PI;Teresina;1;1;0;1;1;271.0;0.0;83.0;23.0;0.0;12.0
2023;Nordeste;PI;Jos de Freitas;1;1;0;1;1;137.0;0.0;69.0;24.0;0.0;17.0
2023;Nordeste;PI;Pio IX;1;1;0;1;1;134.0;0.0;96.0;19.0;0.0;15.0
2023;Nordeste;PI;Uruu;1;1;0;1;1;455.0;0.0;396.0;49.0;0.0;44.0
2023;Nordeste;CE;Camocim;2;1;1;1;1;561.0;0.0;519.0;34.0;0.0;33.0
2023;Nordeste;CE;So Benedito;2;1;0;0;1;208.0;0.0;186.0;14.0;0.0;14.0
2023;Nordeste;CE;Ubajara;2;1;0;0;1;352.0;0.0;352.0;22.0;0.0;22.0
2023;Nordeste;CE;Alcntaras;2;1;0;0;1;462.0;0.0;462.0;20.0;0.0;20.0
2023;Nordeste;CE;Ipu;4;1;0;1;1;363.0;226.0;57.0;37.0;21.0;21.0
2023;Nordeste;CE;Ipu;2;1;0;0;1;286.0;0.0;286.0;18.0;0.0;18.0
2023;Nordeste;CE;Reriutaba;2;1;1;1;1;486.0;0.0;486.0;31.0;0.0;31.0
2023;Nordeste;CE;Canind;2;1;1;1;1;516.0;0.0;497.0;30.0;0.0;29.0
2023;Nordeste;CE;Redeno;2;1;1;1;1;514.0;0.0;514.0;28.0;0.0;28.0
2023;Nordeste;CE;Caucaia;2;0;0;1;1;377.0;0.0;377.0;29.0;0.0;29.0
2023;Nordeste;CE;Eusbio;2;1;0;1;1;1254.0;0.0;1215.0;45.0;0.0;44.0
2023;Nordeste;CE;Fortaleza;1;1;1;1;1;2023.0;0.0;1367.0;225.0;0.0;185.0
2023;Nordeste;CE;Fortaleza;2;0;0;0;1;89.0;0.0;89.0;11.0;0.0;11.0
2023;Nordeste;CE;Fortaleza;2;0;0;1;1;135.0;24.0;48.0;27.0;17.0;19.0
2023;Nordeste;CE;Fortaleza;2;1;0;1;1;428.0;0.0;428.0;30.0;0.0;30.0
2023;Nordeste;CE;Fortaleza;2;1;1;1;1;459.0;0.0;459.0;37.0;0.0;37.0
2023;Nordeste;CE;Fortaleza;4;1;0;1;1;;;;;;
2023;Nordeste;CE;Fortaleza;4;1;0;0;1;112.0;52.0;0.0;13.0;8.0;0.0
2023;Nordeste;CE;Boa Viagem;2;1;1;1;1;519.0;0.0;519.0;31.0;0.0;31.0
2023;Nordeste;CE;Acopiara;2;1;0;1;1;341.0;0.0;341.0;26.0;0.0;26.0
2023;Nordeste;CE;Mombaa;2;1;0;1;1;346.0;0.0;346.0;22.0;0.0;22.0
2023;Nordeste;CE;Tabuleiro do Norte;2;1;1;1;1;513.0;0.0;513.0;34.0;0.0;34.0
2023;Nordeste;CE;Iguatu;1;1;0;1;1;642.0;0.0;455.0;66.0;0.0;60.0
2023;Nordeste;CE;Campos Sales;2;0;0;0;1;313.0;0.0;313.0;25.0;0.0;25.0
2023;Nordeste;CE;Crato;1;1;0;0;1;410.0;0.0;373.0;64.0;0.0;60.0
2023;Nordeste;CE;Crato;2;1;0;1;1;420.0;0.0;420.0;32.0;0.0;32.0
2023;Nordeste;CE;Juazeiro do Norte;2;1;0;1;1;486.0;0.0;486.0;33.0;0.0;33.0
2023;Nordeste;CE;Santana do Cariri;3;1;0;1;1;338.0;248.0;0.0;26.0;18.0;0.0
2023;Nordeste;CE;Juazeiro do Norte;1;1;1;1;1;525.0;0.0;304.0;60.0;0.0;50.0
2023;Nordeste;CE;Fortaleza;1;1;1;1;1;867.0;460.0;407.0;71.0;36.0;41.0
2023;Nordeste;CE;Hidrolndia;2;1;0;1;1;469.0;0.0;469.0;27.0;0.0;27.0
2023;Nordeste;CE;Aracati;1;0;1;1;1;308.0;0.0;216.0;48.0;0.0;37.0
2023;Nordeste;CE;Tiangu;1;1;1;1;1;142.0;0.0;0.0;18.0;0.0;0.0
2023;Nordeste;CE;Acara;1;1;1;1;1;377.0;0.0;167.0;45.0;0.0;31.0
2023;Nordeste;CE;Quixad;1;1;0;1;1;342.0;0.0;213.0;53.0;0.0;41.0
2023;Nordeste;CE;Tau;1;1;1;1;1;227.0;0.0;202.0;35.0;0.0;34.0
2023;Nordeste;CE;Juazeiro do Norte;2;1;0;1;1;493.0;0.0;493.0;28.0;0.0;28.0
2023;Nordeste;CE;Sobral;1;1;1;1;1;1011.0;0.0;0.0;74.0;0.0;0.0
2023;Nordeste;CE;Baturit;1;1;1;1;1;225.0;0.0;106.0;24.0;0.0;17.0
2023;Nordeste;CE;Sobral;2;1;0;0;1;463.0;0.0;463.0;34.0;0.0;34.0
2023;Nordeste;CE;Cedro;1;1;0;1;1;509.0;0.0;406.0;44.0;0.0;36.0
2023;Nordeste;CE;Jaguaribe;1;1;1;1;1;245.0;0.0;231.0;38.0;0.0;38.0
2023;Nordeste;CE;Santana do Acara;2;1;0;1;1;478.0;0.0;478.0;27.0;0.0;27.0
2023;Nordeste;CE;Fortaleza;4;1;0;1;1;306.0;256.0;0.0;20.0;16.0;0.0
2023;Nordeste;CE;Jardim;2;1;1;1;1;521.0;0.0;521.0;26.0;0.0;26.0
2023;Nordeste;CE;Viosa do Cear;2;1;0;0;1;521.0;0.0;521.0;31.0;0.0;31.0
2023;Nordeste;CE;Araripe;2;1;1;1;1;454.0;0.0;454.0;29.0;0.0;29.0
2023;Nordeste;CE;Crato;2;1;1;1;1;517.0;0.0;517.0;30.0;0.0;30.0
2023;Nordeste;CE;Caucaia;1;1;1;1;1;549.0;0.0;396.0;50.0;0.0;44.0
2023;Nordeste;CE;Umirim;1;1;1;1;1;252.0;0.0;220.0;32.0;0.0;32.0
2023;Nordeste;CE;Ubajara;1;1;1;1;1;57.0;0.0;0.0;14.0;0.0;0.0
2023;Nordeste;CE;Tabuleiro do Norte;1;1;1;1;1;363.0;0.0;168.0;38.0;0.0;28.0
2023;Nordeste;CE;Morada Nova;1;1;1;1;1;138.0;0.0;0.0;22.0;0.0;0.0
2023;Nordeste;CE;Jucs;2;1;1;1;1;406.0;0.0;406.0;23.0;0.0;23.0
2023;Nordeste;CE;Fortaleza;2;1;1;1;1;517.0;0.0;517.0;30.0;0.0;30.0
2023;Nordeste;CE;Fortaleza;4;1;0;1;1;203.0;203.0;0.0;24.0;24.0;0.0
2023;Nordeste;CE;Camocim;1;1;1;1;1;89.0;0.0;0.0;17.0;0.0;0.0
2023;Nordeste;CE;Uruburetama;2;1;1;1;1;507.0;0.0;507.0;26.0;0.0;26.0
2023;Nordeste;CE;Pacatuba;2;1;1;1;1;528.0;0.0;528.0;27.0;0.0;27.0
2023;Nordeste;CE;Fortaleza;2;1;0;1;1;504.0;0.0;504.0;29.0;0.0;29.0
2023;Nordeste;CE;Itapipoca;1;1;0;1;1;427.0;0.0;233.0;37.0;0.0;37.0
2023;Nordeste;CE;Jaguaruana;1;0;0;1;1;168.0;0.0;0.0;18.0;0.0;0.0
2023;Nordeste;CE;So Gonalo do Amarante;1;1;1;1;1;445.0;0.0;0.0;30.0;0.0;0.0
2023;Nordeste;CE;Guaramiranga;1;0;0;0;1;155.0;0.0;0.0;16.0;0.0;0.0
2023;Nordeste;CE;Barro;2;1;1;1;1;489.0;0.0;489.0;28.0;0.0;28.0
2023;Nordeste;CE;Horizonte;2;1;1;1;1;510.0;0.0;510.0;32.0;0.0;32.0
2023;Nordeste;CE;Sobral;2;0;1;1;1;536.0;0.0;524.0;29.0;0.0;27.0
2023;Nordeste;CE;Boa Viagem;1;1;1;1;1;194.0;0.0;152.0;30.0;0.0;24.0
2023;Nordeste;CE;Horizonte;1;1;1;1;1;135.0;0.0;0.0;17.0;0.0;0.0
2023;Nordeste;CE;Paracuru;1;1;1;1;1;71.0;0.0;0.0;18.0;0.0;0.0
2023;Nordeste;CE;Aracati;2;1;0;1;1;463.0;0.0;463.0;35.0;0.0;35.0
2023;Nordeste;CE;So Gonalo do Amarante;4;0;0;1;1;576.0;0.0;0.0;5.0;0.0;0.0
2023;Nordeste;CE;Quixeramobim;4;1;0;1;1;52.0;0.0;0.0;11.0;0.0;0.0
2023;Nordeste;CE;Juazeiro do Norte;4;1;1;1;1;483.0;0.0;0.0;13.0;0.0;0.0
2023;Nordeste;CE;Barbalha;4;1;0;1;1;137.0;0.0;0.0;5.0;0.0;0.0
2023;Nordeste;CE;Sobral;4;1;0;1;1;16.0;0.0;0.0;1.0;0.0;0.0
2023;Nordeste;CE;Baturit;2;1;0;1;1;515.0;0.0;515.0;27.0;0.0;27.0
2023;Nordeste;CE;Bela Cruz;2;1;1;0;1;513.0;0.0;513.0;32.0;0.0;32.0
2023;Nordeste;CE;Acopiara;1;1;1;1;1;174.0;0.0;96.0;22.0;0.0;19.0
2023;Nordeste;CE;Maranguape;1;1;1;1;1;176.0;0.0;164.0;25.0;0.0;22.0
2023;Nordeste;CE;Ocara;2;1;1;1;1;498.0;0.0;498.0;27.0;0.0;27.0
2023;Nordeste;CE;Maracana;4;1;0;0;1;191.0;99.0;0.0;8.0;4.0;0.0
2023;Nordeste;CE;Maracana;3;1;0;1;1;468.0;0.0;0.0;26.0;0.0;0.0
2023;Nordeste;CE;Fortaleza;4;1;0;1;1;375.0;277.0;0.0;29.0;21.0;0.0
2023;Nordeste;CE;Solonpole;2;1;1;1;1;281.0;0.0;281.0;17.0;0.0;17.0
2023;Nordeste;CE;Monsenhor Tabosa;2;1;1;0;1;230.0;0.0;230.0;17.0;0.0;17.0
2023;Nordeste;CE;Jijoca de Jericoacoara;2;1;1;1;1;344.0;0.0;344.0;18.0;0.0;18.0
2023;Nordeste;CE;General Sampaio;2;1;1;1;1;194.0;0.0;194.0;14.0;0.0;14.0
2023;Nordeste;CE;Juazeiro do Norte;2;1;0;1;1;363.0;0.0;326.0;22.0;0.0;22.0
2023;Nordeste;CE;Limoeiro do Norte;2;1;1;1;1;270.0;0.0;270.0;17.0;0.0;17.0
2023;Nordeste;CE;Icapu;2;1;0;1;1;279.0;0.0;279.0;17.0;0.0;17.0
2023;Nordeste;CE;Corea;2;1;1;1;1;271.0;0.0;271.0;18.0;0.0;18.0
2023;Nordeste;CE;Fortaleza;4;1;0;1;1;4.0;4.0;0.0;1.0;1.0;0.0
2023;Nordeste;CE;Fortaleza;4;1;1;1;1;335.0;73.0;0.0;22.0;7.0;0.0
2023;Nordeste;CE;Fortaleza;2;1;0;0;1;460.0;0.0;460.0;32.0;0.0;32.0
2023;Nordeste;CE;Jaguaribe;2;1;0;1;1;363.0;0.0;343.0;27.0;0.0;26.0
2023;Nordeste;CE;Pacajus;2;1;0;1;1;488.0;0.0;488.0;26.0;0.0;26.0
2023;Nordeste;CE;Maracana;1;1;1;1;1;695.0;0.0;239.0;66.0;0.0;37.0
2023;Nordeste;CE;Limoeiro do Norte;1;1;0;1;1;449.0;0.0;197.0;66.0;0.0;37.0
2023;Nordeste;CE;Tiangu;4;1;0;1;1;17.0;17.0;0.0;11.0;11.0;0.0
2023;Nordeste;CE;Fortaleza;4;1;0;1;1;289.0;289.0;0.0;23.0;23.0;0.0
2023;Nordeste;CE;Beberibe;2;1;0;1;1;511.0;0.0;511.0;28.0;0.0;28.0
2023;Nordeste;CE;Itaitinga;2;1;1;1;1;507.0;0.0;507.0;27.0;0.0;27.0
2023;Nordeste;CE;Canind;1;1;1;1;1;146.0;0.0;112.0;32.0;0.0;30.0
2023;Nordeste;CE;Crates;1;1;1;1;1;495.0;0.0;91.0;35.0;0.0;22.0
2023;Nordeste;CE;Guaraciaba do Norte;2;1;1;1;1;501.0;0.0;501.0;28.0;0.0;28.0
2023;Nordeste;CE;Quixeramobim;2;1;0;1;1;525.0;0.0;525.0;31.0;0.0;31.0
2023;Nordeste;CE;Ipueiras;2;1;0;1;1;484.0;0.0;484.0;26.0;0.0;26.0
2023;Nordeste;RN;Areia Branca;2;1;0;1;1;87.0;87.0;0.0;7.0;7.0;0.0
2023;Nordeste;RN;Mossor;3;1;0;1;1;254.0;215.0;0.0;11.0;9.0;0.0
2023;Nordeste;RN;Parelhas;3;1;0;1;1;238.0;183.0;0.0;14.0;9.0;0.0
2023;Nordeste;RN;Cear-Mirim;2;1;0;1;1;310.0;310.0;0.0;18.0;18.0;0.0
2023;Nordeste;RN;Cear-Mirim;2;1;0;1;1;282.0;208.0;0.0;12.0;10.0;0.0
2023;Nordeste;RN;Macaba;1;1;0;1;1;986.0;0.0;327.0;50.0;0.0;34.0
2023;Nordeste;RN;Natal;1;1;1;1;1;3047.0;0.0;1671.0;265.0;0.0;212.0
2023;Nordeste;RN;Natal;1;1;1;1;1;250.0;0.0;0.0;31.0;0.0;0.0
2023;Nordeste;RN;Parnamirim;4;0;1;1;1;232.0;179.0;0.0;19.0;15.0;0.0
2023;Nordeste;RN;Mossor;1;0;0;1;1;1108.0;0.0;585.0;91.0;0.0;74.0
2023;Nordeste;RN;Nova Cruz;1;1;0;1;1;674.0;0.0;550.0;63.0;0.0;60.0
2023;Nordeste;RN;Parnamirim;1;1;0;1;1;948.0;0.0;635.0;67.0;0.0;61.0
2023;Nordeste;RN;Natal;1;1;1;1;1;656.0;0.0;436.0;57.0;0.0;45.0
2023;Nordeste;RN;So Gonalo do Amarante;1;1;0;1;1;739.0;0.0;697.0;61.0;0.0;61.0
2023;Nordeste;RN;Currais Novos;1;1;0;1;1;622.0;0.0;622.0;54.0;0.0;54.0
2023;Nordeste;RN;Ipanguau;1;1;0;1;1;658.0;0.0;472.0;60.0;0.0;58.0
2023;Nordeste;RN;Natal;1;1;1;1;1;806.0;0.0;582.0;64.0;0.0;61.0
2023;Nordeste;RN;Canguaretama;1;1;1;1;1;601.0;0.0;488.0;53.0;0.0;53.0
2023;Nordeste;RN;Cear-Mirim;1;1;1;1;1;811.0;0.0;689.0;65.0;0.0;61.0
2023;Nordeste;RN;So Paulo do Potengi;1;1;1;1;1;791.0;0.0;713.0;64.0;0.0;64.0
2023;Nordeste;RN;Natal;1;0;1;1;1;943.0;0.0;0.0;1.0;0.0;0.0
2023;Nordeste;RN;Parelhas;1;1;1;1;1;412.0;0.0;388.0;29.0;0.0;29.0
2023;Nordeste;RN;Lajes;1;1;1;1;1;536.0;0.0;428.0;35.0;0.0;35.0
2023;Nordeste;RN;Natal;1;0;1;1;1;362.0;0.0;0.0;26.0;0.0;0.0
2023;Nordeste;RN;Jucurutu;1;1;0;1;1;17.0;0.0;0.0;13.0;0.0;0.0
2023;Nordeste;RN;Natal;1;1;0;1;1;275.0;0.0;0.0;41.0;0.0;0.0
2023;Nordeste;RN;Natal;4;1;0;1;1;147.0;109.0;0.0;15.0;12.0;0.0
2023;Nordeste;RN;Santa Cruz;1;1;1;1;1;728.0;0.0;573.0;57.0;0.0;54.0
2023;Nordeste;RN;Macau;1;1;0;1;1;591.0;0.0;532.0;52.0;0.0;52.0
2023;Nordeste;RN;Apodi;1;1;0;1;1;704.0;0.0;623.0;63.0;0.0;63.0
2023;Nordeste;RN;Pau dos Ferros;1;1;1;1;1;804.0;0.0;804.0;59.0;0.0;59.0
2023;Nordeste;RN;Joo Cmara;1;1;0;1;1;510.0;0.0;460.0;52.0;0.0;51.0
2023;Nordeste;RN;Caic;1;1;0;1;1;842.0;0.0;745.0;57.0;0.0;57.0
2023;Nordeste;PB;Cajazeiras;1;1;0;1;1;533.0;0.0;329.0;72.0;0.0;60.0
2023;Nordeste;PB;Sousa;1;1;0;1;1;500.0;0.0;334.0;79.0;0.0;75.0
2023;Nordeste;PB;Itaporanga;2;1;0;0;1;348.0;181.0;0.0;29.0;18.0;0.0
2023;Nordeste;PB;Bananeiras;1;1;0;1;1;455.0;0.0;157.0;67.0;0.0;48.0
2023;Nordeste;PB;Puxinan;2;1;0;1;1;184.0;21.0;163.0;18.0;10.0;18.0
2023;Nordeste;PB;Rio Tinto;2;0;0;1;1;215.0;100.0;9.0;17.0;12.0;7.0
2023;Nordeste;PB;Joo Pessoa;4;1;1;1;1;565.0;377.0;112.0;59.0;39.0;24.0
2023;Nordeste;PB;Joo Pessoa;1;1;1;1;1;1983.0;0.0;1209.0;261.0;0.0;211.0
2023;Nordeste;PB;Itaporanga;4;1;0;1;1;701.0;471.0;118.0;31.0;20.0;13.0
2023;Nordeste;PB;Santa Luzia;4;1;0;1;1;317.0;182.0;50.0;26.0;13.0;10.0
2023;Nordeste;PB;Joo Pessoa;1;1;1;1;1;661.0;0.0;0.0;44.0;0.0;0.0
2023;Nordeste;PB;Guarabira;1;1;0;1;1;420.0;0.0;420.0;36.0;0.0;36.0
2023;Nordeste;PB;Bayeux;2;1;0;1;1;413.0;0.0;413.0;22.0;0.0;22.0
2023;Nordeste;PB;Mamanguape;2;1;0;1;1;372.0;0.0;372.0;24.0;0.0;24.0
2023;Nordeste;PB;Joo Pessoa;2;1;0;1;1;432.0;0.0;432.0;27.0;0.0;27.0
2023;Nordeste;PB;Cabedelo;1;1;0;1;1;409.0;0.0;91.0;30.0;0.0;23.0
2023;Nordeste;PB;Catol do Rocha;1;1;0;1;1;420.0;0.0;420.0;27.0;0.0;27.0
2023;Nordeste;PB;Joo Pessoa;1;1;0;1;1;85.0;0.0;0.0;9.0;0.0;0.0
2023;Nordeste;PB;Santa Rita;1;1;0;1;1;350.0;0.0;350.0;28.0;0.0;28.0
2023;Nordeste;PB;Itabaiana;1;1;0;1;1;324.0;0.0;232.0;29.0;0.0;28.0
2023;Nordeste;PB;Esperana;1;1;0;1;1;288.0;0.0;229.0;26.0;0.0;25.0
2023;Nordeste;PB;Itaporanga;1;1;0;1;1;334.0;0.0;334.0;24.0;0.0;24.0
2023;Nordeste;PB;Soledade;1;1;0;1;1;103.0;0.0;0.0;8.0;0.0;0.0
2023;Nordeste;PB;Gado Bravo;4;1;0;0;1;17.0;7.0;0.0;1.0;1.0;0.0
2023;Nordeste;PB;Guarabira;2;1;1;1;1;617.0;0.0;617.0;27.0;0.0;27.0
2023;Nordeste;PB;Areia;1;1;0;1;1;117.0;0.0;0.0;10.0;0.0;0.0
2023;Nordeste;PB;Santa Luzia;1;1;0;1;1;192.0;0.0;106.0;16.0;0.0;14.0
2023;Nordeste;PB;Pedras de Fogo;1;0;0;0;1;153.0;0.0;0.0;13.0;0.0;0.0
2023;Nordeste;PB;Campina Grande;1;1;1;1;1;1340.0;0.0;1104.0;130.0;0.0;116.0
2023;Nordeste;PB;Joo Pessoa;2;1;0;1;1;;;;;;
2023;Nordeste;PB;Patos;1;1;0;1;1;731.0;0.0;484.0;65.0;0.0;62.0
2023;Nordeste;PB;Cabedelo;1;1;0;1;1;565.0;0.0;418.0;64.0;0.0;58.0
2023;Nordeste;PB;Princesa Isabel;1;1;0;1;1;313.0;0.0;236.0;39.0;0.0;39.0
2023;Nordeste;PB;Picu;1;1;1;1;1;596.0;0.0;542.0;54.0;0.0;54.0
2023;Nordeste;PB;Monteiro;1;1;0;1;1;373.0;0.0;350.0;40.0;0.0;40.0
2023;Nordeste;PE;Petrolina;1;1;0;1;1;487.0;0.0;311.0;68.0;0.0;50.0
2023;Nordeste;PE;Petrolina;1;1;1;1;1;1167.0;0.0;677.0;90.0;0.0;77.0
2023;Nordeste;PE;Belo Jardim;1;1;0;1;1;422.0;0.0;227.0;69.0;0.0;58.0
2023;Nordeste;PE;Caruaru;2;1;0;1;1;644.0;0.0;445.0;31.0;0.0;29.0
2023;Nordeste;PE;Vitria de Santo Anto;1;1;0;1;1;803.0;0.0;631.0;75.0;0.0;68.0
2023;Nordeste;PE;Olinda;4;0;0;1;1;28.0;28.0;0.0;5.0;5.0;0.0
2023;Nordeste;PE;Recife;1;1;1;1;1;411.0;239.0;172.0;61.0;47.0;38.0
2023;Nordeste;PE;Recife;2;1;0;1;1;670.0;0.0;428.0;32.0;0.0;23.0
2023;Nordeste;PE;So Loureno da Mata;1;1;0;1;1;560.0;0.0;245.0;56.0;0.0;32.0
2023;Nordeste;PE;Afogados da Ingazeira;1;1;0;1;1;467.0;0.0;312.0;52.0;0.0;38.0
2023;Nordeste;PE;Petrolina;2;1;0;1;1;461.0;256.0;205.0;31.0;15.0;18.0
2023;Nordeste;PE;Pesqueira;1;1;0;1;1;535.0;0.0;427.0;59.0;0.0;55.0
2023;Nordeste;PE;Caruaru;1;1;0;1;1;607.0;0.0;416.0;62.0;0.0;53.0
2023;Nordeste;PE;Santa Cruz do Capibaribe;4;1;0;0;1;81.0;30.0;0.0;8.0;4.0;0.0
2023;Nordeste;PE;Ch Grande;3;1;0;1;1;634.0;127.0;0.0;14.0;5.0;0.0
2023;Nordeste;PE;Garanhuns;1;1;0;1;1;793.0;0.0;633.0;64.0;0.0;55.0
2023;Nordeste;PE;Recife;4;1;0;1;1;322.0;237.0;0.0;20.0;15.0;0.0
2023;Nordeste;PE;Gravat;4;1;0;1;1;101.0;60.0;0.0;7.0;5.0;0.0
2023;Nordeste;PE;Santa Maria da Boa Vista;1;1;1;1;1;364.0;0.0;190.0;37.0;0.0;30.0
2023;Nordeste;PE;Serra Talhada;1;1;1;1;1;428.0;0.0;276.0;39.0;0.0;35.0
2023;Nordeste;PE;Paulista;1;1;0;1;1;373.0;0.0;76.0;36.0;0.0;17.0
2023;Nordeste;PE;Jaboato dos Guararapes;1;1;0;1;1;376.0;0.0;77.0;33.0;0.0;12.0
2023;Nordeste;PE;Cabo de Santo Agostinho;1;1;0;1;1;382.0;0.0;50.0;36.0;0.0;15.0
2023;Nordeste;PE;Olinda;1;1;0;1;1;432.0;0.0;30.0;27.0;0.0;11.0
2023;Nordeste;PE;Igarassu;1;1;0;1;1;247.0;0.0;0.0;30.0;0.0;0.0
2023;Nordeste;PE;Palmares;1;1;0;1;1;216.0;0.0;78.0;30.0;0.0;17.0
2023;Nordeste;PE;So Jos do Belmonte;2;1;0;1;1;584.0;0.0;413.0;28.0;0.0;23.0
2023;Nordeste;PE;Moreno;4;1;0;1;1;27.0;27.0;0.0;10.0;10.0;0.0
2023;Nordeste;PE;Ipojuca;1;0;0;1;1;639.0;0.0;197.0;69.0;0.0;36.0
2023;Nordeste;PE;Floresta;1;1;0;1;1;448.0;0.0;298.0;45.0;0.0;39.0
2023;Nordeste;PE;Ouricuri;1;1;0;1;1;550.0;0.0;344.0;51.0;0.0;47.0
2023;Nordeste;PE;Salgueiro;1;1;0;1;1;451.0;0.0;329.0;54.0;0.0;51.0
2023;Nordeste;AL;Murici;3;1;0;1;1;1038.0;863.0;0.0;41.0;35.0;0.0
2023;Nordeste;AL;Macei;1;1;1;1;1;2249.0;0.0;1856.0;239.0;0.0;219.0
2023;Nordeste;AL;Satuba;1;0;1;1;1;770.0;0.0;578.0;71.0;0.0;69.0
2023;Nordeste;AL;Santana do Ipanema;1;1;0;1;1;699.0;0.0;617.0;39.0;0.0;39.0
2023;Nordeste;AL;So Miguel dos Campos;1;1;1;1;1;466.0;0.0;199.0;26.0;0.0;18.0
2023;Nordeste;AL;Piranhas;1;1;1;1;1;556.0;0.0;502.0;58.0;0.0;56.0
2023;Nordeste;AL;Arapiraca;1;1;1;1;1;669.0;0.0;433.0;53.0;0.0;48.0
2023;Nordeste;AL;Murici;1;1;0;1;1;490.0;0.0;431.0;46.0;0.0;46.0
2023;Nordeste;AL;Maragogi;1;1;1;1;1;390.0;0.0;358.0;49.0;0.0;48.0
2023;Nordeste;AL;Penedo;1;1;0;1;1;529.0;0.0;402.0;43.0;0.0;43.0
2023;Nordeste;AL;Batalha;1;1;0;1;1;315.0;0.0;315.0;25.0;0.0;25.0
2023;Nordeste;AL;Rio Largo;1;1;0;0;1;176.0;0.0;0.0;22.0;0.0;0.0
2023;Nordeste;AL;Coruripe;1;1;1;1;1;445.0;0.0;444.0;34.0;0.0;34.0
2023;Nordeste;AL;Viosa;1;1;1;1;1;371.0;0.0;246.0;29.0;0.0;24.0
2023;Nordeste;AL;Delmiro Gouveia;4;1;0;1;1;406.0;322.0;29.0;31.0;27.0;13.0
2023;Nordeste;AL;Campo Alegre;2;1;0;1;1;565.0;0.0;369.0;33.0;0.0;28.0
2023;Nordeste;AL;Macei;1;1;0;1;1;271.0;0.0;129.0;25.0;0.0;16.0
2023;Nordeste;AL;Girau do Ponciano;3;0;0;1;1;172.0;0.0;0.0;30.0;0.0;0.0
2023;Nordeste;AL;Palmeira dos ndios;1;1;0;1;1;1070.0;0.0;972.0;78.0;0.0;78.0
2023;Nordeste;AL;Marechal Deodoro;1;1;0;1;1;772.0;0.0;673.0;58.0;0.0;55.0
2023;Nordeste;AL;Macei;4;1;0;1;1;47.0;0.0;0.0;2.0;0.0;0.0
2023;Nordeste;AL;Macei;1;1;0;1;1;143.0;0.0;0.0;15.0;0.0;0.0
2023;Nordeste;SE;Lagarto;1;1;0;1;1;587.0;0.0;417.0;60.0;0.0;55.0
2023;Nordeste;SE;Aracaju;1;1;1;1;1;1520.0;0.0;509.0;152.0;0.0;113.0
2023;Nordeste;SE;Aracaju;2;0;0;1;1;787.0;0.0;71.0;21.0;0.0;8.0
2023;Nordeste;SE;So Cristvo;1;1;0;1;1;566.0;0.0;390.0;72.0;0.0;64.0
2023;Nordeste;SE;Itabaianinha;4;1;0;1;1;297.0;177.0;20.0;23.0;16.0;10.0
2023;Nordeste;SE;Aracaju;2;1;1;1;1;139.0;0.0;0.0;41.0;0.0;0.0
2023;Nordeste;SE;Poo Redondo;2;0;0;1;1;346.0;0.0;151.0;21.0;0.0;19.0
2023;Nordeste;SE;Estncia;1;1;0;1;1;461.0;0.0;279.0;42.0;0.0;38.0
2023;Nordeste;SE;Nossa Senhora da Glria;1;1;0;1;1;45.0;0.0;43.0;23.0;0.0;19.0
2023;Nordeste;SE;Itabaiana;1;1;0;1;1;403.0;0.0;318.0;41.0;0.0;40.0
2023;Nordeste;SE;Boquim;2;1;0;1;1;131.0;0.0;57.0;13.0;0.0;11.0
2023;Nordeste;SE;Tobias Barreto;1;0;1;1;1;167.0;0.0;39.0;16.0;0.0;8.0
2023;Nordeste;SE;Propri;1;1;1;1;1;57.0;0.0;0.0;7.0;0.0;0.0
2023;Nordeste;SE;Carmpolis;2;0;0;1;1;638.0;0.0;317.0;28.0;0.0;22.0
2023;Nordeste;SE;Nossa Senhora do Socorro;1;1;1;1;1;310.0;0.0;77.0;26.0;0.0;14.0
2023;Nordeste;SE;Nepolis;2;0;0;1;1;753.0;0.0;428.0;34.0;0.0;30.0
2023;Nordeste;BA;Bom Jesus da Lapa;3;1;0;1;1;202.0;171.0;0.0;10.0;10.0;0.0
2023;Nordeste;BA;Ibitit;3;0;0;0;1;98.0;74.0;0.0;12.0;10.0;0.0
2023;Nordeste;BA;Morro do Chapu;3;1;0;1;1;204.0;85.0;0.0;15.0;9.0;0.0
2023;Nordeste;BA;Conceio do Coit;3;1;0;1;1;226.0;226.0;0.0;11.0;11.0;0.0
2023;Nordeste;BA;Catu;1;1;1;1;1;471.0;0.0;329.0;78.0;0.0;68.0
2023;Nordeste;BA;Salvador;1;1;1;0;1;671.0;363.0;308.0;76.0;41.0;36.0
2023;Nordeste;BA;Salvador;2;0;0;0;1;721.0;434.0;0.0;35.0;26.0;0.0
2023;Nordeste;BA;Salvador;1;1;1;1;1;2358.0;0.0;1858.0;259.0;0.0;240.0
2023;Nordeste;BA;Cacul;3;1;0;1;1;345.0;323.0;0.0;22.0;21.0;0.0
2023;Nordeste;BA;Itapetinga;1;1;0;1;1;601.0;0.0;505.0;53.0;0.0;42.0
2023;Nordeste;BA;Valena;1;1;0;1;1;519.0;0.0;436.0;62.0;0.0;49.0
2023;Nordeste;BA;Ilhus;4;1;0;1;1;;;;;;
2023;Nordeste;BA;Uruuca;1;1;0;1;1;443.0;0.0;177.0;64.0;0.0;36.0
2023;Nordeste;BA;Teixeira de Freitas;1;1;0;1;1;454.0;0.0;276.0;43.0;0.0;40.0
2023;Nordeste;BA;Eunpolis;1;1;1;1;1;730.0;0.0;584.0;62.0;0.0;58.0
2023;Nordeste;BA;Guanambi;1;1;0;1;1;827.0;0.0;514.0;36.0;0.0;21.0
2023;Nordeste;BA;Barreiras;1;1;0;1;1;724.0;0.0;461.0;85.0;0.0;73.0
2023;Nordeste;BA;Valena;1;1;1;1;1;580.0;0.0;580.0;66.0;0.0;66.0
2023;Nordeste;BA;Riacho de Santana;3;1;0;1;1;161.0;141.0;0.0;17.0;15.0;0.0
2023;Nordeste;BA;Vitria da Conquista;1;0;0;1;1;746.0;0.0;505.0;104.0;0.0;80.0
2023;Nordeste;BA;Quixabeira;4;1;0;1;1;234.0;68.0;166.0;14.0;9.0;13.0
2023;Nordeste;BA;Santa Ins;1;1;0;1;1;733.0;0.0;517.0;62.0;0.0;56.0
2023;Nordeste;BA;Salvador;4;1;1;1;1;606.0;316.0;252.0;38.0;21.0;18.0
2023;Nordeste;BA;Lagoa Real;3;0;0;0;1;228.0;228.0;0.0;20.0;20.0;0.0
2023;Nordeste;BA;Irec;1;1;0;1;1;510.0;0.0;448.0;54.0;0.0;50.0
2023;Nordeste;BA;Jequi;1;1;0;1;1;587.0;0.0;413.0;55.0;0.0;50.0
2023;Nordeste;BA;Paulo Afonso;1;1;1;1;1;408.0;0.0;309.0;56.0;0.0;51.0
2023;Nordeste;BA;Senhor do Bonfim;1;1;0;1;1;1406.0;0.0;510.0;80.0;0.0;52.0
2023;Nordeste;BA;Bonito;3;0;0;0;1;32.0;0.0;0.0;4.0;0.0;0.0
2023;Nordeste;BA;Dias d'vila;4;1;0;1;1;72.0;37.0;0.0;7.0;4.0;0.0
2023;Nordeste;BA;Feira de Santana;1;1;0;1;1;413.0;0.0;311.0;57.0;0.0;50.0
2023;Nordeste;BA;Seabra;1;1;0;1;1;542.0;0.0;542.0;41.0;0.0;41.0
2023;Nordeste;BA;Ilhus;1;1;0;1;1;633.0;0.0;520.0;55.0;0.0;54.0
2023;Nordeste;BA;Jacobina;1;1;0;1;1;736.0;0.0;504.0;57.0;0.0;53.0
2023;Nordeste;BA;Esplanada;4;1;0;1;1;330.0;225.0;44.0;21.0;16.0;11.0
2023;Nordeste;BA;Governador Mangabeira;1;1;0;1;1;882.0;0.0;358.0;58.0;0.0;43.0
2023;Nordeste;BA;Mara;4;1;0;1;1;155.0;122.0;0.0;21.0;19.0;0.0
2023;Nordeste;BA;Salvador;4;0;0;1;1;642.0;342.0;263.0;43.0;28.0;26.0
2023;Nordeste;BA;Brumado;1;1;0;1;1;562.0;0.0;368.0;56.0;0.0;48.0
2023;Nordeste;BA;Simes Filho;4;0;0;1;1;61.0;25.0;0.0;3.0;3.0;0.0
2023;Nordeste;BA;Salvador;4;1;0;1;1;797.0;492.0;208.0;32.0;23.0;14.0
2023;Nordeste;BA;Juazeiro;1;1;0;1;1;447.0;0.0;298.0;33.0;0.0;33.0
2023;Nordeste;BA;Salvador;4;0;0;1;1;53.0;9.0;0.0;4.0;1.0;0.0
2023;Nordeste;BA;Serrinha;1;1;1;1;1;375.0;0.0;192.0;34.0;0.0;31.0
2023;Nordeste;BA;Ubaitaba;1;1;0;1;1;158.0;0.0;0.0;9.0;0.0;0.0
2023;Nordeste;BA;Euclides da Cunha;1;1;0;1;1;459.0;0.0;300.0;42.0;0.0;37.0
2023;Nordeste;BA;Santo Antnio de Jesus;1;1;0;1;1;79.0;0.0;79.0;14.0;0.0;14.0
2023;Nordeste;BA;Alagoinhas;1;1;1;1;1;703.0;0.0;450.0;32.0;0.0;32.0
2023;Nordeste;BA;Itaberaba;1;1;1;1;1;379.0;0.0;269.0;30.0;0.0;30.0
2023;Nordeste;BA;Xique-Xique;1;0;1;1;1;647.0;0.0;254.0;48.0;0.0;27.0
2023;Nordeste;BA;Alagoinhas;4;1;0;1;1;141.0;106.0;0.0;8.0;8.0;0.0
2023;Nordeste;BA;Lauro de Freitas;1;1;0;1;1;70.0;0.0;33.0;26.0;0.0;10.0
2023;Nordeste;BA;Jequi;4;1;0;1;1;137.0;80.0;0.0;12.0;8.0;0.0
2023;Nordeste;BA;Nova Viosa;4;0;0;1;1;24.0;19.0;0.0;3.0;2.0;0.0
2023;Nordeste;BA;Coaraci;3;1;0;1;1;;;;;;
2023;Nordeste;BA;Salvador;4;1;0;1;1;379.0;188.0;30.0;21.0;13.0;9.0
2023;Nordeste;BA;Porto Seguro;4;1;0;1;1;19.0;6.0;0.0;5.0;3.0;0.0
2023;Nordeste;BA;Salvador;4;1;0;1;1;320.0;244.0;76.0;16.0;16.0;9.0
2023;Nordeste;BA;Salvador;4;0;0;0;1;64.0;0.0;0.0;2.0;0.0;0.0
2023;Nordeste;BA;Malhada de Pedras;3;0;0;0;1;;;;;;
2023;Nordeste;BA;Morro do Chapu;3;1;0;1;1;458.0;458.0;0.0;20.0;20.0;0.0
2023;Nordeste;BA;Santo Amaro;1;1;1;1;1;459.0;0.0;315.0;56.0;0.0;52.0
2023;Nordeste;BA;Porto Seguro;1;1;0;1;1;398.0;0.0;398.0;53.0;0.0;53.0
2023;Nordeste;BA;Camaari;1;1;0;1;1;378.0;0.0;327.0;54.0;0.0;51.0
2023;Nordeste;BA;Feira de Santana;4;1;0;1;1;55.0;39.0;0.0;7.0;5.0;0.0
2023;Nordeste;BA;Simes Filho;1;0;0;1;1;797.0;0.0;556.0;71.0;0.0;60.0
2023;Nordeste;BA;Salvador;4;1;0;1;1;54.0;38.0;0.0;4.0;4.0;0.0
2023;Nordeste;BA;Salvador;4;0;0;1;1;252.0;142.0;0.0;10.0;7.0;0.0
2023;Sudeste;MG;Belo Horizonte;1;1;1;1;1;685.0;0.0;573.0;60.0;0.0;59.0
2023;Sudeste;MG;Ouro Branco;1;0;1;1;1;375.0;0.0;345.0;39.0;0.0;37.0
2023;Sudeste;MG;Betim;1;1;1;1;1;518.0;0.0;518.0;55.0;0.0;55.0
2023;Sudeste;MG;Ribeiro das Neves;1;1;1;1;1;362.0;0.0;303.0;28.0;0.0;21.0
2023;Sudeste;MG;Santos Dumont;1;1;1;1;1;536.0;0.0;258.0;53.0;0.0;41.0
2023;Sudeste;MG;Passos;1;1;0;1;1;802.0;0.0;300.0;53.0;0.0;42.0
2023;Sudeste;MG;Poos de Caldas;1;1;1;1;1;703.0;0.0;301.0;59.0;0.0;51.0
2023;Sudeste;MG;Belo Horizonte;4;1;1;1;1;118.0;0.0;0.0;13.0;0.0;0.0
2023;Sudeste;MG;Pouso Alegre;1;1;0;1;1;2807.0;0.0;375.0;53.0;0.0;44.0
2023;Sudeste;MG;Belo Horizonte;4;1;1;1;1;3512.0;2346.0;949.0;185.0;122.0;72.0
2023;Sudeste;MG;Contagem;1;0;1;1;1;308.0;0.0;308.0;34.0;0.0;34.0
2023;Sudeste;MG;Belo Horizonte;4;1;1;1;1;1568.0;1097.0;318.0;85.0;66.0;27.0
2023;Sudeste;MG;Belo Horizonte;1;0;1;1;1;83.0;0.0;0.0;8.0;0.0;0.0
2023;Sudeste;MG;Uberlndia;1;0;1;1;1;394.0;0.0;333.0;32.0;0.0;30.0
2023;Sudeste;MG;Patrocnio;1;1;1;1;1;622.0;0.0;344.0;66.0;0.0;47.0
2023;Sudeste;MG;Carmo de Minas;1;1;1;1;1;890.0;0.0;179.0;19.0;0.0;17.0
2023;Sudeste;MG;Trs Coraes;1;1;0;1;1;716.0;0.0;276.0;29.0;0.0;29.0
2023;Sudeste;MG;Patos de Minas;1;1;0;1;1;452.0;0.0;375.0;38.0;0.0;38.0
2023;Sudeste;MG;Contagem;3;1;0;1;1;302.0;0.0;248.0;32.0;0.0;29.0
2023;Sudeste;MG;Contagem;4;1;1;1;1;1234.0;892.0;252.0;72.0;52.0;21.0
2023;Sudeste;MG;Contagem;3;1;1;1;1;157.0;0.0;157.0;17.0;0.0;17.0
2023;Sudeste;MG;Contagem;3;1;0;1;1;387.0;0.0;387.0;32.0;0.0;32.0
2023;Sudeste;MG;Contagem;4;1;0;1;1;450.0;300.0;92.0;31.0;25.0;13.0
2023;Sudeste;MG;Piumhi;1;1;0;1;1;203.0;0.0;203.0;17.0;0.0;17.0
2023;Sudeste;MG;Ponte Nova;1;1;1;1;1;301.0;0.0;301.0;20.0;0.0;20.0
2023;Sudeste;MG;Contagem;3;1;1;1;1;525.0;0.0;504.0;41.0;0.0;36.0
2023;Sudeste;MG;Contagem;3;0;0;1;1;434.0;0.0;434.0;26.0;0.0;26.0
2023;Sudeste;MG;Conselheiro Lafaiete;1;1;0;1;1;395.0;0.0;263.0;21.0;0.0;21.0
2023;Sudeste;MG;Barbacena;1;1;1;1;1;716.0;0.0;526.0;108.0;0.0;87.0
2023;Sudeste;MG;Itabirito;1;1;1;1;1;204.0;0.0;204.0;19.0;0.0;19.0
2023;Sudeste;MG;Uberaba;1;1;0;1;1;301.0;0.0;301.0;32.0;0.0;32.0
2023;Sudeste;MG;Campina Verde;1;0;0;0;1;165.0;0.0;56.0;17.0;0.0;14.0
2023;Sudeste;MG;Janaba;1;0;1;1;1;368.0;0.0;207.0;20.0;0.0;18.0
2023;Sudeste;MG;Tefilo Otoni;1;1;1;1;1;785.0;0.0;352.0;29.0;0.0;28.0
2023;Sudeste;MG;Diamantina;1;0;1;1;1;666.0;0.0;308.0;30.0;0.0;30.0
2023;Sudeste;MG;Arcos;1;0;1;1;1;365.0;0.0;173.0;31.0;0.0;20.0
2023;Sudeste;MG;Porteirinha;1;1;1;1;1;252.0;0.0;229.0;21.0;0.0;20.0
2023;Sudeste;MG;Montes Claros;1;1;0;1;1;230.0;0.0;0.0;7.0;0.0;0.0
2023;Sudeste;MG;Bambu;1;1;1;1;1;619.0;0.0;546.0;105.0;0.0;102.0
2023;Sudeste;MG;Florestal;1;1;1;1;1;833.0;0.0;267.0;64.0;0.0;60.0
2023;Sudeste;MG;Corinto;1;1;0;0;1;128.0;0.0;0.0;3.0;0.0;0.0
2023;Sudeste;MG;Manhuau;1;0;0;1;1;42.0;0.0;0.0;13.0;0.0;0.0
2023;Sudeste;MG;Bom Sucesso;1;1;0;1;1;108.0;0.0;0.0;15.0;0.0;0.0
2023;Sudeste;MG;Cataguases;1;1;0;1;1;108.0;0.0;0.0;9.0;0.0;0.0
2023;Sudeste;MG;Ub;1;1;0;1;1;127.0;0.0;0.0;9.0;0.0;0.0
2023;Sudeste;MG;Ibirit;1;1;1;1;1;489.0;0.0;338.0;39.0;0.0;38.0
2023;Sudeste;MG;So Joo Evangelista;1;1;1;1;1;640.0;0.0;600.0;71.0;0.0;67.0
2023;Sudeste;MG;Inconfidentes;1;1;0;1;1;1633.0;0.0;630.0;92.0;0.0;86.0
2023;Sudeste;MG;Sapuca-Mirim;3;0;0;0;1;27.0;13.0;0.0;4.0;3.0;0.0
2023;Sudeste;MG;Sapuca-Mirim;3;1;0;0;1;22.0;17.0;0.0;4.0;4.0;0.0
2023;Sudeste;MG;Sapuca-Mirim;3;1;0;0;1;50.0;40.0;0.0;5.0;4.0;0.0
2023;Sudeste;MG;Sapuca-Mirim;3;1;0;0;1;50.0;42.0;0.0;11.0;10.0;0.0
2023;Sudeste;MG;Januria;1;1;0;1;1;725.0;0.0;671.0;85.0;0.0;69.0
2023;Sudeste;MG;Juiz de Fora;1;1;1;1;1;957.0;0.0;596.0;141.0;0.0;109.0
2023;Sudeste;MG;Bom Jardim de Minas;3;1;0;1;1;100.0;0.0;0.0;9.0;0.0;0.0
2023;Sudeste;MG;Viosa;1;1;1;1;1;481.0;0.0;481.0;36.0;0.0;36.0
2023;Sudeste;MG;Serra dos Aimors;3;0;0;0;1;77.0;61.0;0.0;4.0;3.0;0.0
2023;Sudeste;MG;Uberaba;1;1;0;1;1;837.0;0.0;747.0;95.0;0.0;91.0
2023;Sudeste;MG;Uberlndia;1;1;0;1;1;656.0;0.0;567.0;72.0;0.0;69.0
2023;Sudeste;MG;Uberlndia;1;1;1;1;1;391.0;0.0;0.0;40.0;0.0;0.0
2023;Sudeste;MG;Machado;1;1;1;1;1;1027.0;0.0;639.0;84.0;0.0;64.0
2023;Sudeste;MG;Rio Pomba;1;1;1;1;1;715.0;0.0;454.0;113.0;0.0;89.0
2023;Sudeste;MG;Guaxup;4;1;0;1;1;19.0;8.0;0.0;9.0;3.0;0.0
2023;Sudeste;MG;Ipatinga;4;0;0;1;1;502.0;0.0;0.0;26.0;0.0;0.0
2023;Sudeste;MG;Contagem;3;0;1;1;1;281.0;0.0;281.0;20.0;0.0;20.0
2023;Sudeste;MG;Contagem;3;1;1;1;1;273.0;0.0;273.0;19.0;0.0;19.0
2023;Sudeste;MG;Leopoldina;1;1;1;1;1;380.0;0.0;272.0;56.0;0.0;55.0
2023;Sudeste;MG;Paraopeba;4;1;0;1;1;82.0;82.0;0.0;9.0;9.0;0.0
2023;Sudeste;MG;Salinas;1;1;0;1;1;596.0;0.0;596.0;69.0;0.0;69.0
2023;Sudeste;MG;Itanhandu;4;1;0;1;1;35.0;18.0;0.0;5.0;3.0;0.0
2023;Sudeste;MG;Prados;4;1;0;1;1;19.0;10.0;0.0;5.0;1.0;0.0
2023;Sudeste;MG;Arax;1;1;1;1;1;509.0;0.0;376.0;73.0;0.0;67.0
2023;Sudeste;MG;Muzambinho;1;1;1;1;1;2519.0;0.0;717.0;93.0;0.0;72.0
2023;Sudeste;MG;Ouro Fino;4;1;0;1;1;51.0;36.0;0.0;10.0;6.0;0.0
2023;Sudeste;MG;Belo Horizonte;4;1;1;1;1;1438.0;1041.0;258.0;82.0;59.0;28.0
2023;Sudeste;MG;Belo Horizonte;1;1;1;1;1;2486.0;0.0;1849.0;343.0;0.0;313.0
2023;Sudeste;MG;Visconde do Rio Branco;4;1;0;1;1;89.0;52.0;0.0;15.0;7.0;0.0
2023;Sudeste;MG;Pouso Alegre;4;1;0;1;1;162.0;133.0;0.0;21.0;18.0;0.0
2023;Sudeste;MG;Cataguases;4;1;1;1;1;151.0;132.0;0.0;19.0;13.0;0.0
2023;Sudeste;MG;Itabirito;4;1;0;1;1;123.0;86.0;0.0;43.0;28.0;0.0
2023;Sudeste;MG;Ouro Preto;1;1;1;1;1;1327.0;0.0;1093.0;136.0;0.0;123.0
2023;Sudeste;MG;Belo Horizonte;1;1;1;1;1;414.0;414.0;0.0;60.0;60.0;0.0
2023;Sudeste;MG;Belo Horizonte;4;1;0;1;1;178.0;117.0;57.0;24.0;22.0;14.0
2023;Sudeste;MG;Montes Claros;2;0;1;0;1;413.0;0.0;0.0;24.0;0.0;0.0
2023;Sudeste;MG;Contagem;4;0;0;1;1;91.0;0.0;0.0;5.0;0.0;0.0
2023;Sudeste;MG;Carlos Chagas;4;1;0;1;1;60.0;24.0;0.0;8.0;3.0;0.0
2023;Sudeste;MG;Congonhal;3;1;0;0;1;227.0;0.0;0.0;17.0;0.0;0.0
2023;Sudeste;MG;Abaet;4;1;0;1;1;20.0;12.0;0.0;8.0;3.0;0.0
2023;Sudeste;MG;Divinpolis;1;1;0;1;1;425.0;0.0;319.0;60.0;0.0;57.0
2023;Sudeste;MG;Nova Lima;4;0;0;0;1;189.0;0.0;189.0;25.0;0.0;25.0
2023;Sudeste;MG;Bela Vista de Minas;4;1;0;1;1;8.0;8.0;0.0;7.0;7.0;0.0
2023;Sudeste;MG;Capelinha;4;1;0;1;1;40.0;11.0;0.0;9.0;4.0;0.0
2023;Sudeste;MG;Curvelo;4;0;0;0;1;50.0;0.0;0.0;3.0;0.0;0.0
2023;Sudeste;MG;Fronteira;4;1;0;1;1;34.0;25.0;0.0;5.0;4.0;0.0
2023;Sudeste;MG;Belo Horizonte;1;1;0;1;1;667.0;369.0;298.0;74.0;38.0;38.0
2023;Sudeste;MG;Juiz de Fora;1;1;0;1;1;815.0;448.0;367.0;70.0;35.0;39.0
2023;Sudeste;MG;Peanha;4;1;0;1;1;55.0;17.0;0.0;10.0;3.0;0.0
2023;Sudeste;MG;Uberaba;1;1;1;1;1;310.0;0.0;0.0;33.0;0.0;0.0
2023;Sudeste;MG;Rio Vermelho;4;1;0;1;1;23.0;18.0;0.0;3.0;2.0;0.0
2023;Sudeste;MG;Andradas;4;0;0;0;1;311.0;214.0;0.0;18.0;12.0;0.0
2023;Sudeste;MG;Contagem;3;0;0;1;1;257.0;0.0;257.0;15.0;0.0;15.0
2023;Sudeste;MG;Contagem;3;1;0;1;1;265.0;0.0;265.0;18.0;0.0;18.0
2023;Sudeste;MG;Itabira;4;1;0;1;1;544.0;0.0;0.0;14.0;0.0;0.0
2023;Sudeste;MG;Poos de Caldas;4;1;0;1;1;71.0;53.0;0.0;10.0;8.0;0.0
2023;Sudeste;MG;Passos;4;1;1;0;1;103.0;0.0;0.0;28.0;0.0;0.0
2023;Sudeste;MG;Santa Juliana;4;0;0;1;1;11.0;11.0;0.0;1.0;1.0;0.0
2023;Sudeste;MG;Uberlndia;3;1;0;1;1;104.0;0.0;0.0;9.0;0.0;0.0
2023;Sudeste;MG;Timteo;1;1;1;1;1;400.0;0.0;298.0;47.0;0.0;42.0
2023;Sudeste;MG;Varginha;1;1;0;1;1;354.0;0.0;313.0;46.0;0.0;46.0
2023;Sudeste;MG;Nepomuceno;1;1;1;1;1;288.0;0.0;228.0;47.0;0.0;44.0
2023;Sudeste;MG;Chapada Gacha;3;0;0;0;1;117.0;0.0;0.0;8.0;0.0;0.0
2023;Sudeste;MG;Formiga;1;1;1;1;1;278.0;0.0;278.0;44.0;0.0;44.0
2023;Sudeste;MG;Montes Claros;3;1;0;0;1;193.0;0.0;0.0;16.0;0.0;0.0
2023;Sudeste;MG;Congonhas;1;1;1;1;1;602.0;0.0;318.0;62.0;0.0;53.0
2023;Sudeste;MG;Ituiutaba;1;0;0;1;1;588.0;0.0;484.0;62.0;0.0;61.0
2023;Sudeste;MG;Paracatu;1;1;0;1;1;609.0;0.0;590.0;56.0;0.0;53.0
2023;Sudeste;MG;Arinos;1;1;1;1;1;648.0;0.0;443.0;51.0;0.0;50.0
2023;Sudeste;MG;So Gonalo do Rio Abaixo;4;1;0;1;1;63.0;0.0;0.0;3.0;0.0;0.0
2023;Sudeste;MG;Araua;1;1;1;1;1;632.0;0.0;430.0;55.0;0.0;45.0
2023;Sudeste;MG;Governador Valadares;1;1;0;1;1;368.0;0.0;337.0;42.0;0.0;40.0
2023;Sudeste;MG;Curvelo;1;1;0;1;1;295.0;0.0;295.0;39.0;0.0;39.0
2023;Sudeste;MG;Muria;1;1;1;1;1;536.0;0.0;454.0;61.0;0.0;49.0
2023;Sudeste;MG;So Joo del Rei;1;1;1;1;1;394.0;0.0;160.0;51.0;0.0;27.0
2023;Sudeste;MG;Pirapora;1;1;0;1;1;767.0;0.0;389.0;47.0;0.0;41.0
2023;Sudeste;MG;Montes Claros;1;1;1;1;1;506.0;0.0;309.0;55.0;0.0;41.0
2023;Sudeste;MG;Almenara;1;1;1;1;1;546.0;0.0;450.0;49.0;0.0;44.0
2023;Sudeste;MG;Oliveira;4;1;0;1;1;215.0;121.0;62.0;36.0;23.0;16.0
2023;Sudeste;MG;Sabar;1;1;1;1;1;329.0;0.0;329.0;41.0;0.0;41.0
2023;Sudeste;MG;Santa Luzia;1;1;1;1;1;343.0;0.0;225.0;37.0;0.0;29.0
2023;Sudeste;MG;Ipatinga;1;1;1;1;1;221.0;0.0;221.0;20.0;0.0;20.0
2023;Sudeste;MG;Contagem;3;1;0;1;1;163.0;0.0;163.0;12.0;0.0;12.0
2023;Sudeste;MG;Ibirit;4;1;0;1;1;59.0;27.0;0.0;6.0;4.0;0.0
2023;Sudeste;MG;Ub;3;1;0;1;1;;;;;;
2023;Sudeste;MG;Nova Lima;4;0;0;1;1;97.0;97.0;0.0;15.0;15.0;0.0
2023;Sudeste;MG;Belo Horizonte;4;0;1;1;1;1290.0;1172.0;0.0;70.0;65.0;0.0
2023;Sudeste;MG;Rodeiro;3;1;0;1;1;130.0;0.0;0.0;18.0;0.0;0.0
2023;Sudeste;MG;Contagem;3;1;0;1;1;646.0;646.0;0.0;33.0;33.0;0.0
2023;Sudeste;MG;Itabira;4;1;0;0;1;33.0;0.0;0.0;;;
2023;Sudeste;ES;Colatina;1;1;1;1;1;578.0;0.0;525.0;75.0;0.0;67.0
2023;Sudeste;ES;Colatina;1;1;0;1;1;678.0;0.0;648.0;61.0;0.0;59.0
2023;Sudeste;ES;Sooretama;3;1;0;1;1;708.0;708.0;0.0;52.0;52.0;0.0
2023;Sudeste;ES;Santa Teresa;1;1;1;1;1;582.0;0.0;559.0;60.0;0.0;59.0
2023;Sudeste;ES;Vila Velha;2;1;1;1;1;1026.0;0.0;0.0;92.0;0.0;0.0
2023;Sudeste;ES;Vitria;1;1;1;1;1;2288.0;0.0;840.0;253.0;0.0;139.0
2023;Sudeste;ES;Alegre;1;1;0;1;1;613.0;0.0;613.0;58.0;0.0;58.0
2023;Sudeste;ES;Brejetuba;3;1;0;1;1;108.0;108.0;0.0;8.0;8.0;0.0
2023;Sudeste;ES;Serra;1;1;0;1;1;656.0;0.0;282.0;62.0;0.0;36.0
2023;Sudeste;ES;Pima;1;1;1;1;1;518.0;0.0;485.0;45.0;0.0;44.0
2023;Sudeste;ES;Vila Velha;1;1;1;1;1;373.0;0.0;214.0;40.0;0.0;33.0
2023;Sudeste;ES;Ibatiba;1;1;0;1;1;419.0;0.0;419.0;41.0;0.0;41.0
2023;Sudeste;ES;Cachoeiro de Itapemirim;1;1;1;1;1;662.0;0.0;293.0;68.0;0.0;45.0
2023;Sudeste;ES;So Mateus;1;1;1;1;1;502.0;0.0;279.0;56.0;0.0;43.0
2023;Sudeste;ES;Cachoeiro de Itapemirim;4;0;0;1;1;50.0;31.0;19.0;9.0;8.0;9.0
2023;Sudeste;ES;Cariacica;1;1;1;1;1;869.0;0.0;519.0;66.0;0.0;62.0
2023;Sudeste;ES;Montanha;1;1;1;1;1;493.0;0.0;493.0;30.0;0.0;30.0
2023;Sudeste;ES;Barra de So Francisco;1;1;0;1;1;253.0;0.0;253.0;24.0;0.0;24.0
2023;Sudeste;ES;Santa Maria de Jetib;1;1;0;1;1;322.0;0.0;322.0;28.0;0.0;28.0
2023;Sudeste;ES;Viana;1;1;0;1;1;229.0;0.0;229.0;24.0;0.0;24.0
2023;Sudeste;ES;Vitria;1;1;1;1;1;79.0;0.0;0.0;12.0;0.0;0.0
2023;Sudeste;ES;Cachoeiro de Itapemirim;4;1;1;1;1;128.0;0.0;0.0;12.0;0.0;0.0
2023;Sudeste;ES;Nova Vencia;1;1;1;1;1;421.0;0.0;384.0;47.0;0.0;46.0
2023;Sudeste;ES;Aracruz;1;1;1;1;1;500.0;0.0;365.0;47.0;0.0;36.0
2023;Sudeste;ES;Linhares;1;1;0;1;1;643.0;0.0;547.0;54.0;0.0;52.0
2023;Sudeste;ES;Venda Nova do Imigrante;1;1;0;1;1;556.0;0.0;556.0;52.0;0.0;52.0
2023;Sudeste;ES;Guarapari;1;1;1;1;1;690.0;0.0;415.0;56.0;0.0;48.0
2023;Sudeste;RJ;Bom Jesus do Itabapoana;1;1;1;1;1;700.0;0.0;617.0;82.0;0.0;80.0
2023;Sudeste;RJ;Campos dos Goytacazes;2;1;0;1;1;210.0;162.0;34.0;32.0;17.0;20.0
2023;Sudeste;RJ;Campos dos Goytacazes;2;0;1;1;1;782.0;0.0;475.0;83.0;0.0;67.0
2023;Sudeste;RJ;Campos dos Goytacazes;1;1;1;1;1;2084.0;0.0;863.0;193.0;0.0;136.0
2023;Sudeste;RJ;Campos dos Goytacazes;2;1;0;1;1;1109.0;745.0;150.0;79.0;48.0;41.0
2023;Sudeste;RJ;Trs Rios;3;0;0;1;1;390.0;0.0;0.0;14.0;0.0;0.0
2023;Sudeste;RJ;Cabo Frio;4;0;0;0;1;581.0;364.0;143.0;42.0;27.0;20.0
2023;Sudeste;RJ;Pinheiral;1;1;0;1;1;480.0;0.0;389.0;83.0;0.0;79.0
2023;Sudeste;RJ;Vassouras;3;0;0;1;1;165.0;165.0;0.0;13.0;13.0;0.0
2023;Sudeste;RJ;Seropdica;1;1;0;1;1;735.0;0.0;466.0;59.0;0.0;46.0
2023;Sudeste;RJ;Belford Roxo;3;1;0;1;1;162.0;0.0;0.0;12.0;0.0;0.0
2023;Sudeste;RJ;Niteri;4;1;1;1;1;743.0;476.0;148.0;66.0;46.0;27.0
2023;Sudeste;RJ;Niteri;4;1;0;0;1;146.0;56.0;56.0;15.0;11.0;12.0
2023;Sudeste;RJ;Niteri;2;0;1;1;1;813.0;0.0;485.0;110.0;0.0;81.0
2023;Sudeste;RJ;Nova Iguau;2;1;0;1;1;652.0;0.0;467.0;62.0;0.0;52.0
2023;Sudeste;RJ;Rio de Janeiro;1;0;1;1;1;849.0;371.0;352.0;75.0;35.0;41.0
2023;Sudeste;RJ;Rio de Janeiro;4;1;0;1;1;1005.0;768.0;186.0;84.0;56.0;27.0
2023;Sudeste;RJ;Rio de Janeiro;1;1;1;1;1;1301.0;713.0;576.0;105.0;63.0;64.0
2023;Sudeste;RJ;Rio de Janeiro;4;1;1;1;1;277.0;182.0;61.0;47.0;28.0;19.0
2023;Sudeste;RJ;Rio de Janeiro;1;1;0;1;1;738.0;443.0;246.0;131.0;76.0;55.0
2023;Sudeste;RJ;Rio de Janeiro;1;1;1;1;1;1119.0;1119.0;0.0;80.0;80.0;0.0
2023;Sudeste;RJ;Rio de Janeiro;2;1;1;0;1;1092.0;766.0;326.0;184.0;132.0;87.0
2023;Sudeste;RJ;Rio de Janeiro;2;1;0;1;1;903.0;0.0;658.0;140.0;0.0;105.0
2023;Sudeste;RJ;Rio de Janeiro;1;1;1;1;1;1164.0;529.0;523.0;115.0;62.0;89.0
2023;Sudeste;RJ;Rio de Janeiro;1;0;1;1;1;960.0;0.0;841.0;211.0;0.0;197.0
2023;Sudeste;RJ;Rio de Janeiro;2;0;1;1;1;596.0;0.0;402.0;76.0;0.0;66.0
2023;Sudeste;RJ;Rio de Janeiro;1;1;1;1;1;1078.0;521.0;454.0;90.0;52.0;59.0
2023;Sudeste;RJ;Rio de Janeiro;2;1;0;1;1;735.0;0.0;527.0;72.0;0.0;63.0
2023;Sudeste;RJ;Rio de Janeiro;2;0;1;1;1;1246.0;0.0;1051.0;187.0;0.0;161.0
2023;Sudeste;RJ;Rio de Janeiro;2;1;0;1;1;652.0;0.0;428.0;94.0;0.0;73.0
2023;Sudeste;RJ;Rio de Janeiro;4;1;0;0;1;839.0;598.0;126.0;81.0;48.0;38.0
2023;Sudeste;RJ;Rio de Janeiro;4;0;0;0;1;487.0;357.0;74.0;32.0;24.0;15.0
2023;Sudeste;RJ;So Joo de Meriti;4;0;0;1;1;55.0;15.0;0.0;7.0;4.0;0.0
2023;Sudeste;RJ;Barra do Pira;3;0;0;0;1;60.0;0.0;0.0;4.0;0.0;0.0
2023;Sudeste;RJ;Guapimirim;3;1;0;1;1;215.0;199.0;0.0;19.0;18.0;0.0
2023;Sudeste;RJ;Angra dos Reis;4;1;1;1;1;;;;;;
2023;Sudeste;RJ;Itaocara;4;1;0;0;1;417.0;260.0;80.0;35.0;21.0;16.0
2023;Sudeste;RJ;Nova Friburgo;3;0;0;0;1;51.0;0.0;0.0;6.0;0.0;0.0
2023;Sudeste;RJ;Barra do Pira;4;1;0;1;1;567.0;270.0;226.0;31.0;21.0;18.0
2023;Sudeste;RJ;Rio de Janeiro;4;0;1;1;1;502.0;0.0;502.0;29.0;0.0;29.0
2023;Sudeste;RJ;Petrpolis;4;1;1;1;1;979.0;522.0;396.0;47.0;34.0;28.0
2023;Sudeste;RJ;Maca;1;1;1;1;1;1386.0;0.0;820.0;105.0;0.0;88.0
2023;Sudeste;RJ;Rio de Janeiro;2;1;1;1;1;559.0;0.0;542.0;101.0;0.0;97.0
2023;Sudeste;RJ;Rio de Janeiro;2;1;1;1;1;956.0;0.0;775.0;89.0;0.0;78.0
2023;Sudeste;RJ;So Francisco de Itabapoana;4;1;0;1;1;;;;;;
2023;Sudeste;RJ;Rio de Janeiro;2;0;0;0;1;406.0;406.0;0.0;70.0;70.0;0.0
2023;Sudeste;RJ;Rio de Janeiro;1;1;0;1;1;1677.0;870.0;807.0;171.0;92.0;99.0
2023;Sudeste;RJ;Rio de Janeiro;2;1;0;1;1;385.0;385.0;0.0;48.0;48.0;0.0
2023;Sudeste;RJ;Rio de Janeiro;1;0;1;1;1;567.0;0.0;325.0;73.0;0.0;45.0
2023;Sudeste;RJ;Rio de Janeiro;1;1;1;1;1;949.0;0.0;949.0;108.0;0.0;108.0
2023;Sudeste;RJ;Miguel Pereira;3;1;0;0;1;198.0;198.0;0.0;15.0;15.0;0.0
2023;Sudeste;RJ;So Fidlis;4;1;1;1;1;;;;;;
2023;Sudeste;RJ;Nilpolis;1;1;1;1;1;530.0;0.0;459.0;128.0;0.0;112.0
2023;Sudeste;RJ;Vassouras;3;0;0;0;1;46.0;0.0;0.0;3.0;0.0;0.0
2023;Sudeste;RJ;Japeri;4;1;0;1;1;;;;;;
2023;Sudeste;RJ;Petrpolis;4;1;0;1;1;58.0;58.0;0.0;3.0;3.0;0.0
2023;Sudeste;RJ;Rio de Janeiro;2;0;1;1;1;164.0;0.0;0.0;18.0;0.0;0.0
2023;Sudeste;RJ;Rio de Janeiro;2;0;0;1;1;146.0;0.0;0.0;20.0;0.0;0.0
2023;Sudeste;RJ;Rio de Janeiro;4;0;0;1;1;35.0;25.0;0.0;6.0;5.0;0.0
2023;Sudeste;RJ;Volta Redonda;2;1;0;1;1;64.0;0.0;0.0;13.0;0.0;0.0
2023;Sudeste;RJ;Belford Roxo;3;0;0;0;1;190.0;0.0;0.0;10.0;0.0;0.0
2023;Sudeste;RJ;Rio de Janeiro;2;0;0;1;1;256.0;0.0;0.0;27.0;0.0;0.0
2023;Sudeste;RJ;Trs Rios;2;1;0;1;1;147.0;0.0;0.0;24.0;0.0;0.0
2023;Sudeste;RJ;Santo Antnio de Pdua;2;1;0;1;1;60.0;0.0;0.0;11.0;0.0;0.0
2023;Sudeste;RJ;Nova Iguau;1;1;0;1;1;285.0;0.0;285.0;39.0;0.0;39.0
2023;Sudeste;RJ;Nova Friburgo;4;1;1;1;1;814.0;0.0;0.0;22.0;0.0;0.0
2023;Sudeste;RJ;Rio de Janeiro;1;1;1;1;1;1527.0;577.0;746.0;145.0;65.0;104.0
2023;Sudeste;RJ;Rio de Janeiro;2;0;0;0;1;36.0;0.0;0.0;12.0;0.0;0.0
2023;Sudeste;RJ;Itagua;4;0;0;1;1;165.0;131.0;0.0;22.0;18.0;0.0
2023;Sudeste;RJ;Volta Redonda;2;1;1;1;1;294.0;0.0;230.0;49.0;0.0;40.0
2023;Sudeste;RJ;Rio de Janeiro;2;1;0;1;1;532.0;0.0;0.0;54.0;0.0;0.0
2023;Sudeste;RJ;Rio de Janeiro;2;1;0;1;1;600.0;0.0;0.0;41.0;0.0;0.0
2023;Sudeste;RJ;Niteri;2;1;0;0;1;242.0;242.0;0.0;27.0;27.0;0.0
2023;Sudeste;RJ;Niteri;1;0;1;1;1;532.0;0.0;487.0;55.0;0.0;51.0
2023;Sudeste;RJ;Rio de Janeiro;4;1;0;1;1;141.0;103.0;0.0;15.0;12.0;0.0
2023;Sudeste;RJ;Petrpolis;2;1;1;1;1;54.0;0.0;0.0;9.0;0.0;0.0
2023;Sudeste;RJ;Engenheiro Paulo de Frontin;1;0;1;0;1;151.0;0.0;151.0;24.0;0.0;24.0
2023;Sudeste;RJ;Arraial do Cabo;1;1;0;1;1;308.0;0.0;280.0;41.0;0.0;41.0
2023;Sudeste;RJ;Rio de Janeiro;2;0;1;1;1;87.0;0.0;0.0;17.0;0.0;0.0
2023;Sudeste;RJ;Rio de Janeiro;4;1;1;1;1;567.0;395.0;0.0;23.0;16.0;0.0
2023;Sudeste;RJ;Resende;2;1;0;1;1;88.0;0.0;0.0;17.0;0.0;0.0
2023;Sudeste;RJ;Duque de Caxias;2;1;0;1;1;208.0;0.0;92.0;48.0;0.0;32.0
2023;Sudeste;RJ;Saquarema;2;1;0;1;1;395.0;0.0;345.0;66.0;0.0;58.0
2023;Sudeste;RJ;Rio de Janeiro;2;0;0;1;1;95.0;0.0;0.0;25.0;0.0;0.0
2023;Sudeste;RJ;Duque de Caxias;2;1;0;1;1;37.0;0.0;0.0;5.0;0.0;0.0
2023;Sudeste;RJ;Bom Jardim;2;0;1;1;1;7.0;0.0;0.0;3.0;0.0;0.0
2023;Sudeste;RJ;Valena;1;0;0;1;1;122.0;0.0;122.0;25.0;0.0;25.0
2023;Sudeste;RJ;Itagua;1;1;0;1;1;279.0;0.0;193.0;29.0;0.0;22.0
2023;Sudeste;RJ;Angra dos Reis;1;0;0;1;1;193.0;0.0;0.0;16.0;0.0;0.0
2023;Sudeste;RJ;Quissam;1;1;0;1;1;443.0;0.0;281.0;33.0;0.0;29.0
2023;Sudeste;RJ;Cabo Frio;4;0;0;0;1;46.0;0.0;0.0;3.0;0.0;0.0
2023;Sudeste;RJ;Nilpolis;2;1;0;1;1;92.0;0.0;0.0;12.0;0.0;0.0
2023;Sudeste;RJ;Maca;2;0;0;1;1;28.0;0.0;0.0;11.0;0.0;0.0
2023;Sudeste;RJ;Paracambi;2;1;0;1;1;79.0;0.0;0.0;17.0;0.0;0.0
2023;Sudeste;RJ;Barra Mansa;2;1;0;1;1;98.0;0.0;0.0;18.0;0.0;0.0
2023;Sudeste;RJ;So Joo da Barra;1;1;1;1;1;257.0;0.0;169.0;26.0;0.0;23.0
2023;Sudeste;RJ;Maric;1;1;0;1;1;266.0;0.0;266.0;29.0;0.0;29.0
2023;Sudeste;RJ;Cambuci;1;0;0;1;1;150.0;0.0;121.0;20.0;0.0;18.0
2023;Sudeste;RJ;Santo Antnio de Pdua;1;1;0;1;1;310.0;0.0;234.0;29.0;0.0;26.0
2023;Sudeste;RJ;Armao dos Bzios;4;0;0;0;1;30.0;0.0;0.0;4.0;0.0;0.0
2023;Sudeste;RJ;Rio de Janeiro;1;0;0;1;1;38.0;0.0;0.0;21.0;0.0;0.0
2023;Sudeste;RJ;Resende;1;1;0;1;1;147.0;0.0;65.0;26.0;0.0;22.0
2023;Sudeste;RJ;Nova Friburgo;4;1;1;1;1;93.0;0.0;0.0;2.0;0.0;0.0
2023;Sudeste;RJ;So Gonalo;4;0;0;1;1;54.0;54.0;0.0;11.0;11.0;0.0
2023;Sudeste;RJ;Conceio de Macabu;4;1;0;1;1;70.0;0.0;0.0;2.0;0.0;0.0
2023;Sudeste;RJ;So Joo de Meriti;1;1;0;0;1;206.0;0.0;0.0;28.0;0.0;0.0
2023;Sudeste;RJ;Niteri;1;1;1;1;1;391.0;0.0;298.0;44.0;0.0;43.0
2023;Sudeste;RJ;Belford Roxo;1;0;0;1;1;77.0;0.0;0.0;16.0;0.0;0.0
2023;Sudeste;RJ;Araruama;3;1;0;1;1;179.0;179.0;0.0;25.0;25.0;0.0
2023;Sudeste;RJ;Rio de Janeiro;4;0;0;1;1;60.0;47.0;13.0;8.0;6.0;5.0
2023;Sudeste;RJ;Vassouras;3;1;0;0;1;44.0;0.0;0.0;3.0;0.0;0.0
2023;Sudeste;RJ;Petrpolis;3;1;0;1;1;;;;;;
2023;Sudeste;RJ;Volta Redonda;4;1;1;1;1;285.0;0.0;285.0;26.0;0.0;26.0
2023;Sudeste;RJ;Trs Rios;4;1;1;1;1;140.0;0.0;140.0;13.0;0.0;13.0
2023;Sudeste;RJ;Itabora;1;1;0;1;1;3.0;0.0;0.0;5.0;0.0;0.0
2023;Sudeste;RJ;So Gonalo;4;1;0;1;1;113.0;92.0;0.0;19.0;17.0;0.0
2023;Sudeste;RJ;Vassouras;3;0;0;1;1;123.0;0.0;0.0;6.0;0.0;0.0
2023;Sudeste;RJ;Rio de Janeiro;4;1;1;1;1;628.0;628.0;0.0;20.0;20.0;0.0
2023;Sudeste;RJ;Belford Roxo;3;1;0;1;1;88.0;0.0;0.0;5.0;0.0;0.0
2023;Sudeste;RJ;Belford Roxo;3;1;0;1;1;65.0;0.0;0.0;6.0;0.0;0.0
2023;Sudeste;RJ;Paracambi;1;0;1;1;1;589.0;0.0;589.0;70.0;0.0;70.0
2023;Sudeste;RJ;Vassouras;3;0;0;0;1;38.0;0.0;0.0;3.0;0.0;0.0
2023;Sudeste;RJ;Rio de Janeiro;1;1;0;1;1;262.0;0.0;174.0;44.0;0.0;38.0
2023;Sudeste;RJ;Belford Roxo;3;0;0;1;1;189.0;0.0;0.0;10.0;0.0;0.0
2023;Sudeste;RJ;Duque de Caxias;2;0;0;1;1;4.0;0.0;0.0;1.0;0.0;0.0
2023;Sudeste;RJ;Vassouras;3;1;0;0;1;47.0;0.0;0.0;3.0;0.0;0.0
2023;Sudeste;RJ;Campos dos Goytacazes;1;1;0;1;1;783.0;0.0;355.0;81.0;0.0;56.0
2023;Sudeste;RJ;Duque de Caxias;1;1;1;1;1;456.0;0.0;342.0;59.0;0.0;59.0
2023;Sudeste;RJ;Itaperuna;1;1;1;1;1;651.0;0.0;462.0;73.0;0.0;66.0
2023;Sudeste;RJ;Duque de Caxias;1;1;0;1;1;748.0;0.0;465.0;96.0;0.0;83.0
2023;Sudeste;RJ;Cabo Frio;1;1;0;1;1;661.0;0.0;299.0;91.0;0.0;46.0
2023;Sudeste;RJ;So Gonalo;1;1;0;0;1;599.0;0.0;455.0;54.0;0.0;52.0
2023;Sudeste;RJ;Volta Redonda;1;1;1;1;1;452.0;0.0;345.0;57.0;0.0;52.0
2023;Sudeste;RJ;Maca;4;1;0;1;1;47.0;47.0;0.0;6.0;6.0;0.0
2023;Sudeste;RJ;Petrpolis;1;1;1;1;1;67.0;0.0;67.0;17.0;0.0;17.0
2023;Sudeste;RJ;Nova Friburgo;1;1;0;1;1;108.0;0.0;108.0;27.0;0.0;27.0
2023;Sudeste;RJ;Nova Iguau;2;1;1;1;1;116.0;0.0;0.0;18.0;0.0;0.0
2023;Sudeste;SP;Santo Andr;3;1;0;1;1;238.0;0.0;0.0;38.0;0.0;0.0
2023;Sudeste;SP;Pontal;4;1;0;1;1;294.0;0.0;0.0;7.0;0.0;0.0
2023;Sudeste;SP;Jacare;1;1;0;1;1;513.0;0.0;259.0;58.0;0.0;38.0
2023;Sudeste;SP;Santo Andr;3;1;0;0;1;199.0;0.0;0.0;31.0;0.0;0.0
2023;Sudeste;SP;Gara;4;1;0;1;1;11.0;0.0;0.0;3.0;0.0;0.0
2023;Sudeste;SP;Sorocaba;1;0;0;1;1;490.0;0.0;250.0;44.0;0.0;33.0
2023;Sudeste;SP;So Caetano do Sul;3;1;1;1;1;1527.0;0.0;1527.0;80.0;0.0;80.0
2023;Sudeste;SP;Cotia;4;0;0;1;1;157.0;0.0;0.0;10.0;0.0;0.0
2023;Sudeste;SP;Santo Andr;3;0;1;0;1;298.0;0.0;0.0;47.0;0.0;0.0
2023;Sudeste;SP;Santo Andr;3;1;1;1;1;298.0;0.0;0.0;48.0;0.0;0.0
2023;Sudeste;SP;Cotia;3;0;0;1;1;772.0;0.0;0.0;52.0;0.0;0.0
2023;Sudeste;SP;Santo Andr;4;1;0;1;1;3.0;3.0;0.0;4.0;4.0;0.0
2023;Sudeste;SP;Santo Andr;3;0;1;0;1;250.0;0.0;0.0;17.0;0.0;0.0
2023;Sudeste;SP;Santo Andr;3;0;0;0;1;215.0;0.0;0.0;48.0;0.0;0.0
2023;Sudeste;SP;Santo Andr;3;0;1;0;1;218.0;0.0;0.0;16.0;0.0;0.0
2023;Sudeste;SP;Santo Andr;3;0;1;0;1;293.0;0.0;0.0;53.0;0.0;0.0
2023;Sudeste;SP;Osasco;4;0;0;0;1;250.0;0.0;250.0;22.0;0.0;22.0
2023;Sudeste;SP;Holambra;4;1;0;1;1;105.0;0.0;0.0;1.0;0.0;0.0
2023;Sudeste;SP;So Paulo;1;1;1;1;1;371.0;371.0;0.0;34.0;34.0;0.0
2023;Sudeste;SP;So Jos do Rio Preto;1;1;1;1;1;99.0;0.0;0.0;10.0;0.0;0.0
2023;Sudeste;SP;Barueri;3;0;0;1;1;60.0;0.0;0.0;57.0;0.0;0.0
2023;Sudeste;SP;Boituva;3;1;0;1;1;;;;;;
2023;Sudeste;SP;Jundia;1;1;1;1;1;241.0;0.0;188.0;24.0;0.0;23.0
2023;Sudeste;SP;Ilha Solteira;1;0;0;0;1;197.0;0.0;189.0;22.0;0.0;22.0
2023;Sudeste;SP;Itaquaquecetuba;1;1;0;1;1;356.0;0.0;229.0;39.0;0.0;34.0
2023;Sudeste;SP;So Paulo;1;1;0;1;1;484.0;0.0;347.0;58.0;0.0;51.0
2023;Sudeste;SP;Tup;1;1;0;1;1;295.0;0.0;255.0;24.0;0.0;24.0
2023;Sudeste;SP;So Paulo;1;0;1;1;1;290.0;0.0;286.0;24.0;0.0;24.0
2023;Sudeste;SP;Sumar;3;0;0;0;1;926.0;0.0;926.0;54.0;0.0;54.0
2023;Sudeste;SP;Santo Andr;3;0;1;1;1;190.0;0.0;0.0;13.0;0.0;0.0
2023;Sudeste;SP;Paulnia;3;0;0;0;1;454.0;0.0;227.0;22.0;0.0;17.0
2023;Sudeste;SP;So Bernardo do Campo;3;1;0;1;1;139.0;0.0;0.0;25.0;0.0;0.0
2023;Sudeste;SP;Diadema;3;0;0;1;1;412.0;0.0;0.0;22.0;0.0;0.0
2023;Sudeste;SP;Mogi das Cruzes;4;1;0;1;1;225.0;156.0;0.0;29.0;24.0;0.0
2023;Sudeste;SP;So Paulo;4;1;1;1;1;3090.0;1687.0;731.0;202.0;112.0;38.0
2023;Sudeste;SP;Santos;4;0;0;0;1;280.0;280.0;0.0;14.0;14.0;0.0
2023;Sudeste;SP;So Paulo;4;1;1;1;1;291.0;192.0;37.0;24.0;18.0;7.0
2023;Sudeste;SP;So Bernardo do Campo;4;0;0;1;1;676.0;0.0;0.0;27.0;0.0;0.0
2023;Sudeste;SP;So Paulo;4;1;0;1;1;42.0;42.0;0.0;6.0;6.0;0.0
2023;Sudeste;SP;Tatu;4;1;0;1;1;216.0;216.0;0.0;28.0;28.0;0.0
2023;Sudeste;SP;Sumar;4;1;0;1;1;228.0;227.0;0.0;19.0;19.0;0.0
2023;Sudeste;SP;Campinas;4;0;0;1;1;192.0;192.0;0.0;13.0;13.0;0.0
2023;Sudeste;SP;Araatuba;4;1;0;1;1;205.0;205.0;0.0;34.0;34.0;0.0
2023;Sudeste;SP;Pereira Barreto;4;0;0;1;1;81.0;77.0;0.0;10.0;10.0;0.0
2023;Sudeste;SP;Santos;4;1;0;1;1;47.0;47.0;0.0;8.0;8.0;0.0
2023;Sudeste;SP;Santa Rosa de Viterbo;4;0;0;0;1;71.0;51.0;0.0;7.0;6.0;0.0
2023;Sudeste;SP;Jardinpolis;4;0;0;1;1;37.0;37.0;0.0;5.0;5.0;0.0
2023;Sudeste;SP;So Jos do Rio Pardo;4;0;0;1;1;174.0;151.0;0.0;21.0;21.0;0.0
2023;Sudeste;SP;So Paulo;4;0;0;0;1;32.0;32.0;0.0;8.0;8.0;0.0
2023;Sudeste;SP;Guaratinguet;4;1;1;1;1;258.0;232.0;0.0;22.0;20.0;0.0
2023;Sudeste;SP;Capo Bonito;4;1;0;1;1;85.0;85.0;0.0;8.0;8.0;0.0
2023;Sudeste;SP;So Jos do Rio Preto;4;1;0;1;1;55.0;0.0;0.0;6.0;0.0;0.0
2023;Sudeste;SP;Jandira;4;1;1;1;1;198.0;0.0;0.0;13.0;0.0;0.0
2023;Sudeste;SP;Guarulhos;4;1;0;1;1;392.0;0.0;0.0;9.0;0.0;0.0
2023;Sudeste;SP;Diadema;4;0;0;0;1;513.0;0.0;0.0;35.0;0.0;0.0
2023;Sudeste;SP;Paulnia;4;0;0;0;1;62.0;0.0;0.0;3.0;0.0;0.0
2023;Sudeste;SP;Artur Nogueira;4;0;0;0;1;657.0;619.0;0.0;33.0;31.0;0.0
2023;Sudeste;SP;Itaquaquecetuba;4;1;0;0;1;441.0;306.0;83.0;22.0;19.0;11.0
2023;Sudeste;SP;Mau;4;0;0;0;1;110.0;0.0;0.0;5.0;0.0;0.0
2023;Sudeste;SP;Santos;4;1;0;1;1;54.0;54.0;0.0;7.0;7.0;0.0
2023;Sudeste;SP;Santos;4;1;1;1;1;187.0;2.0;35.0;17.0;7.0;16.0
2023;Sudeste;SP;Sorocaba;4;1;0;1;1;50.0;46.0;0.0;9.0;7.0;0.0
2023;Sudeste;SP;Arealva;4;1;0;1;1;9.0;9.0;0.0;3.0;3.0;0.0
2023;Sudeste;SP;Bauru;4;0;0;1;1;97.0;97.0;0.0;6.0;6.0;0.0
2023;Sudeste;SP;Campinas;3;0;1;1;1;344.0;0.0;0.0;52.0;0.0;0.0
2023;Sudeste;SP;Embu das Artes;4;0;0;1;1;109.0;109.0;0.0;13.0;13.0;0.0
2023;Sudeste;SP;Torrinha;3;0;0;0;1;142.0;142.0;0.0;14.0;14.0;0.0
2023;Sudeste;SP;So Vicente;3;0;0;1;1;1331.0;1204.0;0.0;55.0;50.0;0.0
2023;Sudeste;SP;Paulnia;3;0;0;1;1;450.0;0.0;172.0;25.0;0.0;13.0
2023;Sudeste;SP;Santo Andr;3;0;0;0;1;208.0;0.0;0.0;13.0;0.0;0.0
2023;Sudeste;SP;Santo Andr;3;0;0;0;1;189.0;0.0;0.0;13.0;0.0;0.0
2023;Sudeste;SP;Santo Andr;3;0;0;1;1;213.0;0.0;0.0;14.0;0.0;0.0
2023;Sudeste;SP;Santo Andr;3;1;0;1;1;290.0;0.0;0.0;43.0;0.0;0.0
2023;Sudeste;SP;Santo Andr;3;0;0;0;1;235.0;0.0;0.0;14.0;0.0;0.0
2023;Sudeste;SP;Santo Andr;3;0;0;0;1;281.0;0.0;0.0;52.0;0.0;0.0
2023;Sudeste;SP;Santo Andr;3;1;0;1;1;64.0;0.0;0.0;7.0;0.0;0.0
2023;Sudeste;SP;Santo Andr;3;0;0;0;1;149.0;0.0;0.0;14.0;0.0;0.0
2023;Sudeste;SP;Santo Andr;3;1;0;0;1;203.0;0.0;0.0;16.0;0.0;0.0
2023;Sudeste;SP;Santo Andr;3;0;0;0;1;157.0;0.0;0.0;24.0;0.0;0.0
2023;Sudeste;SP;Santo Andr;3;1;0;1;1;255.0;0.0;0.0;11.0;0.0;0.0
2023;Sudeste;SP;Santo Andr;3;0;0;0;1;294.0;0.0;0.0;15.0;0.0;0.0
2023;Sudeste;SP;Santo Andr;3;0;0;0;1;171.0;0.0;0.0;12.0;0.0;0.0
2023;Sudeste;SP;Santo Andr;3;0;0;0;1;202.0;0.0;0.0;12.0;0.0;0.0
2023;Sudeste;SP;Santo Andr;3;1;0;0;1;143.0;0.0;0.0;26.0;0.0;0.0
2023;Sudeste;SP;Santo Andr;3;0;0;0;1;183.0;0.0;0.0;16.0;0.0;0.0
2023;Sudeste;SP;Santo Andr;3;0;0;0;1;230.0;0.0;0.0;34.0;0.0;0.0
2023;Sudeste;SP;So Paulo;4;1;0;1;1;685.0;0.0;0.0;14.0;0.0;0.0
2023;Sudeste;SP;Presidente Prudente;3;0;1;1;1;17.0;0.0;0.0;4.0;0.0;0.0
2023;Sudeste;SP;Salto;4;1;0;1;1;413.0;0.0;0.0;18.0;0.0;0.0
2023;Sudeste;SP;So Jos dos Campos;3;1;1;1;1;578.0;0.0;0.0;55.0;0.0;0.0
2023;Sudeste;SP;Taubat;3;0;0;0;1;213.0;0.0;0.0;33.0;0.0;0.0
2023;Sudeste;SP;So Caetano do Sul;3;1;1;1;1;146.0;0.0;0.0;20.0;0.0;0.0
2023;Sudeste;SP;Santos;4;0;1;1;1;50.0;50.0;0.0;3.0;3.0;0.0
2023;Sudeste;SP;Barueri;3;0;0;0;1;2898.0;0.0;2490.0;133.0;0.0;114.0
2023;Sudeste;SP;Santo Andr;3;1;0;1;1;106.0;0.0;0.0;10.0;0.0;0.0
2023;Sudeste;SP;Guarulhos;1;1;0;1;1;439.0;0.0;313.0;48.0;0.0;34.0
2023;Sudeste;SP;Bragana Paulista;1;1;1;1;1;474.0;0.0;349.0;57.0;0.0;47.0
2023;Sudeste;SP;Salto;1;1;0;1;1;538.0;0.0;273.0;51.0;0.0;36.0
2023;Sudeste;SP;Caraguatatuba;1;1;0;1;1;544.0;0.0;116.0;52.0;0.0;22.0
2023;Sudeste;SP;So Joo da Boa Vista;1;1;1;1;1;633.0;0.0;278.0;66.0;0.0;46.0
2023;Sudeste;SP;Santo Andr;3;1;0;1;1;237.0;0.0;0.0;13.0;0.0;0.0
2023;Sudeste;SP;Campos do Jordo;1;1;0;1;1;282.0;0.0;216.0;42.0;0.0;34.0
2023;Sudeste;SP;So Roque;1;1;1;1;1;342.0;0.0;342.0;48.0;0.0;48.0
2023;Sudeste;SP;So Paulo;2;0;1;1;1;1192.0;0.0;467.0;81.0;0.0;20.0
2023;Sudeste;SP;Barueri;3;1;0;1;1;323.0;0.0;0.0;11.0;0.0;0.0
2023;Sudeste;SP;Santo Andr;3;1;0;1;1;279.0;0.0;0.0;38.0;0.0;0.0
2023;Sudeste;SP;Santo Andr;3;0;0;1;1;211.0;0.0;0.0;12.0;0.0;0.0
2023;Sudeste;SP;Batatais;4;1;0;1;1;89.0;34.0;0.0;13.0;7.0;0.0
2023;Sudeste;SP;Bragana Paulista;4;1;1;1;1;276.0;180.0;0.0;15.0;10.0;0.0
2023;Sudeste;SP;Santo Andr;3;1;0;1;1;236.0;0.0;0.0;14.0;0.0;0.0
2023;Sudeste;SP;Santo Andr;3;0;0;0;1;138.0;0.0;0.0;11.0;0.0;0.0
2023;Sudeste;SP;Votuporanga;1;1;1;1;1;369.0;0.0;327.0;59.0;0.0;55.0
2023;Sudeste;SP;Avar;1;1;0;1;1;426.0;0.0;341.0;57.0;0.0;52.0
2023;Sudeste;SP;Itapetininga;1;1;1;1;1;445.0;0.0;275.0;59.0;0.0;45.0
2023;Sudeste;SP;Presidente Epitcio;1;1;0;1;1;406.0;0.0;226.0;52.0;0.0;40.0
2023;Sudeste;SP;Birigui;1;1;0;1;1;380.0;0.0;233.0;57.0;0.0;34.0
2023;Sudeste;SP;Hortolndia;1;1;1;1;1;486.0;0.0;316.0;66.0;0.0;54.0
2023;Sudeste;SP;So Carlos;1;1;1;1;1;496.0;0.0;252.0;56.0;0.0;38.0
2023;Sudeste;SP;Barretos;1;1;0;1;1;562.0;0.0;518.0;54.0;0.0;53.0
2023;Sudeste;SP;Araraquara;1;1;1;1;1;463.0;0.0;321.0;55.0;0.0;44.0
2023;Sudeste;SP;Piracicaba;1;1;1;1;1;377.0;0.0;290.0;48.0;0.0;39.0
2023;Sudeste;SP;Suzano;1;0;0;1;1;479.0;0.0;257.0;57.0;0.0;45.0
2023;Sudeste;SP;Capivari;1;0;1;1;1;362.0;0.0;231.0;54.0;0.0;42.0
2023;Sudeste;SP;Boituva;1;1;1;1;1;522.0;0.0;230.0;54.0;0.0;33.0
2023;Sudeste;SP;Catanduva;1;1;0;1;1;387.0;0.0;349.0;61.0;0.0;57.0
2023;Sudeste;SP;Santo Andr;3;1;0;0;1;293.0;0.0;0.0;48.0;0.0;0.0
2023;Sudeste;SP;Santo Andr;3;0;0;0;1;170.0;0.0;0.0;40.0;0.0;0.0
2023;Sudeste;SP;So Paulo;4;0;0;1;1;20.0;20.0;0.0;5.0;5.0;0.0
2023;Sudeste;SP;Santo Andr;3;0;0;1;1;60.0;0.0;0.0;16.0;0.0;0.0
2023;Sudeste;SP;So Paulo;4;0;0;1;1;96.0;96.0;0.0;6.0;6.0;0.0
2023;Sudeste;SP;So Jos dos Campos;1;0;0;1;1;510.0;0.0;230.0;54.0;0.0;39.0
2023;Sudeste;SP;Registro;1;1;0;1;1;497.0;0.0;330.0;61.0;0.0;57.0
2023;Sudeste;SP;Santo Andr;4;0;0;1;1;47.0;47.0;0.0;3.0;3.0;0.0
2023;Sudeste;SP;Campinas;1;1;1;1;1;467.0;0.0;264.0;58.0;0.0;44.0
2023;Sudeste;SP;Santo Andr;3;0;0;1;1;263.0;0.0;0.0;18.0;0.0;0.0
2023;Sudeste;SP;Mato;1;1;0;1;1;363.0;0.0;309.0;52.0;0.0;45.0
2023;Sudeste;SP;Campinas;4;0;0;1;1;154.0;0.0;0.0;5.0;0.0;0.0
2023;Sudeste;SP;Santo Andr;4;1;0;0;1;321.0;0.0;0.0;16.0;0.0;0.0
2023;Sudeste;SP;Santo Andr;4;0;0;0;1;79.0;0.0;0.0;5.0;0.0;0.0
2023;Sudeste;SP;Cubato;1;1;0;1;1;570.0;0.0;451.0;64.0;0.0;48.0
2023;Sudeste;SP;Sertozinho;1;1;1;1;1;542.0;0.0;346.0;74.0;0.0;55.0
2023;Sudeste;SP;So Paulo;1;1;0;1;1;1508.0;0.0;1022.0;208.0;0.0;164.0
2023;Sul;PR;Campo Mouro;1;1;0;1;1;141.0;0.0;141.0;27.0;0.0;27.0
2023;Sul;PR;Doutor Camargo;4;1;0;1;1;53.0;9.0;0.0;9.0;5.0;0.0
2023;Sul;PR;Califrnia;4;1;0;1;1;79.0;36.0;0.0;14.0;9.0;0.0
2023;Sul;PR;Cambira;4;1;0;0;1;92.0;48.0;0.0;17.0;14.0;0.0
2023;Sul;PR;Ponta Grossa;4;1;0;1;1;;;;;;
2023;Sul;PR;Ponta Grossa;4;1;0;1;1;73.0;40.0;0.0;14.0;11.0;0.0
2023;Sul;PR;Foz do Iguau;4;1;1;1;1;335.0;211.0;64.0;17.0;13.0;7.0
2023;Sul;PR;Foz do Iguau;4;0;0;1;1;121.0;43.0;0.0;26.0;18.0;0.0
2023;Sul;PR;Pato Branco;1;1;1;1;1;1.0;0.0;1.0;1.0;0.0;1.0
2023;Sul;PR;Colombo;3;0;0;1;1;445.0;366.0;0.0;22.0;20.0;0.0
2023;Sul;PR;Curitiba;4;1;1;1;1;1212.0;905.0;187.0;89.0;59.0;29.0
2023;Sul;PR;Curitiba;1;1;1;1;1;949.0;488.0;461.0;96.0;51.0;60.0
2023;Sul;PR;Curitiba;2;1;0;1;1;2946.0;418.0;2252.0;219.0;49.0;160.0
2023;Sul;PR;Curitiba;2;0;1;1;1;1412.0;644.0;768.0;74.0;39.0;48.0
2023;Sul;PR;Curitiba;1;1;1;1;1;1165.0;0.0;329.0;94.0;0.0;48.0
2023;Sul;PR;Bocaiva do Sul;4;1;0;1;1;101.0;21.0;0.0;12.0;7.0;0.0
2023;Sul;PR;Centenrio do Sul;4;1;0;1;1;94.0;42.0;0.0;19.0;15.0;0.0
2023;Sul;PR;Matinhos;4;1;0;1;1;116.0;21.0;0.0;17.0;9.0;0.0
2023;Sul;PR;Quatigu;4;1;0;1;1;138.0;75.0;0.0;21.0;15.0;0.0
2023;Sul;PR;So Sebastio da Amoreira;4;1;0;1;1;136.0;67.0;0.0;19.0;15.0;0.0
2023;Sul;PR;Irati;1;1;1;1;1;342.0;0.0;319.0;34.0;0.0;33.0
2023;Sul;PR;Umuarama;1;1;1;1;1;388.0;0.0;388.0;50.0;0.0;50.0
2023;Sul;PR;Jacarezinho;1;1;1;1;1;360.0;0.0;337.0;60.0;0.0;60.0
2023;Sul;PR;Assis Chateaubriand;1;0;1;1;1;518.0;0.0;346.0;61.0;0.0;60.0
2023;Sul;PR;Campo Largo;1;1;1;1;1;643.0;0.0;394.0;54.0;0.0;50.0
2023;Sul;PR;Telmaco Borba;1;1;1;1;1;563.0;0.0;563.0;52.0;0.0;52.0
2023;Sul;PR;Ivaipor;1;0;1;1;1;225.0;0.0;225.0;41.0;0.0;41.0
2023;Sul;PR;Paranava;1;1;1;1;1;478.0;0.0;402.0;57.0;0.0;56.0
2023;Sul;PR;Palmas;1;1;1;1;1;244.0;0.0;214.0;39.0;0.0;38.0
2023;Sul;PR;Pato Branco;4;1;0;1;1;125.0;0.0;0.0;15.0;0.0;0.0
2023;Sul;PR;Curitiba;1;1;1;1;1;136.0;0.0;104.0;21.0;0.0;18.0
2023;Sul;PR;Cascavel;1;1;1;1;1;294.0;0.0;294.0;34.0;0.0;34.0
2023;Sul;PR;Coronel Vivida;1;0;0;1;1;219.0;0.0;219.0;21.0;0.0;21.0
2023;Sul;PR;Capanema;1;0;1;1;1;285.0;0.0;231.0;21.0;0.0;21.0
2023;Sul;PR;Colombo;1;1;0;1;1;1645.0;0.0;379.0;42.0;0.0;39.0
2023;Sul;PR;Barraco;1;1;0;1;1;221.0;0.0;221.0;17.0;0.0;17.0
2023;Sul;PR;Unio da Vitria;1;1;1;1;1;253.0;0.0;253.0;25.0;0.0;25.0
2023;Sul;PR;Goioer;1;0;1;1;1;157.0;0.0;157.0;20.0;0.0;20.0
2023;Sul;PR;Pitanga;1;0;1;1;1;102.0;0.0;102.0;19.0;0.0;19.0
2023;Sul;PR;Quedas do Iguau;1;0;1;1;1;139.0;0.0;139.0;16.0;0.0;16.0
2023;Sul;PR;Pinhais;1;0;1;1;1;264.0;0.0;264.0;34.0;0.0;34.0
2023;Sul;PR;Jaguariava;1;1;1;1;1;292.0;0.0;219.0;20.0;0.0;19.0
2023;Sul;PR;Astorga;1;0;1;1;1;152.0;0.0;91.0;16.0;0.0;15.0
2023;Sul;PR;Campina Grande do Sul;4;1;1;1;1;108.0;80.0;28.0;14.0;11.0;10.0
2023;Sul;PR;Londrina;2;1;0;1;1;787.0;407.0;380.0;42.0;28.0;31.0
2023;Sul;PR;Cornlio Procpio;2;1;0;0;1;672.0;394.0;278.0;36.0;27.0;21.0
2023;Sul;PR;Foz do Iguau;2;1;0;1;1;992.0;538.0;454.0;43.0;34.0;34.0
2023;Sul;PR;Toledo;3;0;0;1;1;74.0;0.0;0.0;12.0;0.0;0.0
2023;Sul;PR;Arapongas;1;0;0;1;1;30.0;0.0;0.0;8.0;0.0;0.0
2023;Sul;PR;Curitiba;4;1;0;1;1;142.0;60.0;0.0;21.0;16.0;0.0
2023;Sul;PR;Boa Ventura de So Roque;4;1;0;1;1;40.0;8.0;0.0;9.0;6.0;0.0
2023;Sul;PR;Contenda;4;1;0;1;1;66.0;14.0;0.0;11.0;6.0;0.0
2023;Sul;PR;Enas Marques;4;1;0;1;1;56.0;8.0;0.0;11.0;7.0;0.0
2023;Sul;PR;Marilena;4;1;0;1;1;57.0;25.0;0.0;10.0;8.0;0.0
2023;Sul;PR;Pinhalo;4;1;0;1;1;66.0;29.0;0.0;12.0;10.0;0.0
2023;Sul;PR;Saudade do Iguau;4;1;0;1;1;56.0;10.0;0.0;13.0;6.0;0.0
2023;Sul;PR;Cruzeiro do Iguau;4;0;0;1;1;33.0;3.0;0.0;9.0;6.0;0.0
2023;Sul;PR;Piraquara;3;0;0;1;1;94.0;0.0;0.0;9.0;0.0;0.0
2023;Sul;PR;Nova Santa Brbara;4;1;0;1;1;71.0;29.0;0.0;11.0;7.0;0.0
2023;Sul;PR;Guaraci;4;1;0;1;1;38.0;9.0;0.0;7.0;4.0;0.0
2023;Sul;PR;Campo Mouro;4;1;0;1;1;56.0;0.0;0.0;4.0;0.0;0.0
2023;Sul;PR;Londrina;1;1;1;1;1;560.0;0.0;302.0;67.0;0.0;43.0
2023;Sul;PR;Foz do Iguau;1;1;1;1;1;525.0;0.0;477.0;43.0;0.0;40.0
2023;Sul;PR;Paranagu;1;1;1;1;1;1053.0;0.0;430.0;60.0;0.0;59.0
2023;Sul;SC;Florianpolis;1;1;1;1;1;2179.0;0.0;1162.0;259.0;0.0;167.0
2023;Sul;SC;So Miguel do Oeste;1;1;1;1;1;386.0;0.0;313.0;46.0;0.0;45.0
2023;Sul;SC;Ibirama;1;1;1;1;1;327.0;0.0;327.0;37.0;0.0;37.0
2023;Sul;SC;Cricima;1;1;1;1;1;542.0;0.0;305.0;63.0;0.0;56.0
2023;Sul;SC;So Francisco do Sul;1;1;0;1;1;335.0;0.0;294.0;38.0;0.0;36.0
2023;Sul;SC;Araquari;1;1;1;1;1;736.0;0.0;661.0;84.0;0.0;83.0
2023;Sul;SC;Luzerna;1;1;1;1;1;381.0;0.0;263.0;43.0;0.0;39.0
2023;Sul;SC;Concrdia;1;1;1;1;1;559.0;0.0;559.0;73.0;0.0;73.0
2023;Sul;SC;Palhoa;1;1;1;1;1;414.0;0.0;387.0;40.0;0.0;39.0
2023;Sul;SC;Caador;1;1;1;1;1;299.0;0.0;221.0;30.0;0.0;26.0
2023;Sul;SC;Cambori;1;1;1;1;1;958.0;0.0;674.0;95.0;0.0;80.0
2023;Sul;SC;Lages;1;0;1;1;1;408.0;0.0;0.0;53.0;0.0;0.0
2023;Sul;SC;Itaja;1;1;1;1;1;554.0;0.0;304.0;56.0;0.0;43.0
2023;Sul;SC;Canoinhas;1;1;1;1;1;297.0;0.0;207.0;46.0;0.0;33.0
2023;Sul;SC;Gaspar;1;0;1;1;1;515.0;0.0;366.0;54.0;0.0;38.0
2023;Sul;SC;Xanxer;1;0;1;1;1;295.0;0.0;295.0;34.0;0.0;34.0
2023;Sul;SC;Urupema;1;1;0;1;1;75.0;0.0;0.0;15.0;0.0;0.0
2023;Sul;SC;Jaragu do Sul;1;1;1;1;1;635.0;0.0;0.0;42.0;0.0;0.0
2023;Sul;SC;Fraiburgo;1;1;1;1;1;289.0;0.0;164.0;25.0;0.0;21.0
2023;Sul;SC;Blumenau;1;1;1;1;1;494.0;0.0;375.0;49.0;0.0;46.0
2023;Sul;SC;Chapec;4;1;1;1;1;179.0;0.0;0.0;6.0;0.0;0.0
2023;Sul;SC;So Jos;1;1;0;1;1;598.0;0.0;389.0;70.0;0.0;61.0
2023;Sul;SC;Joaaba;4;0;0;1;1;71.0;0.0;0.0;4.0;0.0;0.0
2023;Sul;SC;Garopaba;1;1;1;1;1;315.0;0.0;176.0;32.0;0.0;28.0
2023;Sul;SC;Trombudo Central;4;1;0;1;1;;;;;;
2023;Sul;SC;Urubici;4;1;0;1;1;;;;;;
2023;Sul;SC;Capinzal;4;1;0;1;1;;;;;;
2023;Sul;SC;Pinhalzinho;4;1;1;1;1;;;;;;
2023;Sul;SC;Porto Belo;4;1;0;1;1;;;;;;
2023;Sul;SC;Xanxer;4;1;0;1;1;;;;;;
2023;Sul;SC;Pinhalzinho;4;0;1;0;1;51.0;0.0;0.0;2.0;0.0;0.0
2023;Sul;SC;Otaclio Costa;4;0;0;0;1;92.0;0.0;0.0;12.0;0.0;0.0
2023;Sul;SC;Caibi;4;1;0;1;1;;;;;;
2023;Sul;SC;Lauro Mller;4;1;0;1;1;;;;;;
2023;Sul;SC;Massaranduba;4;1;1;1;1;;;;;;
2023;Sul;SC;Lages;4;1;1;1;1;;;;;;
2023;Sul;SC;Santa Rosa do Sul;1;1;0;1;1;477.0;0.0;451.0;55.0;0.0;55.0
2023;Sul;SC;Rio do Sul;1;1;1;1;1;558.0;0.0;426.0;76.0;0.0;70.0
2023;Sul;SC;Jaragu do Sul;1;1;1;1;1;548.0;0.0;417.0;54.0;0.0;42.0
2023;Sul;SC;Alto Bela Vista;3;0;0;1;1;172.0;97.0;0.0;18.0;10.0;0.0
2023;Sul;SC;Fraiburgo;4;1;0;0;1;57.0;0.0;0.0;10.0;0.0;0.0
2023;Sul;SC;Itapiranga;4;1;0;1;1;29.0;0.0;0.0;4.0;0.0;0.0
2023;Sul;SC;Guaramirim;4;0;0;0;1;38.0;0.0;0.0;8.0;0.0;0.0
2023;Sul;SC;Joinville;4;1;1;1;1;243.0;0.0;0.0;33.0;0.0;0.0
2023;Sul;SC;Joaaba;4;1;1;1;1;83.0;0.0;0.0;11.0;0.0;0.0
2023;Sul;SC;Blumenau;4;1;1;1;1;838.0;0.0;0.0;67.0;0.0;0.0
2023;Sul;SC;Joinville;4;1;1;1;1;812.0;0.0;0.0;76.0;0.0;0.0
2023;Sul;SC;Canoinhas;4;0;1;1;1;222.0;0.0;0.0;20.0;0.0;0.0
2023;Sul;SC;Luzerna;4;0;0;1;1;130.0;0.0;0.0;24.0;0.0;0.0
2023;Sul;SC;So Miguel do Oeste;4;1;0;1;1;141.0;0.0;0.0;14.0;0.0;0.0
2023;Sul;SC;Itaja;4;0;1;1;1;413.0;0.0;0.0;25.0;0.0;0.0
2023;Sul;SC;Brusque;4;1;1;1;1;353.0;0.0;0.0;35.0;0.0;0.0
2023;Sul;SC;Caador;4;1;0;1;1;419.0;0.0;0.0;44.0;0.0;0.0
2023;Sul;SC;Timb;4;0;1;1;1;154.0;0.0;0.0;14.0;0.0;0.0
2023;Sul;SC;Capivari de Baixo;4;1;0;1;1;;;;;;
2023;Sul;SC;Jaragu do Sul;4;0;0;0;1;709.0;0.0;0.0;51.0;0.0;0.0
2023;Sul;SC;So Bento do Sul;4;0;0;1;1;222.0;0.0;0.0;24.0;0.0;0.0
2023;Sul;SC;Lages;4;1;0;1;1;149.0;0.0;0.0;19.0;0.0;0.0
2023;Sul;SC;Palhoa;4;0;1;1;1;156.0;0.0;0.0;27.0;0.0;0.0
2023;Sul;SC;Capinzal;4;0;0;0;1;75.0;0.0;0.0;10.0;0.0;0.0
2023;Sul;SC;Mafra;4;1;0;1;1;111.0;0.0;0.0;16.0;0.0;0.0
2023;Sul;SC;Jaragu do Sul;4;0;0;0;1;715.0;62.0;412.0;35.0;14.0;17.0
2023;Sul;SC;So Francisco do Sul;4;0;0;0;1;131.0;0.0;0.0;11.0;0.0;0.0
2023;Sul;SC;Campos Novos;4;1;1;1;1;75.0;0.0;0.0;14.0;0.0;0.0
2023;Sul;SC;Porto Unio;4;0;0;1;1;45.0;0.0;0.0;7.0;0.0;0.0
2023;Sul;SC;Chapec;1;1;1;1;1;596.0;0.0;251.0;60.0;0.0;29.0
2023;Sul;SC;Joinville;1;1;1;1;1;560.0;0.0;408.0;76.0;0.0;50.0
2023;Sul;SC;Brusque;1;1;1;1;1;471.0;0.0;438.0;39.0;0.0;37.0
2023;Sul;SC;Tubaro;1;1;1;1;1;120.0;0.0;0.0;13.0;0.0;0.0
2023;Sul;SC;Sombrio;1;1;1;1;1;328.0;0.0;325.0;34.0;0.0;34.0
2023;Sul;SC;Rio Negrinho;4;0;0;1;1;16.0;0.0;0.0;4.0;0.0;0.0
2023;Sul;SC;So Bento do Sul;4;1;1;1;1;403.0;102.0;0.0;29.0;14.0;0.0
2023;Sul;SC;So Carlos;1;1;1;1;1;195.0;0.0;147.0;29.0;0.0;28.0
2023;Sul;SC;Abelardo Luz;1;0;0;1;1;57.0;0.0;57.0;12.0;0.0;12.0
2023;Sul;SC;So Bento do Sul;1;1;1;1;1;312.0;0.0;312.0;34.0;0.0;34.0
2023;Sul;SC;So Loureno do Oeste;1;0;0;0;1;118.0;0.0;0.0;13.0;0.0;0.0
2023;Sul;SC;Tubaro;4;1;0;1;1;;;;;;
2023;Sul;SC;Joinville;4;1;0;1;1;292.0;127.0;0.0;30.0;13.0;0.0
2023;Sul;SC;Guaramirim;4;0;0;0;1;19.0;0.0;0.0;1.0;0.0;0.0
2023;Sul;SC;Brao do Norte;4;1;1;1;1;109.0;0.0;0.0;16.0;0.0;0.0
2023;Sul;SC;Lages;4;1;0;1;1;117.0;0.0;117.0;9.0;0.0;9.0
2023;Sul;SC;Joinville;4;1;1;1;1;374.0;0.0;374.0;19.0;0.0;19.0
2023;Sul;SC;Joinville;4;1;1;1;1;417.0;0.0;417.0;22.0;0.0;22.0
2023;Sul;SC;Florianpolis;4;1;1;1;1;3133.0;0.0;0.0;83.0;0.0;0.0
2023;Sul;SC;Brao do Norte;4;1;1;1;1;116.0;0.0;0.0;3.0;0.0;0.0
2023;Sul;SC;Florianpolis;1;1;0;1;1;416.0;0.0;0.0;64.0;0.0;0.0
2023;Sul;SC;Capinzal;4;0;0;0;1;42.0;0.0;0.0;3.0;0.0;0.0
2023;Sul;SC;Jaragu do Sul;3;1;0;1;1;51.0;0.0;0.0;4.0;0.0;0.0
2023;Sul;SC;Itaja;4;0;0;0;1;213.0;0.0;0.0;5.0;0.0;0.0
2023;Sul;SC;Chapec;4;1;1;1;1;94.0;0.0;0.0;3.0;0.0;0.0
2023;Sul;SC;Joinville;4;1;0;1;1;;;;;;
2023;Sul;SC;Ararangu;1;1;1;1;1;494.0;0.0;306.0;56.0;0.0;50.0
2023;Sul;SC;Indaial;4;0;0;0;1;224.0;0.0;0.0;26.0;0.0;0.0
2023;Sul;SC;Videira;1;1;1;1;1;571.0;0.0;452.0;65.0;0.0;60.0
2023;Sul;SC;Xanxer;4;1;0;1;1;9.0;0.0;0.0;1.0;0.0;0.0
2023;Sul;RS;Bag;1;1;0;1;1;264.0;0.0;264.0;41.0;0.0;41.0
2023;Sul;RS;Osrio;1;1;0;1;1;403.0;0.0;373.0;57.0;0.0;50.0
2023;Sul;RS;Sant'Ana do Livramento;1;1;1;1;1;492.0;0.0;370.0;36.0;0.0;36.0
2023;Sul;RS;Caxias do Sul;1;1;0;1;1;594.0;0.0;516.0;68.0;0.0;61.0
2023;Sul;RS;Panambi;1;1;1;1;1;413.0;0.0;355.0;59.0;0.0;54.0
2023;Sul;RS;Porto Alegre;1;0;0;1;1;673.0;0.0;368.0;63.0;0.0;56.0
2023;Sul;RS;Canoas;1;0;1;1;1;324.0;0.0;291.0;46.0;0.0;44.0
2023;Sul;RS;Farroupilha;1;1;1;1;1;457.0;0.0;319.0;64.0;0.0;53.0
2023;Sul;RS;Sapiranga;1;1;0;1;1;283.0;0.0;255.0;30.0;0.0;30.0
2023;Sul;RS;Santo ngelo;1;1;1;1;1;426.0;0.0;351.0;44.0;0.0;32.0
2023;Sul;RS;Gravata;1;1;0;1;1;221.0;0.0;221.0;25.0;0.0;25.0
2023;Sul;RS;Jaguaro;1;1;0;1;1;210.0;0.0;157.0;22.0;0.0;21.0
2023;Sul;RS;Lajeado;1;1;0;1;1;354.0;0.0;354.0;28.0;0.0;28.0
2023;Sul;RS;Alegrete;1;1;0;1;1;585.0;0.0;390.0;78.0;0.0;71.0
2023;Sul;RS;Bento Gonalves;1;1;1;1;1;471.0;0.0;452.0;94.0;0.0;92.0
2023;Sul;RS;Alvorada;1;0;1;1;1;332.0;0.0;181.0;47.0;0.0;40.0
2023;Sul;RS;Viamo;1;0;1;1;1;446.0;0.0;251.0;17.0;0.0;15.0
2023;Sul;RS;Uruguaiana;1;0;1;1;1;342.0;0.0;264.0;25.0;0.0;25.0
2023;Sul;RS;Frederico Westphalen;1;1;1;1;1;525.0;0.0;452.0;51.0;0.0;51.0
2023;Sul;RS;Novo Hamburgo;1;0;0;1;1;237.0;0.0;190.0;23.0;0.0;23.0
2023;Sul;RS;Rolante;1;0;1;1;1;374.0;0.0;330.0;44.0;0.0;43.0
2023;Sul;RS;Veranpolis;1;1;1;1;1;118.0;0.0;118.0;23.0;0.0;23.0
2023;Sul;RS;Rio Grande;3;1;0;1;1;119.0;0.0;0.0;14.0;0.0;0.0
2023;Sul;RS;Pelotas;1;1;0;1;1;734.0;0.0;577.0;103.0;0.0;101.0
2023;Sul;RS;Pelotas;1;1;1;1;1;1993.0;0.0;1390.0;278.0;0.0;234.0
2023;Sul;RS;Porto Alegre;1;1;1;1;1;617.0;297.0;199.0;89.0;53.0;26.0
2023;Sul;RS;Porto Alegre;4;1;1;1;1;1631.0;1251.0;248.0;57.0;47.0;13.0
2023;Sul;RS;Porto Alegre;1;0;1;0;1;612.0;0.0;0.0;71.0;0.0;0.0
2023;Sul;RS;Rio Grande;1;1;1;1;1;1024.0;0.0;695.0;102.0;0.0;84.0
2023;Sul;RS;Santa Maria;1;1;1;1;1;775.0;0.0;314.0;73.0;0.0;51.0
2023;Sul;RS;Santa Maria;1;1;1;1;1;1566.0;0.0;102.0;116.0;0.0;15.0
2023;Sul;RS;So Vicente do Sul;1;1;1;1;1;1325.0;0.0;1019.0;104.0;0.0;95.0
2023;Sul;RS;Serto;1;1;1;1;1;590.0;0.0;529.0;91.0;0.0;79.0
2023;Sul;RS;Caxias do Sul;4;1;1;1;1;62.0;0.0;0.0;1.0;0.0;0.0
2023;Sul;RS;Ibirub;4;1;0;1;1;65.0;23.0;0.0;7.0;6.0;0.0
2023;Sul;RS;Santiago;4;1;0;1;1;106.0;41.0;0.0;12.0;9.0;0.0
2023;Sul;RS;Itaqui;4;1;0;1;1;111.0;55.0;0.0;12.0;6.0;0.0
2023;Sul;RS;Palmeira das Misses;4;1;0;1;1;80.0;16.0;0.0;8.0;5.0;0.0
2023;Sul;RS;Camaqu;4;1;1;1;1;194.0;62.0;0.0;19.0;10.0;0.0
2023;Sul;RS;Tenente Portela;4;1;0;1;1;98.0;27.0;0.0;12.0;7.0;0.0
2023;Sul;RS;Santo Antnio da Patrulha;4;1;0;1;1;108.0;35.0;0.0;15.0;10.0;0.0
2023;Sul;RS;So Jos do Norte;4;1;0;1;1;161.0;55.0;0.0;11.0;6.0;0.0
2023;Sul;RS;Santa Maria;1;1;0;1;1;892.0;486.0;406.0;71.0;30.0;41.0
2023;Sul;RS;Crissiumal;3;1;0;1;1;53.0;0.0;0.0;1.0;0.0;0.0
2023;Sul;RS;Redentora;4;1;0;1;1;36.0;0.0;0.0;2.0;0.0;0.0
2023;Sul;RS;Porto Alegre;1;1;1;1;1;95.0;0.0;0.0;25.0;0.0;0.0
2023;Sul;RS;Arroio do Tigre;4;1;0;1;1;;;;;;
2023;Sul;RS;Sapucaia do Sul;1;1;0;1;1;1035.0;0.0;797.0;84.0;0.0;74.0
2023;Sul;RS;Charqueadas;1;1;0;1;1;507.0;0.0;414.0;65.0;0.0;63.0
2023;Sul;RS;Passo Fundo;4;1;1;1;1;189.0;0.0;0.0;2.0;0.0;0.0
2023;Sul;RS;Arvorezinha;4;1;0;1;1;36.0;27.0;0.0;6.0;6.0;0.0
2023;Sul;RS;Jlio de Castilhos;1;1;1;1;1;429.0;0.0;344.0;64.0;0.0;53.0
2023;Sul;RS;Santo Augusto;1;1;1;1;1;369.0;0.0;367.0;54.0;0.0;54.0
2023;Sul;RS;Passo Fundo;1;1;0;1;1;353.0;0.0;128.0;59.0;0.0;38.0
2023;Sul;RS;Ibirub;1;1;1;1;1;319.0;0.0;253.0;56.0;0.0;51.0
2023;Sul;RS;Vacaria;1;1;1;1;1;242.0;0.0;203.0;32.0;0.0;30.0
2023;Sul;RS;Feliz;1;1;0;1;1;344.0;0.0;344.0;49.0;0.0;49.0
2023;Sul;RS;Santa Rosa;1;1;0;1;1;515.0;0.0;251.0;52.0;0.0;47.0
2023;Sul;RS;Erechim;1;1;1;1;1;382.0;0.0;171.0;65.0;0.0;31.0
2023;Sul;RS;So Borja;1;1;1;1;1;415.0;0.0;334.0;53.0;0.0;51.0
2023;Sul;RS;Venncio Aires;1;1;0;1;1;551.0;0.0;283.0;52.0;0.0;48.0
2023;Sul;RS;Camaqu;1;1;0;1;1;505.0;0.0;397.0;49.0;0.0;49.0
2023;Centro-Oeste;MS;Corumb;3;0;0;0;1;698.0;455.0;0.0;44.0;31.0;0.0
2023;Centro-Oeste;MS;Dourados;4;1;0;1;1;114.0;40.0;0.0;23.0;10.0;0.0
2023;Centro-Oeste;MS;Rio Brilhante;4;0;0;1;1;42.0;38.0;0.0;8.0;6.0;0.0
2023;Centro-Oeste;MS;Iguatemi;4;1;0;1;1;77.0;9.0;0.0;10.0;4.0;0.0
2023;Centro-Oeste;MS;Campo Grande;4;1;0;1;1;33.0;33.0;0.0;6.0;6.0;0.0
2023;Centro-Oeste;MS;Campo Grande;4;1;0;1;1;178.0;48.0;0.0;19.0;12.0;0.0
2023;Centro-Oeste;MS;Anglica;4;1;0;1;1;61.0;20.0;0.0;11.0;7.0;0.0
2023;Centro-Oeste;MS;Pedro Gomes;4;1;0;1;1;25.0;4.0;0.0;6.0;3.0;0.0
2023;Centro-Oeste;MS;Corumb;3;0;0;0;1;73.0;0.0;0.0;11.0;0.0;0.0
2023;Centro-Oeste;MS;Ribas do Rio Pardo;4;1;0;1;1;42.0;10.0;0.0;6.0;3.0;0.0
2023;Centro-Oeste;MS;Inocncia;4;1;0;1;1;29.0;11.0;0.0;8.0;5.0;0.0
2023;Centro-Oeste;MS;Campo Grande;2;1;0;1;1;;;;;;
2023;Centro-Oeste;MS;Corumb;3;0;0;0;1;94.0;78.0;0.0;11.0;10.0;0.0
2023;Centro-Oeste;MS;Novo Horizonte do Sul;4;0;0;1;1;;;;;;
2023;Centro-Oeste;MS;Campo Grande;4;1;0;1;1;;;;;;
2023;Centro-Oeste;MS;Dourados;1;0;1;1;1;664.0;0.0;480.0;46.0;0.0;41.0
2023;Centro-Oeste;MS;Jardim;1;1;0;1;1;369.0;0.0;202.0;44.0;0.0;40.0
2023;Centro-Oeste;MS;Navira;1;1;1;1;1;624.0;0.0;471.0;51.0;0.0;44.0
2023;Centro-Oeste;MS;Tacuru;4;1;0;1;1;24.0;24.0;0.0;7.0;7.0;0.0
2023;Centro-Oeste;MS;Anastcio;4;1;0;1;1;;;;;;
2023;Centro-Oeste;MS;Nova Andradina;1;1;0;1;1;550.0;0.0;497.0;51.0;0.0;47.0
2023;Centro-Oeste;MS;Aquidauana;1;1;0;1;1;871.0;0.0;824.0;22.0;0.0;22.0
2023;Centro-Oeste;MS;Campo Grande;1;1;1;1;1;979.0;0.0;979.0;85.0;0.0;85.0
2023;Centro-Oeste;MS;Corumb;1;1;0;1;1;617.0;0.0;488.0;58.0;0.0;58.0
2023;Centro-Oeste;MS;Coxim;1;1;0;1;1;602.0;0.0;354.0;53.0;0.0;45.0
2023;Centro-Oeste;MS;Ponta Por;1;1;0;1;1;749.0;0.0;528.0;51.0;0.0;49.0
2023;Centro-Oeste;MS;Trs Lagoas;1;1;0;1;1;632.0;0.0;513.0;51.0;0.0;47.0
2023;Centro-Oeste;MT;Sorriso;4;1;0;1;1;154.0;32.0;0.0;17.0;9.0;0.0
2023;Centro-Oeste;MT;Nova Xavantina;2;1;0;1;1;529.0;353.0;176.0;32.0;19.0;22.0
2023;Centro-Oeste;MT;Porto Esperidio;3;0;0;0;1;50.0;39.0;0.0;4.0;3.0;0.0
2023;Centro-Oeste;MT;Cuiab;1;1;0;1;1;659.0;0.0;565.0;68.0;0.0;64.0
2023;Centro-Oeste;MT;Cuiab;1;1;1;1;1;1642.0;0.0;1251.0;182.0;0.0;151.0
2023;Centro-Oeste;MT;Cuiab;4;1;1;1;1;559.0;386.0;78.0;26.0;16.0;1.0
2023;Centro-Oeste;MT;Cceres;1;1;0;1;1;590.0;0.0;417.0;47.0;0.0;46.0
2023;Centro-Oeste;MT;Peixoto de Azevedo;4;1;0;1;1;102.0;22.0;0.0;10.0;2.0;0.0
2023;Centro-Oeste;MT;Vrzea Grande;4;1;0;1;1;;;;;;
2023;Centro-Oeste;MT;So Jos dos Quatro Marcos;4;1;0;1;1;61.0;9.0;0.0;9.0;2.0;0.0
2023;Centro-Oeste;MT;Poxoru;2;1;0;0;1;148.0;0.0;0.0;12.0;0.0;0.0
2023;Centro-Oeste;MT;Rondonpolis;1;1;0;1;1;797.0;0.0;517.0;55.0;0.0;45.0
2023;Centro-Oeste;MT;Barra do Garas;1;1;0;1;1;532.0;0.0;459.0;48.0;0.0;48.0
2023;Centro-Oeste;MT;Sorriso;1;0;1;1;1;408.0;0.0;320.0;47.0;0.0;38.0
2023;Centro-Oeste;MT;Colniza;4;1;0;1;1;;;;;;
2023;Centro-Oeste;MT;Primavera do Leste;1;1;1;1;1;686.0;0.0;604.0;66.0;0.0;54.0
2023;Centro-Oeste;MT;Tangar da Serra;1;1;0;1;1;328.0;0.0;265.0;23.0;0.0;23.0
2023;Centro-Oeste;MT;Alta Floresta;1;1;1;1;1;541.0;0.0;438.0;45.0;0.0;40.0
2023;Centro-Oeste;MT;Vrzea Grande;1;1;0;1;1;673.0;0.0;507.0;54.0;0.0;50.0
2023;Centro-Oeste;MT;Diamantino;1;1;0;1;1;370.0;0.0;293.0;22.0;0.0;22.0
2023;Centro-Oeste;MT;Nova Mutum;4;1;0;1;1;152.0;0.0;2.0;7.0;0.0;1.0
2023;Centro-Oeste;MT;Guarant do Norte;1;1;0;1;1;281.0;0.0;220.0;21.0;0.0;21.0
2023;Centro-Oeste;MT;Lucas do Rio Verde;1;1;0;1;1;170.0;0.0;170.0;20.0;0.0;20.0
2023;Centro-Oeste;MT;Sinop;1;1;0;1;1;342.0;0.0;189.0;26.0;0.0;21.0
2023;Centro-Oeste;MT;Cotriguau;4;1;0;1;1;25.0;4.0;0.0;4.0;1.0;0.0
2023;Centro-Oeste;MT;Tangar da Serra;2;1;0;1;1;510.0;283.0;227.0;30.0;19.0;26.0
2023;Centro-Oeste;MT;Querncia;3;0;0;1;1;128.0;93.0;0.0;8.0;6.0;0.0
2023;Centro-Oeste;MT;Nova Olmpia;3;1;0;1;1;75.0;14.0;0.0;13.0;4.0;0.0
2023;Centro-Oeste;MT;Diamantino;2;0;0;0;1;125.0;0.0;0.0;14.0;0.0;0.0
2023;Centro-Oeste;MT;Sinop;2;1;0;1;1;262.0;0.0;0.0;24.0;0.0;0.0
2023;Centro-Oeste;MT;Alta Floresta;2;1;0;1;1;156.0;0.0;0.0;16.0;0.0;0.0
2023;Centro-Oeste;MT;Rondonpolis;2;1;0;1;1;213.0;0.0;0.0;25.0;0.0;0.0
2023;Centro-Oeste;MT;Tangar da Serra;2;1;0;1;1;189.0;0.0;0.0;15.0;0.0;0.0
2023;Centro-Oeste;MT;Campo Novo do Parecis;1;1;0;1;1;442.0;0.0;352.0;35.0;0.0;35.0
2023;Centro-Oeste;MT;Pontes e Lacerda;1;1;0;1;1;618.0;0.0;517.0;50.0;0.0;47.0
2023;Centro-Oeste;MT;Cuiab;1;1;1;1;1;547.0;0.0;320.0;66.0;0.0;56.0
2023;Centro-Oeste;MT;Juna;1;1;1;1;1;380.0;0.0;317.0;48.0;0.0;48.0
2023;Centro-Oeste;MT;Confresa;1;1;0;1;1;422.0;0.0;311.0;41.0;0.0;37.0
2023;Centro-Oeste;GO;Goinia;1;1;1;1;1;1119.0;0.0;695.0;219.0;0.0;149.0
2023;Centro-Oeste;GO;Jata;1;1;0;1;1;234.0;0.0;188.0;59.0;0.0;46.0
2023;Centro-Oeste;GO;Rio Verde;1;1;1;1;1;477.0;0.0;0.0;62.0;0.0;0.0
2023;Centro-Oeste;GO;Caldas Novas;3;0;0;0;1;74.0;57.0;0.0;8.0;7.0;0.0
2023;Centro-Oeste;GO;Uruta;1;1;0;1;1;412.0;0.0;356.0;76.0;0.0;69.0
2023;Centro-Oeste;GO;Ceres;1;1;0;1;1;412.0;0.0;405.0;63.0;0.0;63.0
2023;Centro-Oeste;GO;Vila Propcio;3;1;0;0;1;227.0;165.0;0.0;14.0;10.0;0.0
2023;Centro-Oeste;GO;Morrinhos;1;1;0;1;1;341.0;0.0;341.0;32.0;0.0;32.0
2023;Centro-Oeste;GO;Goiatuba;3;1;0;1;1;215.0;150.0;0.0;12.0;9.0;0.0
2023;Centro-Oeste;GO;Goiansia;3;0;0;0;1;77.0;0.0;0.0;12.0;0.0;0.0
2023;Centro-Oeste;GO;Goinia;2;1;1;1;1;159.0;0.0;0.0;6.0;0.0;0.0
2023;Centro-Oeste;GO;Formosa;1;1;0;1;1;258.0;0.0;258.0;55.0;0.0;55.0
2023;Centro-Oeste;GO;Anpolis;1;1;0;1;1;308.0;0.0;237.0;57.0;0.0;52.0
2023;Centro-Oeste;GO;Ipor;1;1;1;1;1;560.0;0.0;282.0;57.0;0.0;48.0
2023;Centro-Oeste;GO;Luzinia;1;1;0;1;1;365.0;0.0;275.0;49.0;0.0;47.0
2023;Centro-Oeste;GO;Gois;1;1;0;1;1;67.0;0.0;63.0;42.0;0.0;38.0
2023;Centro-Oeste;GO;Aparecida de Goinia;1;1;1;1;1;384.0;0.0;268.0;63.0;0.0;51.0
2023;Centro-Oeste;GO;guas Lindas de Gois;1;1;1;1;1;390.0;0.0;247.0;41.0;0.0;34.0
2023;Centro-Oeste;GO;Goinia;1;1;1;1;1;298.0;0.0;220.0;48.0;0.0;38.0
2023;Centro-Oeste;GO;Senador Canedo;1;1;1;1;1;224.0;0.0;164.0;36.0;0.0;31.0
2023;Centro-Oeste;GO;Valparaso de Gois;1;1;0;1;1;213.0;0.0;213.0;31.0;0.0;31.0
2023;Centro-Oeste;GO;Campos Belos;1;1;0;1;1;266.0;0.0;266.0;31.0;0.0;31.0
2023;Centro-Oeste;GO;Catalo;1;1;0;1;1;213.0;0.0;157.0;19.0;0.0;19.0
2023;Centro-Oeste;GO;Cristalina;1;1;0;1;1;266.0;0.0;266.0;24.0;0.0;24.0
2023;Centro-Oeste;GO;Hidrolndia;1;1;0;0;1;165.0;0.0;165.0;19.0;0.0;19.0
2023;Centro-Oeste;GO;Ipameri;1;1;0;1;1;170.0;0.0;170.0;20.0;0.0;20.0
2023;Centro-Oeste;GO;Posse;1;1;0;1;1;343.0;0.0;178.0;33.0;0.0;28.0
2023;Centro-Oeste;GO;Trindade;1;1;0;1;1;337.0;0.0;334.0;50.0;0.0;50.0
2023;Centro-Oeste;GO;Inhumas;1;1;0;1;1;272.0;0.0;272.0;56.0;0.0;56.0
2023;Centro-Oeste;GO;Uruau;1;1;1;1;1;324.0;0.0;273.0;54.0;0.0;51.0
2023;Centro-Oeste;DF;Braslia;4;1;1;1;1;224.0;0.0;0.0;11.0;0.0;0.0
2023;Centro-Oeste;DF;Braslia;1;1;1;1;1;2865.0;1443.0;1422.0;166.0;69.0;111.0
2023;Centro-Oeste;DF;Braslia;2;1;0;1;1;768.0;0.0;0.0;65.0;0.0;0.0
2023;Centro-Oeste;DF;Braslia;2;0;1;0;1;26.0;0.0;0.0;7.0;0.0;0.0
2023;Centro-Oeste;DF;Braslia;1;1;0;1;1;544.0;0.0;266.0;42.0;0.0;32.0
2023;Centro-Oeste;DF;Braslia;2;1;0;1;1;372.0;0.0;372.0;24.0;0.0;24.0
2023;Centro-Oeste;DF;Braslia;2;1;0;1;1;2119.0;0.0;0.0;107.0;0.0;0.0
2023;Centro-Oeste;DF;Braslia;2;1;0;1;1;437.0;0.0;437.0;34.0;0.0;34.0
2023;Centro-Oeste;DF;Braslia;1;1;1;1;1;337.0;0.0;173.0;49.0;0.0;29.0
2023;Centro-Oeste;DF;Braslia;1;1;1;1;1;352.0;0.0;281.0;49.0;0.0;34.0
2023;Centro-Oeste;DF;Braslia;1;1;1;1;1;400.0;0.0;147.0;56.0;0.0;32.0
2023;Centro-Oeste;DF;Braslia;1;1;1;1;1;577.0;0.0;264.0;48.0;0.0;34.0
2023;Centro-Oeste;DF;Braslia;4;1;0;1;1;43.0;0.0;43.0;33.0;0.0;33.0
2024;Norte;RO;Ariquemes;3;1;0;0;1;346.0;0.0;0.0;18.0;0.0;0.0
2024;Norte;RO;Ariquemes;1;1;1;1;1;567.0;0.0;567.0;53.0;0.0;53.0
2024;Norte;RO;Cacoal;1;1;1;1;1;567.0;0.0;567.0;64.0;0.0;64.0
2024;Norte;RO;Colorado do Oeste;1;1;0;1;1;575.0;0.0;575.0;65.0;0.0;65.0
2024;Norte;RO;Guajar-Mirim;1;1;1;1;1;423.0;0.0;357.0;36.0;0.0;34.0
2024;Norte;RO;Jaru;1;1;1;1;1;412.0;0.0;331.0;34.0;0.0;34.0
2024;Norte;RO;Ji-Paran;3;0;0;1;1;139.0;0.0;0.0;7.0;0.0;0.0
2024;Norte;RO;Ji-Paran;3;1;0;1;1;210.0;0.0;0.0;9.0;0.0;0.0
2024;Norte;RO;Ji-Paran;1;1;1;1;1;557.0;0.0;528.0;61.0;0.0;60.0
2024;Norte;RO;Machadinho D'Oeste;3;0;0;1;1;151.0;0.0;0.0;10.0;0.0;0.0
2024;Norte;RO;Ouro Preto do Oeste;4;0;1;1;1;211.0;147.0;35.0;19.0;14.0;9.0
2024;Norte;RO;Porto Velho;2;1;0;1;1;1601.0;1130.0;411.0;58.0;50.0;27.0
2024;Norte;RO;Porto Velho;2;1;0;1;1;1604.0;717.0;454.0;40.0;25.0;23.0
2024;Norte;RO;Porto Velho;1;1;1;1;1;461.0;0.0;70.0;27.0;0.0;20.0
2024;Norte;RO;Porto Velho;1;1;1;1;1;1131.0;0.0;892.0;111.0;0.0;101.0
2024;Norte;RO;Vilhena;1;1;1;1;1;599.0;0.0;599.0;46.0;0.0;46.0
2024;Norte;RO;So Miguel do Guapor;1;1;0;1;1;203.0;0.0;76.0;14.0;0.0;12.0
2024;Norte;RO;Buritis;4;1;0;1;1;56.0;0.0;0.0;6.0;0.0;0.0
2024;Norte;AC;Cruzeiro do Sul;1;1;0;1;1;545.0;0.0;545.0;44.0;0.0;44.0
2024;Norte;AC;Cruzeiro do Sul;2;1;0;1;1;685.0;333.0;352.0;25.0;14.0;13.0
2024;Norte;AC;Porto Walter;2;1;0;0;1;783.0;177.0;450.0;29.0;8.0;18.0
2024;Norte;AC;Rio Branco;3;1;0;1;1;295.0;0.0;0.0;10.0;0.0;0.0
2024;Norte;AC;Rio Branco;1;1;0;1;1;642.0;0.0;385.0;81.0;0.0;58.0
2024;Norte;AC;Rio Branco;1;1;0;1;1;763.0;0.0;27.0;35.0;0.0;17.0
2024;Norte;AC;Rio Branco;2;0;0;1;1;954.0;528.0;426.0;29.0;23.0;19.0
2024;Norte;AC;Sena Madureira;1;0;1;1;1;324.0;0.0;310.0;35.0;0.0;35.0
2024;Norte;AC;Tarauac;1;1;0;1;1;384.0;0.0;353.0;31.0;0.0;30.0
2024;Norte;AC;Xapuri;1;1;0;1;1;299.0;0.0;253.0;38.0;0.0;36.0
2024;Norte;AC;Porto Acre;2;1;0;1;1;50.0;16.0;11.0;5.0;5.0;4.0
2024;Norte;AM;Anam;3;0;0;0;1;49.0;46.0;0.0;5.0;5.0;0.0
2024;Norte;AM;Anam;3;1;0;0;1;63.0;56.0;0.0;6.0;6.0;0.0
2024;Norte;AM;Anam;3;0;0;1;1;91.0;78.0;0.0;6.0;6.0;0.0
2024;Norte;AM;Anam;3;0;0;0;1;21.0;15.0;0.0;1.0;1.0;0.0
2024;Norte;AM;Anam;3;0;0;0;1;38.0;33.0;0.0;5.0;4.0;0.0
2024;Norte;AM;Anam;3;1;0;0;1;69.0;63.0;0.0;5.0;5.0;0.0
2024;Norte;AM;Anam;3;0;0;0;1;17.0;12.0;0.0;1.0;1.0;0.0
2024;Norte;AM;Anam;3;0;0;0;1;34.0;23.0;0.0;2.0;2.0;0.0
2024;Norte;AM;Anam;3;1;0;1;1;54.0;46.0;0.0;6.0;6.0;0.0
2024;Norte;AM;Anam;3;0;0;0;1;77.0;69.0;0.0;5.0;5.0;0.0
2024;Norte;AM;Anam;3;1;0;0;1;41.0;32.0;0.0;5.0;5.0;0.0
2024;Norte;AM;Anam;3;1;0;0;1;20.0;15.0;0.0;1.0;1.0;0.0
2024;Norte;AM;Anam;3;0;0;0;1;46.0;26.0;0.0;2.0;2.0;0.0
2024;Norte;AM;Anam;3;0;0;0;1;54.0;37.0;0.0;3.0;3.0;0.0
2024;Norte;AM;Anam;3;0;0;0;1;61.0;30.0;0.0;6.0;3.0;0.0
2024;Norte;AM;Anam;3;1;0;0;1;64.0;34.0;0.0;6.0;3.0;0.0
2024;Norte;AM;Anam;3;0;0;1;1;94.0;67.0;0.0;5.0;5.0;0.0
2024;Norte;AM;Anam;3;1;0;1;1;90.0;78.0;0.0;6.0;6.0;0.0
2024;Norte;AM;Beruri;3;1;0;1;1;648.0;433.0;0.0;28.0;22.0;0.0
2024;Norte;AM;Boca do Acre;1;0;0;0;1;143.0;0.0;0.0;10.0;0.0;0.0
2024;Norte;AM;Coari;1;1;0;0;1;456.0;0.0;401.0;33.0;0.0;33.0
2024;Norte;AM;Eirunep;1;1;0;1;1;542.0;0.0;280.0;25.0;0.0;25.0
2024;Norte;AM;Humait;1;0;0;1;1;396.0;0.0;286.0;37.0;0.0;37.0
2024;Norte;AM;Iranduba;1;1;0;1;1;238.0;0.0;116.0;26.0;0.0;23.0
2024;Norte;AM;Iranduba;3;1;0;1;1;66.0;46.0;0.0;6.0;5.0;0.0
2024;Norte;AM;Itacoatiara;2;1;0;0;1;467.0;0.0;0.0;46.0;0.0;0.0
2024;Norte;AM;Itacoatiara;1;1;1;1;1;463.0;0.0;405.0;28.0;0.0;28.0
2024;Norte;AM;Juta;2;0;0;0;1;290.0;0.0;0.0;48.0;0.0;0.0
2024;Norte;AM;Lbrea;1;1;1;1;1;415.0;0.0;388.0;36.0;0.0;35.0
2024;Norte;AM;Manacapuru;1;1;0;1;1;277.0;0.0;170.0;29.0;0.0;29.0
2024;Norte;AM;Manaus;1;1;0;1;1;912.0;0.0;530.0;82.0;0.0;56.0
2024;Norte;AM;Manaus;1;1;1;1;1;1456.0;0.0;766.0;168.0;0.0;115.0
2024;Norte;AM;Manaus;1;1;0;1;1;598.0;0.0;439.0;68.0;0.0;53.0
2024;Norte;AM;Manaus;2;0;0;0;1;1051.0;0.0;0.0;129.0;0.0;0.0
2024;Norte;AM;Manaus;2;1;1;1;1;1204.0;0.0;0.0;104.0;0.0;0.0
2024;Norte;AM;Manaus;4;1;0;1;1;78.0;26.0;0.0;4.0;3.0;0.0
2024;Norte;AM;Manaus;2;1;1;1;1;1937.0;0.0;0.0;124.0;0.0;0.0
2024;Norte;AM;Manaus;4;1;0;1;1;184.0;17.0;0.0;9.0;1.0;0.0
2024;Norte;AM;Manaus;2;1;0;1;1;983.0;0.0;0.0;84.0;0.0;0.0
2024;Norte;AM;Manaus;2;1;1;1;1;417.0;0.0;0.0;20.0;0.0;0.0
2024;Norte;AM;Maus;1;1;1;1;1;453.0;0.0;338.0;30.0;0.0;29.0
2024;Norte;AM;Parintins;1;1;1;1;1;640.0;0.0;300.0;51.0;0.0;42.0
2024;Norte;AM;Presidente Figueiredo;1;1;0;1;1;550.0;0.0;397.0;41.0;0.0;40.0
2024;Norte;AM;So Gabriel da Cachoeira;1;1;0;1;1;752.0;0.0;364.0;57.0;0.0;47.0
2024;Norte;AM;Tabatinga;1;1;1;1;1;527.0;0.0;376.0;41.0;0.0;40.0
2024;Norte;AM;Tef;1;1;0;1;1;480.0;0.0;298.0;33.0;0.0;33.0
2024;Norte;RR;Amajari;1;1;0;1;1;122.0;0.0;67.0;13.0;0.0;13.0
2024;Norte;RR;Boa Vista;1;1;0;1;1;270.0;0.0;226.0;38.0;0.0;31.0
2024;Norte;RR;Boa Vista;1;1;1;1;1;220.0;0.0;176.0;47.0;0.0;33.0
2024;Norte;RR;Boa Vista;2;1;0;1;1;938.0;527.0;411.0;46.0;26.0;23.0
2024;Norte;RR;Boa Vista;1;1;0;1;1;419.0;0.0;329.0;37.0;0.0;34.0
2024;Norte;RR;Bonfim;1;1;0;1;1;517.0;0.0;0.0;22.0;0.0;0.0
2024;Norte;RR;Caracara;1;1;0;1;1;341.0;0.0;335.0;34.0;0.0;33.0
2024;Norte;RR;So Luiz;2;0;0;1;1;145.0;110.0;35.0;18.0;16.0;13.0
2024;Norte;PA;Abaetetuba;3;1;0;1;1;285.0;0.0;0.0;43.0;0.0;0.0
2024;Norte;PA;Abaetetuba;1;1;1;1;1;829.0;0.0;497.0;69.0;0.0;66.0
2024;Norte;PA;Altamira;4;1;0;1;1;122.0;0.0;0.0;9.0;0.0;0.0
2024;Norte;PA;Altamira;4;1;0;1;1;302.0;207.0;0.0;14.0;10.0;0.0
2024;Norte;PA;Altamira;1;1;0;1;1;336.0;0.0;249.0;27.0;0.0;23.0
2024;Norte;PA;Ananindeua;1;1;1;1;1;274.0;0.0;216.0;41.0;0.0;36.0
2024;Norte;PA;Ananindeua;3;0;0;1;1;871.0;810.0;0.0;36.0;32.0;0.0
2024;Norte;PA;Ananindeua;4;1;0;1;1;397.0;322.0;0.0;30.0;25.0;0.0
2024;Norte;PA;Barcarena;2;1;0;1;1;799.0;0.0;486.0;22.0;0.0;21.0
2024;Norte;PA;Belm;4;1;0;1;1;98.0;63.0;0.0;8.0;6.0;0.0
2024;Norte;PA;Belm;1;1;1;1;1;658.0;384.0;274.0;62.0;30.0;39.0
2024;Norte;PA;Belm;4;1;0;1;1;45.0;45.0;0.0;6.0;6.0;0.0
2024;Norte;PA;Belm;1;1;1;1;1;295.0;0.0;0.0;34.0;0.0;0.0
2024;Norte;PA;Belm;1;1;1;1;1;313.0;0.0;0.0;45.0;0.0;0.0
2024;Norte;PA;Belm;2;1;1;1;1;1313.0;0.0;1096.0;37.0;0.0;37.0
2024;Norte;PA;Belm;4;1;1;1;1;1148.0;550.0;548.0;58.0;31.0;32.0
2024;Norte;PA;Belm;1;1;1;1;1;2188.0;0.0;1216.0;288.0;0.0;260.0
2024;Norte;PA;Belm;4;1;1;1;1;228.0;0.0;0.0;11.0;0.0;0.0
2024;Norte;PA;Belm;3;1;0;1;1;690.0;437.0;0.0;31.0;17.0;0.0
2024;Norte;PA;Belm;4;0;0;0;1;50.0;41.0;0.0;11.0;8.0;0.0
2024;Norte;PA;Bragana;1;1;1;1;1;791.0;0.0;556.0;53.0;0.0;47.0
2024;Norte;PA;Bragana;4;1;0;1;1;174.0;0.0;0.0;10.0;0.0;0.0
2024;Norte;PA;Breves;1;1;1;1;1;420.0;0.0;384.0;43.0;0.0;38.0
2024;Norte;PA;Camet;1;1;0;1;1;346.0;0.0;306.0;32.0;0.0;32.0
2024;Norte;PA;Castanhal;1;1;0;1;1;650.0;0.0;424.0;109.0;0.0;90.0
2024;Norte;PA;Conceio do Araguaia;1;0;1;1;1;298.0;0.0;207.0;17.0;0.0;15.0
2024;Norte;PA;Curralinho;3;0;0;0;1;1243.0;1199.0;0.0;38.0;37.0;0.0
2024;Norte;PA;Curu;3;1;0;0;1;222.0;147.0;0.0;22.0;12.0;0.0
2024;Norte;PA;Igarap-Miri;3;1;0;0;1;159.0;136.0;0.0;9.0;8.0;0.0
2024;Norte;PA;Itaituba;3;1;0;1;1;327.0;263.0;0.0;24.0;18.0;0.0
2024;Norte;PA;Itaituba;1;1;0;1;1;325.0;0.0;325.0;41.0;0.0;41.0
2024;Norte;PA;Itaituba;3;0;0;0;1;34.0;19.0;0.0;3.0;3.0;0.0
2024;Norte;PA;Marab;1;1;0;1;1;337.0;0.0;281.0;44.0;0.0;40.0
2024;Norte;PA;Marab;1;1;1;1;1;470.0;0.0;424.0;59.0;0.0;58.0
2024;Norte;PA;Marituba;2;1;0;1;1;664.0;0.0;448.0;29.0;0.0;26.0
2024;Norte;PA;Marituba;3;1;0;0;1;;;;;;
2024;Norte;PA;Moju;3;0;0;0;1;282.0;262.0;0.0;15.0;13.0;0.0
2024;Norte;PA;Novo Progresso;3;1;0;0;1;460.0;0.0;0.0;19.0;0.0;0.0
2024;Norte;PA;Novo Progresso;3;1;0;0;1;288.0;0.0;0.0;10.0;0.0;0.0
2024;Norte;PA;Novo Progresso;3;0;0;0;1;183.0;0.0;0.0;7.0;0.0;0.0
2024;Norte;PA;bidos;1;1;1;1;1;379.0;0.0;353.0;38.0;0.0;36.0
2024;Norte;PA;Paragominas;4;1;0;1;1;122.0;0.0;0.0;15.0;0.0;0.0
2024;Norte;PA;Paragominas;1;1;0;1;1;779.0;0.0;733.0;52.0;0.0;52.0
2024;Norte;PA;Parauapebas;1;1;0;1;1;461.0;0.0;353.0;32.0;0.0;28.0
2024;Norte;PA;Portel;3;1;0;1;1;;;;;;
2024;Norte;PA;Salinpolis;3;1;0;0;1;242.0;144.0;0.0;12.0;7.0;0.0
2024;Norte;PA;Santa Izabel do Par;2;0;0;0;1;556.0;0.0;163.0;35.0;0.0;28.0
2024;Norte;PA;Santarm;1;1;1;1;1;664.0;0.0;457.0;66.0;0.0;58.0
2024;Norte;PA;Santarm;3;0;0;1;1;137.0;0.0;0.0;9.0;0.0;0.0
2024;Norte;PA;Santarm;3;1;0;1;1;275.0;0.0;0.0;14.0;0.0;0.0
2024;Norte;PA;So Flix do Xingu;4;1;0;1;1;89.0;58.0;31.0;23.0;18.0;15.0
2024;Norte;PA;Senador Jos Porfrio;4;1;0;1;1;56.0;0.0;13.0;5.0;0.0;4.0
2024;Norte;PA;Tucuru;4;1;0;1;1;389.0;0.0;0.0;10.0;0.0;0.0
2024;Norte;PA;Tucuru;3;0;0;1;1;240.0;0.0;0.0;18.0;0.0;0.0
2024;Norte;PA;Tucuru;1;1;1;1;1;592.0;0.0;502.0;73.0;0.0;71.0
2024;Norte;PA;Vigia;1;1;0;1;1;144.0;0.0;38.0;19.0;0.0;10.0
2024;Norte;AP;Pedra Branca do Amapari;1;1;0;1;1;56.0;0.0;0.0;4.0;0.0;0.0
2024;Norte;AP;Laranjal do Jari;1;1;0;1;1;551.0;0.0;390.0;42.0;0.0;41.0
2024;Norte;AP;Macap;4;1;0;1;1;304.0;0.0;0.0;9.0;0.0;0.0
2024;Norte;AP;Macap;2;1;0;1;1;813.0;0.0;0.0;30.0;0.0;0.0
2024;Norte;AP;Macap;2;1;0;0;1;542.0;436.0;0.0;37.0;27.0;0.0
2024;Norte;AP;Macap;1;1;1;1;1;683.0;0.0;580.0;85.0;0.0;77.0
2024;Norte;AP;Macap;2;1;0;0;1;412.0;0.0;0.0;15.0;0.0;0.0
2024;Norte;AP;Macap;3;1;0;1;1;848.0;480.0;0.0;38.0;17.0;0.0
2024;Norte;AP;Macap;2;1;0;1;1;;;;;;
2024;Norte;AP;Macap;2;0;0;1;1;1457.0;876.0;581.0;56.0;33.0;31.0
2024;Norte;AP;Macap;2;0;0;1;1;;;;;;
2024;Norte;AP;Macap;3;0;0;0;1;353.0;0.0;0.0;14.0;0.0;0.0
2024;Norte;AP;Macap;2;0;1;1;1;92.0;0.0;0.0;8.0;0.0;0.0
2024;Norte;AP;Macap;2;1;0;1;1;98.0;0.0;0.0;18.0;0.0;0.0
2024;Norte;AP;Macap;3;0;0;1;1;223.0;0.0;0.0;14.0;0.0;0.0
2024;Norte;AP;Oiapoque;2;0;0;0;1;21.0;13.0;0.0;7.0;5.0;0.0
2024;Norte;AP;Oiapoque;1;1;0;1;1;57.0;0.0;0.0;3.0;0.0;0.0
2024;Norte;AP;Porto Grande;1;1;0;1;1;248.0;0.0;217.0;39.0;0.0;38.0
2024;Norte;AP;Santana;4;1;0;1;1;169.0;0.0;0.0;6.0;0.0;0.0
2024;Norte;AP;Santana;1;1;0;1;1;457.0;0.0;382.0;46.0;0.0;44.0
2024;Norte;AP;Santana;2;0;0;1;1;;;;;;
2024;Norte;AP;Santana;2;1;0;1;1;339.0;0.0;0.0;17.0;0.0;0.0
2024;Norte;TO;Alvorada;4;1;0;1;1;87.0;11.0;0.0;11.0;2.0;0.0
2024;Norte;TO;Araguana;1;1;0;1;1;490.0;0.0;305.0;47.0;0.0;39.0
2024;Norte;TO;Araguatins;1;1;0;1;1;651.0;0.0;597.0;64.0;0.0;64.0
2024;Norte;TO;Colinas do Tocantins;1;1;0;1;1;181.0;0.0;181.0;32.0;0.0;32.0
2024;Norte;TO;Dianpolis;1;1;0;1;1;247.0;0.0;247.0;35.0;0.0;35.0
2024;Norte;TO;Formoso do Araguaia;1;1;0;1;1;164.0;0.0;164.0;18.0;0.0;18.0
2024;Norte;TO;Gurupi;1;1;0;1;1;253.0;0.0;253.0;44.0;0.0;44.0
2024;Norte;TO;Lagoa da Confuso;1;1;0;1;1;109.0;0.0;37.0;12.0;0.0;7.0
2024;Norte;TO;Paraso do Tocantins;1;1;0;1;1;258.0;0.0;258.0;46.0;0.0;46.0
2024;Norte;TO;Pedro Afonso;1;1;0;1;1;116.0;0.0;67.0;15.0;0.0;13.0
2024;Norte;TO;Porto Nacional;1;1;0;1;1;372.0;0.0;354.0;40.0;0.0;39.0
2024;Norte;TO;Palmas;1;1;0;1;1;1087.0;0.0;795.0;173.0;0.0;133.0
2024;Nordeste;MA;Aailndia;2;1;0;1;1;311.0;0.0;311.0;26.0;0.0;26.0
2024;Nordeste;MA;Aailndia;3;1;0;1;1;147.0;0.0;0.0;18.0;0.0;0.0
2024;Nordeste;MA;Aailndia;1;1;0;1;1;745.0;0.0;665.0;58.0;0.0;55.0
2024;Nordeste;MA;Alcntara;1;0;0;1;1;244.0;0.0;175.0;34.0;0.0;33.0
2024;Nordeste;MA;Alto Alegre do Pindar;2;1;0;1;1;324.0;0.0;324.0;22.0;0.0;22.0
2024;Nordeste;MA;Anapurus;3;0;0;1;1;252.0;252.0;0.0;28.0;28.0;0.0
2024;Nordeste;MA;Araioses;1;1;0;1;1;261.0;0.0;247.0;21.0;0.0;21.0
2024;Nordeste;MA;Axix;2;1;0;1;1;472.0;0.0;472.0;34.0;0.0;34.0
2024;Nordeste;MA;Bacabal;1;1;0;1;1;347.0;0.0;297.0;44.0;0.0;38.0
2024;Nordeste;MA;Bacabal;2;1;0;1;1;442.0;0.0;442.0;33.0;0.0;33.0
2024;Nordeste;MA;Balsas;3;1;0;1;1;422.0;422.0;0.0;22.0;22.0;0.0
2024;Nordeste;MA;Barra do Corda;1;1;0;1;1;595.0;0.0;478.0;46.0;0.0;46.0
2024;Nordeste;MA;Barreirinhas;1;1;1;1;1;676.0;0.0;607.0;45.0;0.0;45.0
2024;Nordeste;MA;Barreirinhas;4;0;0;0;1;40.0;0.0;40.0;9.0;0.0;9.0
2024;Nordeste;MA;Brejo;2;1;0;1;1;349.0;0.0;349.0;29.0;0.0;29.0
2024;Nordeste;MA;Buriticupu;1;1;1;1;1;548.0;0.0;441.0;44.0;0.0;43.0
2024;Nordeste;MA;Carolina;1;1;0;1;1;82.0;0.0;0.0;16.0;0.0;0.0
2024;Nordeste;MA;Caxias;3;1;0;1;1;463.0;463.0;0.0;26.0;26.0;0.0
2024;Nordeste;MA;Caxias;2;1;0;1;1;936.0;547.0;389.0;55.0;40.0;41.0
2024;Nordeste;MA;Caxias;1;1;0;1;1;553.0;0.0;472.0;57.0;0.0;54.0
2024;Nordeste;MA;Cod;1;1;0;1;1;522.0;0.0;425.0;64.0;0.0;63.0
2024;Nordeste;MA;Cod;4;1;0;1;1;80.0;44.0;0.0;10.0;7.0;0.0
2024;Nordeste;MA;Cod;4;1;0;1;1;348.0;238.0;0.0;21.0;15.0;0.0
2024;Nordeste;MA;Cod;2;1;0;1;1;448.0;0.0;448.0;29.0;0.0;29.0
2024;Nordeste;MA;Coelho Neto;1;1;0;1;1;510.0;0.0;426.0;39.0;0.0;38.0
2024;Nordeste;MA;Colinas;2;1;0;1;1;386.0;0.0;386.0;34.0;0.0;34.0
2024;Nordeste;MA;Coroat;3;1;0;1;1;1104.0;1104.0;0.0;58.0;58.0;0.0
2024;Nordeste;MA;Coroat;2;1;0;1;1;431.0;0.0;431.0;32.0;0.0;32.0
2024;Nordeste;MA;Cururupu;2;1;0;1;1;444.0;0.0;444.0;31.0;0.0;31.0
2024;Nordeste;MA;Graja;3;0;0;0;1;388.0;388.0;0.0;18.0;18.0;0.0
2024;Nordeste;MA;Graja;1;1;0;1;1;516.0;0.0;348.0;37.0;0.0;36.0
2024;Nordeste;MA;Igarap do Meio;3;1;0;1;1;;;;;;
2024;Nordeste;MA;Imperatriz;2;0;0;1;1;1060.0;563.0;497.0;53.0;33.0;37.0
2024;Nordeste;MA;Imperatriz;1;1;1;1;1;1130.0;0.0;691.0;76.0;0.0;60.0
2024;Nordeste;MA;Itapecuru Mirim;2;1;0;1;1;44.0;0.0;44.0;8.0;0.0;8.0
2024;Nordeste;MA;Itapecuru Mirim;1;1;0;1;1;283.0;0.0;233.0;19.0;0.0;19.0
2024;Nordeste;MA;Pao do Lumiar;3;1;0;1;1;586.0;586.0;0.0;23.0;23.0;0.0
2024;Nordeste;MA;Pao do Lumiar;2;0;0;1;1;145.0;0.0;145.0;14.0;0.0;14.0
2024;Nordeste;MA;Pedreiras;3;1;0;0;1;25.0;13.0;0.0;3.0;2.0;0.0
2024;Nordeste;MA;Pedreiras;2;1;0;1;1;5.0;0.0;0.0;2.0;0.0;0.0
2024;Nordeste;MA;Pedreiras;1;1;0;1;1;605.0;0.0;470.0;37.0;0.0;36.0
2024;Nordeste;MA;Peritor;2;1;0;1;1;112.0;0.0;112.0;10.0;0.0;10.0
2024;Nordeste;MA;Pindar-Mirim;2;1;0;1;1;447.0;0.0;447.0;32.0;0.0;32.0
2024;Nordeste;MA;Pinheiro;1;1;0;1;1;642.0;0.0;598.0;37.0;0.0;36.0
2024;Nordeste;MA;Porto Franco;1;1;0;1;1;245.0;0.0;172.0;21.0;0.0;17.0
2024;Nordeste;MA;Porto Franco;2;1;0;1;1;82.0;0.0;82.0;14.0;0.0;14.0
2024;Nordeste;MA;Presidente Dutra;3;1;0;1;1;405.0;405.0;0.0;25.0;25.0;0.0
2024;Nordeste;MA;Presidente Dutra;4;1;1;1;1;196.0;162.0;0.0;19.0;15.0;0.0
2024;Nordeste;MA;Presidente Dutra;1;1;0;1;1;204.0;0.0;181.0;18.0;0.0;18.0
2024;Nordeste;MA;Raposa;3;1;0;1;1;659.0;659.0;0.0;29.0;29.0;0.0
2024;Nordeste;MA;Rosrio;1;0;0;1;1;360.0;0.0;278.0;25.0;0.0;24.0
2024;Nordeste;MA;Santa Ins;2;1;0;1;1;434.0;0.0;434.0;33.0;0.0;33.0
2024;Nordeste;MA;Santa Ins;2;1;0;1;1;149.0;149.0;0.0;24.0;24.0;0.0
2024;Nordeste;MA;Santa Ins;1;1;1;1;1;772.0;0.0;646.0;51.0;0.0;48.0
2024;Nordeste;MA;Santa Ins;3;1;0;0;1;735.0;735.0;0.0;44.0;44.0;0.0
2024;Nordeste;MA;Santa Luzia do Paru;2;1;0;1;1;392.0;0.0;392.0;37.0;0.0;37.0
2024;Nordeste;MA;So Domingos do Maranho;2;1;0;1;1;160.0;0.0;160.0;16.0;0.0;16.0
2024;Nordeste;MA;So Joo dos Patos;1;1;0;1;1;432.0;0.0;375.0;42.0;0.0;40.0
2024;Nordeste;MA;So Jos de Ribamar;3;1;0;1;1;1108.0;1032.0;0.0;67.0;62.0;0.0
2024;Nordeste;MA;So Jos de Ribamar;2;1;0;1;1;467.0;0.0;467.0;22.0;0.0;22.0
2024;Nordeste;MA;So Jos de Ribamar;1;1;0;1;1;533.0;0.0;439.0;54.0;0.0;54.0
2024;Nordeste;MA;So Jos de Ribamar;3;1;0;1;1;413.0;355.0;0.0;19.0;17.0;0.0
2024;Nordeste;MA;So Lus;2;0;0;1;1;490.0;0.0;490.0;41.0;0.0;41.0
2024;Nordeste;MA;So Lus;2;0;0;1;1;555.0;0.0;555.0;41.0;0.0;41.0
2024;Nordeste;MA;So Lus;2;1;0;1;1;1063.0;565.0;498.0;59.0;31.0;34.0
2024;Nordeste;MA;So Lus;1;0;0;1;1;627.0;314.0;285.0;73.0;41.0;43.0
2024;Nordeste;MA;So Lus;4;1;0;1;1;375.0;307.0;68.0;25.0;21.0;11.0
2024;Nordeste;MA;So Lus;1;1;0;0;1;780.0;0.0;413.0;62.0;0.0;56.0
2024;Nordeste;MA;So Lus;2;1;0;1;1;1136.0;0.0;767.0;84.0;0.0;63.0
2024;Nordeste;MA;So Lus;2;1;0;1;1;1402.0;693.0;709.0;77.0;45.0;48.0
2024;Nordeste;MA;So Lus;2;0;0;0;1;238.0;0.0;0.0;48.0;0.0;0.0
2024;Nordeste;MA;So Lus;1;1;1;1;1;1646.0;0.0;1250.0;188.0;0.0;171.0
2024;Nordeste;MA;So Lus;4;1;0;0;1;94.0;62.0;0.0;11.0;8.0;0.0
2024;Nordeste;MA;So Lus;2;1;0;1;1;;;;;;
2024;Nordeste;MA;So Lus;4;1;0;1;1;606.0;0.0;0.0;16.0;0.0;0.0
2024;Nordeste;MA;So Lus;2;1;0;1;1;509.0;0.0;509.0;33.0;0.0;33.0
2024;Nordeste;MA;So Lus;2;0;0;1;1;48.0;0.0;0.0;16.0;0.0;0.0
2024;Nordeste;MA;So Lus;4;1;0;1;1;73.0;58.0;0.0;16.0;14.0;0.0
2024;Nordeste;MA;So Lus;2;0;0;1;1;90.0;0.0;0.0;17.0;0.0;0.0
2024;Nordeste;MA;So Lus;4;1;0;1;1;104.0;0.0;0.0;8.0;0.0;0.0
2024;Nordeste;MA;So Lus;1;1;1;1;1;592.0;0.0;564.0;68.0;0.0;68.0
2024;Nordeste;MA;So Mateus do Maranho;3;0;0;0;1;876.0;876.0;0.0;34.0;34.0;0.0
2024;Nordeste;MA;So Mateus do Maranho;2;1;0;1;1;325.0;0.0;325.0;26.0;0.0;26.0
2024;Nordeste;MA;So Raimundo das Mangabeiras;1;1;0;1;1;353.0;0.0;311.0;47.0;0.0;44.0
2024;Nordeste;MA;So Vicente Ferrer;3;1;0;0;1;199.0;199.0;0.0;13.0;13.0;0.0
2024;Nordeste;MA;Timbiras;3;1;0;1;1;627.0;525.0;0.0;38.0;30.0;0.0
2024;Nordeste;MA;Timon;1;1;0;1;1;664.0;0.0;565.0;70.0;0.0;66.0
2024;Nordeste;MA;Timon;3;1;0;1;1;406.0;406.0;0.0;21.0;21.0;0.0
2024;Nordeste;MA;Timon;2;1;0;1;1;473.0;0.0;473.0;45.0;0.0;45.0
2024;Nordeste;MA;Timon;3;1;0;1;1;413.0;413.0;0.0;19.0;19.0;0.0
2024;Nordeste;MA;Timon;4;1;0;1;1;425.0;217.0;0.0;15.0;11.0;0.0
2024;Nordeste;MA;Viana;2;1;0;1;1;463.0;0.0;463.0;36.0;0.0;36.0
2024;Nordeste;MA;Viana;1;1;0;1;1;303.0;0.0;185.0;25.0;0.0;25.0
2024;Nordeste;MA;Z Doca;2;0;0;1;1;358.0;0.0;358.0;30.0;0.0;30.0
2024;Nordeste;MA;Z Doca;4;1;0;1;1;44.0;0.0;44.0;12.0;0.0;12.0
2024;Nordeste;MA;Z Doca;1;0;1;1;1;331.0;0.0;183.0;24.0;0.0;20.0
2024;Nordeste;PI;Alto Long;2;1;0;0;1;284.0;0.0;284.0;25.0;0.0;25.0
2024;Nordeste;PI;Altos;2;0;0;1;1;755.0;0.0;480.0;38.0;0.0;36.0
2024;Nordeste;PI;Angical do Piau;1;1;0;1;1;535.0;0.0;440.0;48.0;0.0;45.0
2024;Nordeste;PI;Aroeiras do Itaim;2;0;0;1;1;130.0;0.0;64.0;11.0;0.0;9.0
2024;Nordeste;PI;Bom Jesus;1;1;0;0;1;510.0;0.0;241.0;34.0;0.0;15.0
2024;Nordeste;PI;Campo Maior;1;1;0;1;1;401.0;0.0;332.0;43.0;0.0;41.0
2024;Nordeste;PI;Capito de Campos;2;0;0;0;1;415.0;0.0;319.0;36.0;0.0;33.0
2024;Nordeste;PI;Cocal;1;1;0;1;1;456.0;0.0;401.0;44.0;0.0;40.0
2024;Nordeste;PI;Coivaras;2;1;0;0;1;373.0;0.0;96.0;25.0;0.0;17.0
2024;Nordeste;PI;Corrente;1;1;0;1;1;667.0;0.0;570.0;61.0;0.0;55.0
2024;Nordeste;PI;Floriano;1;1;0;1;1;534.0;0.0;247.0;38.0;0.0;16.0
2024;Nordeste;PI;Floriano;1;1;0;1;1;617.0;0.0;532.0;80.0;0.0;79.0
2024;Nordeste;PI;Jaics;2;1;0;1;1;229.0;38.0;174.0;22.0;10.0;19.0
2024;Nordeste;PI;Jos de Freitas;1;1;0;1;1;161.0;0.0;137.0;21.0;0.0;20.0
2024;Nordeste;PI;Oeiras;2;1;0;1;1;348.0;0.0;348.0;24.0;0.0;24.0
2024;Nordeste;PI;Oeiras;2;1;0;1;1;252.0;0.0;238.0;24.0;0.0;23.0
2024;Nordeste;PI;Oeiras;1;1;0;1;1;499.0;0.0;372.0;43.0;0.0;41.0
2024;Nordeste;PI;Parnaba;1;1;0;1;1;688.0;0.0;402.0;73.0;0.0;57.0
2024;Nordeste;PI;Paulistana;2;1;0;0;1;199.0;0.0;128.0;16.0;0.0;14.0
2024;Nordeste;PI;Paulistana;1;1;0;1;1;488.0;0.0;486.0;50.0;0.0;48.0
2024;Nordeste;PI;Pedro II;1;1;0;1;1;421.0;0.0;354.0;43.0;0.0;37.0
2024;Nordeste;PI;Picos;1;1;0;1;1;711.0;0.0;481.0;62.0;0.0;54.0
2024;Nordeste;PI;Pio IX;1;1;0;1;1;188.0;0.0;171.0;19.0;0.0;18.0
2024;Nordeste;PI;Piracuruca;2;0;0;0;1;511.0;429.0;82.0;30.0;29.0;10.0
2024;Nordeste;PI;Piracuruca;2;1;0;1;1;422.0;0.0;319.0;25.0;0.0;22.0
2024;Nordeste;PI;Piripiri;1;1;0;1;1;432.0;0.0;412.0;51.0;0.0;50.0
2024;Nordeste;PI;So Joo do Piau;1;1;0;1;1;465.0;0.0;450.0;19.0;0.0;19.0
2024;Nordeste;PI;So Raimundo Nonato;2;1;0;1;1;365.0;0.0;342.0;29.0;0.0;28.0
2024;Nordeste;PI;So Raimundo Nonato;1;1;0;1;1;501.0;0.0;398.0;51.0;0.0;44.0
2024;Nordeste;PI;Simes;2;1;0;1;1;402.0;216.0;0.0;27.0;19.0;0.0
2024;Nordeste;PI;Teresina;1;1;0;1;1;456.0;0.0;209.0;38.0;0.0;15.0
2024;Nordeste;PI;Teresina;2;1;0;0;1;338.0;39.0;299.0;17.0;11.0;17.0
2024;Nordeste;PI;Teresina;1;1;0;1;1;931.0;0.0;519.0;86.0;0.0;63.0
2024;Nordeste;PI;Teresina;1;1;1;1;1;3283.0;0.0;1515.0;242.0;0.0;150.0
2024;Nordeste;PI;Teresina;4;1;0;1;1;82.0;0.0;0.0;3.0;0.0;0.0
2024;Nordeste;PI;Teresina;2;1;0;1;1;1298.0;0.0;926.0;77.0;0.0;56.0
2024;Nordeste;PI;Teresina;1;1;0;1;1;383.0;0.0;190.0;32.0;0.0;23.0
2024;Nordeste;PI;Uruu;1;1;0;1;1;484.0;0.0;425.0;48.0;0.0;47.0
2024;Nordeste;PI;Valena do Piau;2;1;0;1;1;516.0;256.0;224.0;35.0;22.0;26.0
2024;Nordeste;PI;Valena do Piau;1;1;0;1;1;556.0;0.0;467.0;41.0;0.0;38.0
2024;Nordeste;CE;Acara;1;1;1;1;1;367.0;0.0;240.0;47.0;0.0;36.0
2024;Nordeste;CE;Acara;2;1;1;1;1;527.0;0.0;527.0;29.0;0.0;29.0
2024;Nordeste;CE;Acopiara;2;1;0;0;1;385.0;0.0;385.0;27.0;0.0;27.0
2024;Nordeste;CE;Acopiara;1;1;1;1;1;140.0;0.0;87.0;23.0;0.0;21.0
2024;Nordeste;CE;Alcntaras;2;1;0;0;1;402.0;0.0;402.0;21.0;0.0;21.0
2024;Nordeste;CE;Amontada;2;1;0;0;1;344.0;0.0;344.0;22.0;0.0;22.0
2024;Nordeste;CE;Aracati;1;0;1;1;1;309.0;0.0;257.0;46.0;0.0;41.0
2024;Nordeste;CE;Aracati;2;1;0;1;1;463.0;0.0;463.0;33.0;0.0;33.0
2024;Nordeste;CE;Araripe;2;1;1;1;1;471.0;0.0;471.0;27.0;0.0;27.0
2024;Nordeste;CE;Aurora;3;1;0;0;1;64.0;0.0;0.0;4.0;0.0;0.0
2024;Nordeste;CE;Barbalha;4;1;0;1;1;81.0;0.0;0.0;3.0;0.0;0.0
2024;Nordeste;CE;Barbalha;2;1;0;1;1;366.0;0.0;366.0;30.0;0.0;30.0
2024;Nordeste;CE;Barro;2;1;1;1;1;478.0;0.0;478.0;28.0;0.0;28.0
2024;Nordeste;CE;Baturit;1;1;1;1;1;232.0;0.0;105.0;26.0;0.0;19.0
2024;Nordeste;CE;Baturit;2;1;0;1;1;519.0;0.0;519.0;27.0;0.0;27.0
2024;Nordeste;CE;Beberibe;2;1;1;1;1;532.0;0.0;532.0;28.0;0.0;28.0
2024;Nordeste;CE;Bela Cruz;2;1;1;1;1;530.0;0.0;530.0;33.0;0.0;33.0
2024;Nordeste;CE;Boa Viagem;2;1;1;1;1;517.0;0.0;517.0;32.0;0.0;32.0
2024;Nordeste;CE;Boa Viagem;1;1;1;1;1;239.0;0.0;193.0;29.0;0.0;27.0
2024;Nordeste;CE;Brejo Santo;4;1;0;1;1;11.0;0.0;0.0;5.0;0.0;0.0
2024;Nordeste;CE;Camocim;1;1;1;1;1;176.0;0.0;0.0;24.0;0.0;0.0
2024;Nordeste;CE;Campos Sales;2;1;0;1;1;371.0;0.0;371.0;27.0;0.0;27.0
2024;Nordeste;CE;Canind;2;1;1;1;1;485.0;0.0;485.0;31.0;0.0;31.0
2024;Nordeste;CE;Canind;1;1;1;1;1;144.0;0.0;101.0;36.0;0.0;29.0
2024;Nordeste;CE;Caucaia;2;1;0;1;1;379.0;0.0;379.0;28.0;0.0;28.0
2024;Nordeste;CE;Caucaia;1;1;1;1;1;549.0;0.0;429.0;49.0;0.0;45.0
2024;Nordeste;CE;Cedro;2;1;0;1;1;338.0;0.0;338.0;26.0;0.0;26.0
2024;Nordeste;CE;Cedro;1;1;0;1;1;661.0;0.0;400.0;57.0;0.0;48.0
2024;Nordeste;CE;Corea;2;1;1;1;1;425.0;0.0;425.0;28.0;0.0;28.0
2024;Nordeste;CE;Crates;1;1;1;1;1;341.0;0.0;93.0;46.0;0.0;32.0
2024;Nordeste;CE;Crato;1;1;0;0;1;478.0;0.0;428.0;59.0;0.0;56.0
2024;Nordeste;CE;Crato;2;1;0;1;1;418.0;0.0;418.0;29.0;0.0;29.0
2024;Nordeste;CE;Crato;2;1;1;1;1;523.0;0.0;523.0;33.0;0.0;33.0
2024;Nordeste;CE;Eusbio;4;1;1;1;1;422.0;267.0;0.0;32.0;21.0;0.0
2024;Nordeste;CE;Farias Brito;2;1;1;1;1;133.0;0.0;133.0;12.0;0.0;12.0
2024;Nordeste;CE;Fortaleza;1;1;1;1;1;2040.0;0.0;1325.0;215.0;0.0;174.0
2024;Nordeste;CE;Fortaleza;2;0;0;0;1;80.0;0.0;80.0;13.0;0.0;13.0
2024;Nordeste;CE;Fortaleza;2;1;0;1;1;137.0;20.0;54.0;25.0;10.0;19.0
2024;Nordeste;CE;Fortaleza;2;1;0;0;1;491.0;0.0;491.0;34.0;0.0;34.0
2024;Nordeste;CE;Fortaleza;2;1;0;1;1;382.0;0.0;382.0;29.0;0.0;29.0
2024;Nordeste;CE;Fortaleza;2;1;0;1;1;450.0;0.0;450.0;29.0;0.0;29.0
2024;Nordeste;CE;Fortaleza;2;1;0;1;1;332.0;0.0;332.0;21.0;0.0;21.0
2024;Nordeste;CE;Fortaleza;2;0;0;1;1;459.0;0.0;459.0;34.0;0.0;34.0
2024;Nordeste;CE;Fortaleza;4;1;0;1;1;;;;;;
2024;Nordeste;CE;Fortaleza;4;1;0;0;1;129.0;68.0;0.0;15.0;11.0;0.0
2024;Nordeste;CE;Fortaleza;2;1;0;1;1;405.0;0.0;405.0;26.0;0.0;26.0
2024;Nordeste;CE;Fortaleza;1;1;1;1;1;861.0;462.0;399.0;78.0;39.0;41.0
2024;Nordeste;CE;Fortaleza;4;1;0;1;1;276.0;238.0;0.0;20.0;16.0;0.0
2024;Nordeste;CE;Fortaleza;4;1;0;1;1;188.0;188.0;0.0;22.0;22.0;0.0
2024;Nordeste;CE;Fortaleza;2;1;0;1;1;492.0;0.0;492.0;28.0;0.0;28.0
2024;Nordeste;CE;Fortaleza;4;0;0;1;1;24.0;0.0;0.0;7.0;0.0;0.0
2024;Nordeste;CE;Fortaleza;4;1;0;1;1;353.0;265.0;0.0;30.0;23.0;0.0
2024;Nordeste;CE;Fortaleza;4;1;1;1;1;392.0;119.0;0.0;24.0;8.0;0.0
2024;Nordeste;CE;Fortaleza;4;1;0;1;1;307.0;307.0;0.0;25.0;25.0;0.0
2024;Nordeste;CE;General Sampaio;2;1;1;1;1;338.0;0.0;338.0;22.0;0.0;22.0
2024;Nordeste;CE;Guaiba;2;1;1;1;1;524.0;0.0;524.0;27.0;0.0;27.0
2024;Nordeste;CE;Guaraciaba do Norte;2;1;1;1;1;512.0;0.0;512.0;27.0;0.0;27.0
2024;Nordeste;CE;Guaramiranga;1;1;0;0;1;172.0;0.0;0.0;15.0;0.0;0.0
2024;Nordeste;CE;Hidrolndia;2;1;1;1;1;503.0;0.0;503.0;28.0;0.0;28.0
2024;Nordeste;CE;Horizonte;2;1;1;1;1;521.0;0.0;521.0;35.0;0.0;35.0
2024;Nordeste;CE;Horizonte;1;1;1;1;1;163.0;0.0;0.0;18.0;0.0;0.0
2024;Nordeste;CE;Icapu;2;1;0;1;1;445.0;0.0;445.0;26.0;0.0;26.0
2024;Nordeste;CE;Iguatu;1;1;0;1;1;562.0;0.0;429.0;64.0;0.0;58.0
2024;Nordeste;CE;Iguatu;2;1;0;1;1;388.0;0.0;388.0;28.0;0.0;28.0
2024;Nordeste;CE;Iguatu;2;1;1;1;1;503.0;0.0;503.0;28.0;0.0;28.0
2024;Nordeste;CE;Independncia;2;1;0;1;1;488.0;0.0;488.0;26.0;0.0;26.0
2024;Nordeste;CE;Ipu;4;1;0;1;1;385.0;232.0;72.0;11.0;6.0;2.0
2024;Nordeste;CE;Ipu;2;1;0;1;1;269.0;0.0;269.0;21.0;0.0;21.0
2024;Nordeste;CE;Itaitinga;2;1;1;1;1;520.0;0.0;520.0;26.0;0.0;26.0
2024;Nordeste;CE;Itapaj;2;1;0;1;1;521.0;0.0;521.0;29.0;0.0;29.0
2024;Nordeste;CE;Itapipoca;3;1;0;1;1;538.0;538.0;0.0;23.0;23.0;0.0
2024;Nordeste;CE;Itapipoca;1;1;0;1;1;450.0;0.0;212.0;38.0;0.0;38.0
2024;Nordeste;CE;Itapipoca;2;1;0;1;1;499.0;0.0;499.0;31.0;0.0;31.0
2024;Nordeste;CE;Jaguaribe;1;1;1;1;1;264.0;0.0;229.0;40.0;0.0;39.0
2024;Nordeste;CE;Jaguaribe;2;1;0;1;1;341.0;0.0;341.0;27.0;0.0;27.0
2024;Nordeste;CE;Jaguaruana;2;1;1;1;1;486.0;0.0;486.0;29.0;0.0;29.0
2024;Nordeste;CE;Jaguaruana;1;1;0;1;1;185.0;0.0;0.0;16.0;0.0;0.0
2024;Nordeste;CE;Jardim;2;1;1;1;1;534.0;0.0;534.0;27.0;0.0;27.0
2024;Nordeste;CE;Jijoca de Jericoacoara;2;1;1;1;1;507.0;0.0;507.0;28.0;0.0;28.0
2024;Nordeste;CE;Juazeiro do Norte;2;1;0;1;1;485.0;0.0;485.0;31.0;0.0;31.0
2024;Nordeste;CE;Juazeiro do Norte;1;1;1;1;1;548.0;0.0;382.0;77.0;0.0;57.0
2024;Nordeste;CE;Juazeiro do Norte;2;1;0;1;1;503.0;0.0;503.0;28.0;0.0;28.0
2024;Nordeste;CE;Juazeiro do Norte;2;1;0;1;1;350.0;0.0;350.0;27.0;0.0;27.0
2024;Nordeste;CE;Juazeiro do Norte;4;1;1;1;1;371.0;0.0;0.0;16.0;0.0;0.0
2024;Nordeste;CE;Juazeiro do Norte;2;1;0;1;1;427.0;0.0;371.0;27.0;0.0;26.0
2024;Nordeste;CE;Jucs;2;1;1;1;1;459.0;0.0;459.0;24.0;0.0;24.0
2024;Nordeste;CE;Limoeiro do Norte;2;1;1;1;1;400.0;0.0;400.0;25.0;0.0;25.0
2024;Nordeste;CE;Limoeiro do Norte;1;1;0;1;1;496.0;0.0;179.0;66.0;0.0;35.0
2024;Nordeste;CE;Maracana;4;1;0;0;1;187.0;98.0;0.0;6.0;3.0;0.0
2024;Nordeste;CE;Maracana;3;1;0;1;1;613.0;0.0;0.0;46.0;0.0;0.0
2024;Nordeste;CE;Maracana;1;1;1;1;1;670.0;0.0;235.0;67.0;0.0;42.0
2024;Nordeste;CE;Maracana;2;1;1;1;1;510.0;0.0;510.0;33.0;0.0;33.0
2024;Nordeste;CE;Maranguape;2;1;0;1;1;586.0;0.0;586.0;36.0;0.0;36.0
2024;Nordeste;CE;Maranguape;1;1;1;1;1;216.0;0.0;163.0;33.0;0.0;26.0
2024;Nordeste;CE;Massap;2;1;0;1;1;518.0;0.0;518.0;27.0;0.0;27.0
2024;Nordeste;CE;Mauriti;2;1;0;1;1;522.0;0.0;522.0;29.0;0.0;29.0
2024;Nordeste;CE;Milagres;2;1;1;1;1;521.0;0.0;521.0;33.0;0.0;33.0
2024;Nordeste;CE;Mombaa;1;1;0;1;1;84.0;0.0;0.0;8.0;0.0;0.0
2024;Nordeste;CE;Monsenhor Tabosa;2;1;1;1;1;355.0;0.0;355.0;23.0;0.0;23.0
2024;Nordeste;CE;Morada Nova;1;0;1;1;1;179.0;0.0;0.0;21.0;0.0;0.0
2024;Nordeste;CE;Nova Olinda;2;1;0;1;1;506.0;0.0;506.0;30.0;0.0;30.0
2024;Nordeste;CE;Nova Russas;2;1;0;1;1;501.0;0.0;501.0;28.0;0.0;28.0
2024;Nordeste;CE;Ocara;2;1;1;1;1;496.0;0.0;496.0;28.0;0.0;28.0
2024;Nordeste;CE;Pacajus;2;1;0;1;1;533.0;0.0;533.0;30.0;0.0;30.0
2024;Nordeste;CE;Pacatuba;2;1;0;1;1;393.0;0.0;393.0;28.0;0.0;28.0
2024;Nordeste;CE;Palmcia;2;1;1;1;1;502.0;0.0;502.0;27.0;0.0;27.0
2024;Nordeste;CE;Paracuru;1;1;1;1;1;281.0;0.0;0.0;25.0;0.0;0.0
2024;Nordeste;CE;Paraipaba;2;1;0;0;1;357.0;0.0;357.0;22.0;0.0;22.0
2024;Nordeste;CE;Pedra Branca;2;1;1;1;1;515.0;0.0;515.0;33.0;0.0;33.0
2024;Nordeste;CE;Pereiro;2;1;1;1;1;501.0;0.0;501.0;29.0;0.0;29.0
2024;Nordeste;CE;Quixad;1;1;0;1;1;391.0;0.0;189.0;68.0;0.0;47.0
2024;Nordeste;CE;Quixad;4;1;0;1;1;;;;;;
2024;Nordeste;CE;Quixeramobim;4;1;0;1;1;60.0;0.0;0.0;9.0;0.0;0.0
2024;Nordeste;CE;Quixeramobim;2;1;0;1;1;534.0;0.0;534.0;29.0;0.0;29.0
2024;Nordeste;CE;Redeno;2;1;1;1;1;530.0;0.0;530.0;32.0;0.0;32.0
2024;Nordeste;CE;Reriutaba;2;1;1;1;1;502.0;0.0;502.0;32.0;0.0;32.0
2024;Nordeste;CE;Russas;2;1;0;1;1;481.0;0.0;481.0;31.0;0.0;31.0
2024;Nordeste;CE;Santana do Acara;2;1;0;1;1;479.0;0.0;479.0;26.0;0.0;26.0
2024;Nordeste;CE;Santana do Cariri;3;1;0;1;1;341.0;264.0;0.0;26.0;17.0;0.0
2024;Nordeste;CE;Santa Quitria;2;1;0;1;1;481.0;0.0;481.0;31.0;0.0;31.0
2024;Nordeste;CE;So Benedito;2;1;0;0;1;311.0;0.0;311.0;22.0;0.0;22.0
2024;Nordeste;CE;So Benedito;2;1;0;0;1;281.0;0.0;186.0;19.0;0.0;16.0
2024;Nordeste;CE;So Gonalo do Amarante;2;1;1;1;1;519.0;0.0;519.0;29.0;0.0;29.0
2024;Nordeste;CE;So Gonalo do Amarante;1;1;1;1;1;464.0;0.0;0.0;24.0;0.0;0.0
2024;Nordeste;CE;So Gonalo do Amarante;4;0;0;1;1;508.0;0.0;0.0;5.0;0.0;0.0
2024;Nordeste;CE;Sobral;1;1;1;1;1;1029.0;0.0;0.0;73.0;0.0;0.0
2024;Nordeste;CE;Sobral;2;1;0;1;1;523.0;0.0;523.0;27.0;0.0;27.0
2024;Nordeste;CE;Sobral;2;0;1;1;1;512.0;0.0;512.0;28.0;0.0;28.0
2024;Nordeste;CE;Sobral;4;1;0;1;1;12.0;0.0;0.0;1.0;0.0;0.0
2024;Nordeste;CE;Solonpole;2;1;1;1;1;430.0;0.0;430.0;25.0;0.0;25.0
2024;Nordeste;CE;Tabuleiro do Norte;2;1;1;1;1;514.0;0.0;514.0;35.0;0.0;35.0
2024;Nordeste;CE;Tabuleiro do Norte;1;1;1;1;1;391.0;0.0;205.0;34.0;0.0;23.0
2024;Nordeste;CE;Tau;2;1;0;1;1;520.0;0.0;520.0;32.0;0.0;32.0
2024;Nordeste;CE;Tau;1;1;1;1;1;260.0;0.0;185.0;34.0;0.0;32.0
2024;Nordeste;CE;Tiangu;1;1;1;1;1;191.0;0.0;0.0;20.0;0.0;0.0
2024;Nordeste;CE;Tiangu;2;1;1;1;1;514.0;0.0;514.0;30.0;0.0;30.0
2024;Nordeste;CE;Trairi;2;1;0;1;1;523.0;0.0;523.0;29.0;0.0;29.0
2024;Nordeste;CE;Ubajara;1;1;1;1;1;44.0;0.0;0.0;13.0;0.0;0.0
2024;Nordeste;CE;Umirim;1;1;1;1;1;250.0;0.0;207.0;33.0;0.0;33.0
2024;Nordeste;RN;Apodi;1;1;0;1;1;732.0;0.0;649.0;57.0;0.0;55.0
2024;Nordeste;RN;Areia Branca;2;1;0;1;1;97.0;97.0;0.0;7.0;7.0;0.0
2024;Nordeste;RN;Caic;1;1;0;1;1;857.0;0.0;754.0;54.0;0.0;54.0
2024;Nordeste;RN;Canguaretama;1;1;1;1;1;545.0;0.0;484.0;55.0;0.0;55.0
2024;Nordeste;RN;Cear-Mirim;2;1;0;1;1;268.0;268.0;0.0;18.0;18.0;0.0
2024;Nordeste;RN;Cear-Mirim;2;1;0;1;1;258.0;191.0;0.0;14.0;10.0;0.0
2024;Nordeste;RN;Cear-Mirim;1;1;1;1;1;762.0;0.0;663.0;58.0;0.0;56.0
2024;Nordeste;RN;Currais Novos;1;1;0;1;1;631.0;0.0;631.0;55.0;0.0;55.0
2024;Nordeste;RN;Parnamirim;4;0;1;1;1;219.0;172.0;0.0;19.0;15.0;0.0
2024;Nordeste;RN;Parnamirim;3;1;0;1;1;259.0;0.0;0.0;10.0;0.0;0.0
2024;Nordeste;RN;Parnamirim;1;1;0;1;1;922.0;0.0;656.0;64.0;0.0;55.0
2024;Nordeste;RN;Ipanguau;1;1;0;1;1;646.0;0.0;518.0;54.0;0.0;52.0
2024;Nordeste;RN;Joo Cmara;1;1;0;1;1;494.0;0.0;465.0;49.0;0.0;49.0
2024;Nordeste;RN;Jucurutu;1;1;0;1;1;92.0;0.0;76.0;16.0;0.0;14.0
2024;Nordeste;RN;Lajes;1;1;1;1;1;403.0;0.0;382.0;33.0;0.0;33.0
2024;Nordeste;RN;Macaba;1;1;0;1;1;1141.0;0.0;333.0;67.0;0.0;56.0
2024;Nordeste;RN;Macau;1;1;0;1;1;587.0;0.0;587.0;52.0;0.0;52.0
2024;Nordeste;RN;Mossor;3;1;0;1;1;248.0;209.0;0.0;12.0;10.0;0.0
2024;Nordeste;RN;Mossor;1;1;0;1;1;1124.0;0.0;673.0;92.0;0.0;73.0
2024;Nordeste;RN;Natal;1;1;1;1;1;2798.0;0.0;1658.0;267.0;0.0;200.0
2024;Nordeste;RN;Natal;1;1;1;1;1;351.0;0.0;0.0;41.0;0.0;0.0
2024;Nordeste;RN;Natal;1;1;1;1;1;641.0;0.0;452.0;58.0;0.0;47.0
2024;Nordeste;RN;Natal;1;1;1;1;1;743.0;0.0;575.0;65.0;0.0;60.0
2024;Nordeste;RN;Natal;1;0;1;1;1;771.0;0.0;0.0;1.0;0.0;0.0
2024;Nordeste;RN;Natal;1;1;1;1;1;273.0;0.0;0.0;24.0;0.0;0.0
2024;Nordeste;RN;Natal;1;1;0;1;1;311.0;0.0;0.0;48.0;0.0;0.0
2024;Nordeste;RN;Natal;4;1;0;1;1;145.0;114.0;0.0;16.0;13.0;0.0
2024;Nordeste;RN;Nova Cruz;1;1;0;1;1;674.0;0.0;572.0;58.0;0.0;58.0
2024;Nordeste;RN;Parelhas;3;1;0;1;1;281.0;174.0;0.0;15.0;10.0;0.0
2024;Nordeste;RN;Parelhas;1;1;1;1;1;452.0;0.0;409.0;34.0;0.0;34.0
2024;Nordeste;RN;Pau dos Ferros;4;1;0;1;1;;;;;;
2024;Nordeste;RN;Pau dos Ferros;1;1;1;1;1;781.0;0.0;781.0;59.0;0.0;59.0
2024;Nordeste;RN;Santa Cruz;1;1;1;1;1;736.0;0.0;623.0;53.0;0.0;50.0
2024;Nordeste;RN;So Gonalo do Amarante;1;1;0;1;1;724.0;0.0;703.0;59.0;0.0;59.0
2024;Nordeste;RN;So Paulo do Potengi;1;1;1;1;1;755.0;0.0;696.0;62.0;0.0;62.0
2024;Nordeste;PB;Areia;1;1;0;1;1;139.0;0.0;0.0;12.0;0.0;0.0
2024;Nordeste;PB;Bananeiras;1;1;0;1;1;562.0;0.0;172.0;65.0;0.0;41.0
2024;Nordeste;PB;Bayeux;4;1;0;1;1;121.0;85.0;0.0;13.0;10.0;0.0
2024;Nordeste;PB;Cabedelo;1;1;0;1;1;331.0;0.0;96.0;29.0;0.0;22.0
2024;Nordeste;PB;Cabedelo;1;1;0;1;1;584.0;0.0;441.0;68.0;0.0;63.0
2024;Nordeste;PB;Cajazeiras;1;1;0;1;1;565.0;0.0;326.0;67.0;0.0;54.0
2024;Nordeste;PB;Campina Grande;4;1;0;1;1;136.0;0.0;0.0;12.0;0.0;0.0
2024;Nordeste;PB;Campina Grande;2;1;0;1;1;123.0;90.0;33.0;16.0;14.0;16.0
2024;Nordeste;PB;Campina Grande;1;1;1;1;1;1305.0;0.0;1091.0;130.0;0.0;120.0
2024;Nordeste;PB;Catol do Rocha;1;1;0;1;1;484.0;0.0;484.0;32.0;0.0;32.0
2024;Nordeste;PB;Esperana;1;1;0;1;1;291.0;0.0;270.0;32.0;0.0;32.0
2024;Nordeste;PB;Gado Bravo;4;1;0;0;1;24.0;8.0;0.0;1.0;1.0;0.0
2024;Nordeste;PB;Guarabira;1;1;0;1;1;415.0;0.0;415.0;38.0;0.0;38.0
2024;Nordeste;PB;Itabaiana;1;1;0;1;1;353.0;0.0;260.0;30.0;0.0;29.0
2024;Nordeste;PB;Itaporanga;4;1;0;1;1;648.0;430.0;107.0;30.0;16.0;11.0
2024;Nordeste;PB;Itaporanga;1;1;0;1;1;383.0;0.0;383.0;28.0;0.0;28.0
2024;Nordeste;PB;Joo Pessoa;4;1;1;1;1;692.0;436.0;128.0;65.0;45.0;23.0
2024;Nordeste;PB;Joo Pessoa;2;1;0;1;1;363.0;0.0;302.0;32.0;0.0;32.0
2024;Nordeste;PB;Joo Pessoa;1;1;1;1;1;1880.0;0.0;1164.0;253.0;0.0;203.0
2024;Nordeste;PB;Joo Pessoa;1;1;1;1;1;550.0;0.0;0.0;44.0;0.0;0.0
2024;Nordeste;PB;Joo Pessoa;1;1;0;1;1;95.0;0.0;0.0;15.0;0.0;0.0
2024;Nordeste;PB;Joo Pessoa;2;1;0;1;1;;;;;;
2024;Nordeste;PB;Monteiro;1;1;0;1;1;393.0;0.0;380.0;54.0;0.0;54.0
2024;Nordeste;PB;Patos;1;1;0;1;1;721.0;0.0;458.0;61.0;0.0;57.0
2024;Nordeste;PB;Pedras de Fogo;1;1;0;0;1;186.0;0.0;36.0;19.0;0.0;13.0
2024;Nordeste;PB;Picu;1;1;1;1;1;566.0;0.0;548.0;54.0;0.0;54.0
2024;Nordeste;PB;Princesa Isabel;1;1;0;1;1;349.0;0.0;279.0;41.0;0.0;41.0
2024;Nordeste;PB;Queimadas;2;1;0;1;1;977.0;0.0;848.0;58.0;0.0;56.0
2024;Nordeste;PB;Santa Luzia;4;1;0;1;1;290.0;171.0;45.0;25.0;12.0;10.0
2024;Nordeste;PB;Santa Luzia;1;1;0;1;1;224.0;0.0;142.0;19.0;0.0;18.0
2024;Nordeste;PB;Santa Rita;1;1;0;1;1;411.0;0.0;411.0;32.0;0.0;32.0
2024;Nordeste;PB;Soledade;1;1;0;1;1;80.0;0.0;0.0;10.0;0.0;0.0
2024;Nordeste;PB;Sousa;1;1;0;1;1;489.0;0.0;347.0;63.0;0.0;62.0
2024;Nordeste;PE;Abreu e Lima;1;1;0;1;1;444.0;0.0;146.0;39.0;0.0;20.0
2024;Nordeste;PE;Afogados da Ingazeira;1;1;0;1;1;459.0;0.0;324.0;48.0;0.0;35.0
2024;Nordeste;PE;Arcoverde;3;0;0;1;1;177.0;0.0;0.0;5.0;0.0;0.0
2024;Nordeste;PE;Belo Jardim;1;1;0;1;1;488.0;0.0;280.0;71.0;0.0;55.0
2024;Nordeste;PE;Cabo de Santo Agostinho;1;1;0;1;1;248.0;0.0;114.0;43.0;0.0;23.0
2024;Nordeste;PE;Caruaru;2;1;0;1;1;609.0;0.0;416.0;30.0;0.0;30.0
2024;Nordeste;PE;Caruaru;1;1;0;1;1;603.0;0.0;422.0;63.0;0.0;53.0
2024;Nordeste;PE;Ch Grande;3;1;0;1;1;440.0;131.0;0.0;18.0;7.0;0.0
2024;Nordeste;PE;Floresta;1;1;0;1;1;435.0;0.0;290.0;46.0;0.0;41.0
2024;Nordeste;PE;Garanhuns;1;1;0;1;1;764.0;0.0;617.0;63.0;0.0;59.0
2024;Nordeste;PE;Gravat;4;1;0;1;1;102.0;57.0;0.0;9.0;6.0;0.0
2024;Nordeste;PE;Igarassu;1;1;0;1;1;191.0;0.0;0.0;25.0;0.0;0.0
2024;Nordeste;PE;Ipojuca;1;0;0;1;1;590.0;0.0;200.0;73.0;0.0;44.0
2024;Nordeste;PE;Jaboato dos Guararapes;1;1;0;1;1;493.0;0.0;143.0;34.0;0.0;20.0
2024;Nordeste;PE;Moreno;4;1;0;1;1;20.0;20.0;0.0;8.0;8.0;0.0
2024;Nordeste;PE;Olinda;4;0;0;1;1;22.0;22.0;0.0;5.0;5.0;0.0
2024;Nordeste;PE;Olinda;1;1;0;1;1;508.0;0.0;59.0;27.0;0.0;15.0
2024;Nordeste;PE;Ouricuri;1;1;0;1;1;676.0;0.0;391.0;50.0;0.0;48.0
2024;Nordeste;PE;Palmares;1;1;0;1;1;254.0;0.0;154.0;29.0;0.0;24.0
2024;Nordeste;PE;Paulista;1;1;0;1;1;331.0;0.0;148.0;38.0;0.0;29.0
2024;Nordeste;PE;Pesqueira;1;1;0;1;1;433.0;0.0;357.0;39.0;0.0;29.0
2024;Nordeste;PE;Petrolina;1;1;0;1;1;481.0;0.0;353.0;27.0;0.0;19.0
2024;Nordeste;PE;Petrolina;1;1;1;1;1;1146.0;0.0;727.0;87.0;0.0;80.0
2024;Nordeste;PE;Petrolina;2;1;0;1;1;458.0;261.0;197.0;33.0;17.0;20.0
2024;Nordeste;PE;Recife;1;1;1;1;1;397.0;233.0;164.0;56.0;41.0;40.0
2024;Nordeste;PE;Recife;2;1;0;1;1;672.0;0.0;461.0;29.0;0.0;22.0
2024;Nordeste;PE;Recife;1;1;1;0;1;3424.0;0.0;1729.0;294.0;0.0;252.0
2024;Nordeste;PE;Recife;4;1;0;1;1;251.0;180.0;0.0;18.0;14.0;0.0
2024;Nordeste;PE;Salgueiro;1;1;0;1;1;413.0;0.0;287.0;58.0;0.0;57.0
2024;Nordeste;PE;Santa Cruz do Capibaribe;4;1;0;0;1;83.0;31.0;0.0;10.0;7.0;0.0
2024;Nordeste;PE;Santa Maria da Boa Vista;1;1;1;1;1;363.0;0.0;183.0;30.0;0.0;26.0
2024;Nordeste;PE;So Jos do Belmonte;2;1;0;1;1;641.0;0.0;423.0;28.0;0.0;24.0
2024;Nordeste;PE;So Loureno da Mata;1;1;0;1;1;504.0;0.0;216.0;56.0;0.0;34.0
2024;Nordeste;PE;Serra Talhada;1;1;1;1;1;436.0;0.0;286.0;39.0;0.0;32.0
2024;Nordeste;PE;Vitria de Santo Anto;1;1;0;1;1;780.0;0.0;636.0;75.0;0.0;68.0
2024;Nordeste;AL;Arapiraca;1;1;1;1;1;593.0;0.0;423.0;51.0;0.0;47.0
2024;Nordeste;AL;Batalha;1;1;0;1;1;300.0;0.0;300.0;26.0;0.0;26.0
2024;Nordeste;AL;Coruripe;1;1;1;1;1;433.0;0.0;433.0;35.0;0.0;35.0
2024;Nordeste;AL;Delmiro Gouveia;4;1;0;1;1;264.0;228.0;4.0;26.0;24.0;8.0
2024;Nordeste;AL;Macei;1;1;1;1;1;1836.0;0.0;1447.0;244.0;0.0;221.0
2024;Nordeste;AL;Macei;1;1;0;1;1;353.0;0.0;230.0;28.0;0.0;19.0
2024;Nordeste;AL;Macei;4;1;0;1;1;17.0;0.0;0.0;1.0;0.0;0.0
2024;Nordeste;AL;Macei;1;1;0;1;1;163.0;0.0;0.0;17.0;0.0;0.0
2024;Nordeste;AL;Maragogi;1;1;1;1;1;425.0;0.0;372.0;48.0;0.0;48.0
2024;Nordeste;AL;Marechal Deodoro;1;1;0;1;1;817.0;0.0;670.0;60.0;0.0;54.0
2024;Nordeste;AL;Murici;1;1;0;1;1;519.0;0.0;454.0;45.0;0.0;45.0
2024;Nordeste;AL;Palmeira dos ndios;1;1;0;1;1;1046.0;0.0;967.0;82.0;0.0;82.0
2024;Nordeste;AL;Penedo;1;1;0;1;1;587.0;0.0;460.0;45.0;0.0;44.0
2024;Nordeste;AL;Piranhas;1;1;1;1;1;561.0;0.0;517.0;54.0;0.0;51.0
2024;Nordeste;AL;Rio Largo;1;1;0;0;1;157.0;0.0;95.0;20.0;0.0;20.0
2024;Nordeste;AL;Santana do Ipanema;1;1;0;1;1;575.0;0.0;509.0;38.0;0.0;38.0
2024;Nordeste;AL;So Miguel dos Campos;1;1;1;1;1;409.0;0.0;270.0;27.0;0.0;20.0
2024;Nordeste;AL;Satuba;1;0;1;1;1;723.0;0.0;566.0;68.0;0.0;66.0
2024;Nordeste;AL;Viosa;1;1;1;1;1;375.0;0.0;252.0;25.0;0.0;24.0
2024;Nordeste;SE;Aracaju;1;1;1;1;1;1571.0;0.0;510.0;154.0;0.0;109.0
2024;Nordeste;SE;Aracaju;2;0;0;1;1;616.0;0.0;119.0;25.0;0.0;14.0
2024;Nordeste;SE;Aracaju;3;1;0;0;1;482.0;394.0;0.0;29.0;21.0;0.0
2024;Nordeste;SE;Aracaju;2;1;1;1;1;134.0;0.0;0.0;27.0;0.0;0.0
2024;Nordeste;SE;Boquim;2;0;0;1;1;221.0;0.0;97.0;15.0;0.0;10.0
2024;Nordeste;SE;Carmpolis;2;0;0;1;1;635.0;0.0;324.0;28.0;0.0;21.0
2024;Nordeste;SE;Estncia;1;1;0;1;1;453.0;0.0;243.0;43.0;0.0;38.0
2024;Nordeste;SE;Estncia;4;1;0;1;1;207.0;0.0;169.0;21.0;0.0;19.0
2024;Nordeste;SE;Itabaianinha;4;1;0;1;1;345.0;210.0;24.0;27.0;17.0;13.0
2024;Nordeste;SE;Lagarto;1;1;0;1;1;606.0;0.0;427.0;63.0;0.0;56.0
2024;Nordeste;SE;Nepolis;2;0;0;1;1;797.0;0.0;448.0;33.0;0.0;30.0
2024;Nordeste;SE;Nossa Senhora da Glria;1;1;0;1;1;48.0;0.0;48.0;23.0;0.0;23.0
2024;Nordeste;SE;Nossa Senhora do Socorro;1;1;1;1;1;338.0;0.0;139.0;28.0;0.0;21.0
2024;Nordeste;SE;Poo Redondo;2;0;0;1;1;324.0;0.0;131.0;24.0;0.0;18.0
2024;Nordeste;SE;Propri;1;1;1;1;1;66.0;0.0;0.0;8.0;0.0;0.0
2024;Nordeste;SE;So Cristvo;1;1;0;1;1;516.0;0.0;359.0;66.0;0.0;59.0
2024;Nordeste;SE;Tobias Barreto;1;0;1;1;1;189.0;0.0;86.0;17.0;0.0;15.0
2024;Nordeste;BA;Alagoinhas;1;1;1;1;1;699.0;0.0;467.0;38.0;0.0;37.0
2024;Nordeste;BA;Alagoinhas;4;1;0;1;1;50.0;28.0;0.0;6.0;4.0;0.0
2024;Nordeste;BA;Barreiras;1;1;0;1;1;651.0;0.0;471.0;84.0;0.0;71.0
2024;Nordeste;BA;Brumado;1;1;0;1;1;518.0;0.0;379.0;58.0;0.0;48.0
2024;Nordeste;BA;Cacul;3;1;0;1;1;326.0;326.0;0.0;23.0;23.0;0.0
2024;Nordeste;BA;Camaari;1;1;0;1;1;494.0;0.0;420.0;53.0;0.0;52.0
2024;Nordeste;BA;Candeias;2;1;0;1;1;712.0;359.0;353.0;30.0;26.0;26.0
2024;Nordeste;BA;Catu;1;1;0;1;1;811.0;0.0;493.0;99.0;0.0;69.0
2024;Nordeste;BA;Coaraci;3;1;0;1;1;;;;;;
2024;Nordeste;BA;Conceio do Coit;3;1;0;1;1;237.0;237.0;0.0;15.0;15.0;0.0
2024;Nordeste;BA;Esplanada;4;1;0;1;1;279.0;226.0;0.0;18.0;15.0;0.0
2024;Nordeste;BA;Euclides da Cunha;1;1;0;1;1;459.0;0.0;289.0;55.0;0.0;47.0
2024;Nordeste;BA;Eunpolis;1;1;1;1;1;774.0;0.0;638.0;85.0;0.0;72.0
2024;Nordeste;BA;Feira de Santana;1;1;0;1;1;480.0;0.0;342.0;56.0;0.0;48.0
2024;Nordeste;BA;Feira de Santana;4;1;0;1;1;89.0;52.0;0.0;7.0;5.0;0.0
2024;Nordeste;BA;Feira de Santana;4;1;0;1;1;45.0;36.0;0.0;6.0;5.0;0.0
2024;Nordeste;BA;Governador Mangabeira;1;1;0;1;1;1135.0;0.0;365.0;69.0;0.0;43.0
2024;Nordeste;BA;Guanambi;1;1;0;1;1;796.0;0.0;505.0;59.0;0.0;43.0
2024;Nordeste;BA;Ibitit;3;0;0;0;1;100.0;72.0;0.0;11.0;10.0;0.0
2024;Nordeste;BA;Ilhus;4;1;0;1;1;;;;;;
2024;Nordeste;BA;Ilhus;1;1;0;1;1;693.0;0.0;609.0;58.0;0.0;56.0
2024;Nordeste;BA;Irec;1;1;0;1;1;550.0;0.0;487.0;54.0;0.0;48.0
2024;Nordeste;BA;Itaberaba;1;1;1;1;1;607.0;0.0;431.0;33.0;0.0;33.0
2024;Nordeste;BA;Itapetinga;1;1;0;1;1;670.0;0.0;529.0;56.0;0.0;44.0
2024;Nordeste;BA;Jacobina;1;1;0;1;1;711.0;0.0;491.0;58.0;0.0;52.0
2024;Nordeste;BA;Jaguaquara;2;1;0;1;1;412.0;412.0;0.0;17.0;17.0;0.0
2024;Nordeste;BA;Jequi;1;1;0;1;1;555.0;0.0;380.0;56.0;0.0;49.0
2024;Nordeste;BA;Jequi;4;1;0;1;1;156.0;99.0;0.0;16.0;12.0;0.0
2024;Nordeste;BA;Juazeiro;3;1;0;1;1;238.0;0.0;0.0;8.0;0.0;0.0
2024;Nordeste;BA;Juazeiro;1;1;0;1;1;543.0;0.0;373.0;50.0;0.0;48.0
2024;Nordeste;BA;Lagoa Real;3;0;0;0;1;290.0;290.0;0.0;26.0;26.0;0.0
2024;Nordeste;BA;Lauro de Freitas;1;1;0;1;1;106.0;0.0;95.0;29.0;0.0;21.0
2024;Nordeste;BA;Malhada de Pedras;3;0;0;0;1;;;;;;
2024;Nordeste;BA;Mara;4;1;0;1;1;141.0;131.0;0.0;20.0;18.0;0.0
2024;Nordeste;BA;Morpar;3;1;0;0;1;33.0;19.0;0.0;3.0;2.0;0.0
2024;Nordeste;BA;Morro do Chapu;3;1;0;1;1;464.0;441.0;0.0;18.0;18.0;0.0
2024;Nordeste;BA;Mulungu do Morro;3;0;0;0;1;146.0;87.0;0.0;8.0;7.0;0.0
2024;Nordeste;BA;Nova Itarana;3;0;0;0;1;46.0;8.0;0.0;4.0;2.0;0.0
2024;Nordeste;BA;Paulo Afonso;1;1;1;1;1;405.0;0.0;308.0;56.0;0.0;50.0
2024;Nordeste;BA;Porto Seguro;4;1;0;1;1;20.0;11.0;0.0;4.0;3.0;0.0
2024;Nordeste;BA;Porto Seguro;1;1;0;1;1;416.0;0.0;416.0;53.0;0.0;53.0
2024;Nordeste;BA;Quixabeira;4;1;0;1;1;233.0;55.0;178.0;13.0;10.0;13.0
2024;Nordeste;BA;Salvador;1;1;1;0;1;693.0;393.0;300.0;76.0;41.0;39.0
2024;Nordeste;BA;Salvador;2;0;0;0;1;704.0;465.0;0.0;32.0;23.0;0.0
2024;Nordeste;BA;Salvador;1;1;1;1;1;2151.0;0.0;1698.0;239.0;0.0;226.0
2024;Nordeste;BA;Salvador;4;1;1;1;1;535.0;269.0;218.0;36.0;21.0;16.0
2024;Nordeste;BA;Salvador;2;1;0;1;1;611.0;431.0;180.0;17.0;16.0;16.0
2024;Nordeste;BA;Salvador;4;1;0;1;1;56.0;55.0;0.0;10.0;10.0;0.0
2024;Nordeste;BA;Salvador;4;1;0;1;1;594.0;298.0;276.0;33.0;27.0;19.0
2024;Nordeste;BA;Salvador;4;1;0;1;1;808.0;524.0;198.0;34.0;24.0;16.0
2024;Nordeste;BA;Salvador;4;0;0;1;1;43.0;10.0;0.0;4.0;1.0;0.0
2024;Nordeste;BA;Salvador;4;1;0;1;1;704.0;401.0;96.0;43.0;29.0;10.0
2024;Nordeste;BA;Salvador;4;1;0;1;1;;;;;;
2024;Nordeste;BA;Salvador;4;0;0;0;1;73.0;0.0;0.0;5.0;0.0;0.0
2024;Nordeste;BA;Salvador;4;1;0;1;1;51.0;39.0;0.0;4.0;4.0;0.0
2024;Nordeste;BA;Salvador;4;0;0;1;1;252.0;149.0;0.0;10.0;7.0;0.0
2024;Nordeste;BA;Santa Ins;1;1;0;1;1;863.0;0.0;508.0;60.0;0.0;57.0
2024;Nordeste;BA;Santo Amaro;1;1;1;1;1;490.0;0.0;328.0;53.0;0.0;48.0
2024;Nordeste;BA;Santo Antnio de Jesus;1;1;0;1;1;154.0;0.0;154.0;18.0;0.0;18.0
2024;Nordeste;BA;Stiro Dias;2;0;0;1;1;671.0;0.0;344.0;23.0;0.0;23.0
2024;Nordeste;BA;Seabra;1;1;0;1;1;498.0;0.0;498.0;37.0;0.0;37.0
2024;Nordeste;BA;Senhor do Bonfim;1;1;0;1;1;2153.0;0.0;436.0;77.0;0.0;49.0
2024;Nordeste;BA;Serrinha;1;1;1;1;1;255.0;0.0;220.0;30.0;0.0;26.0
2024;Nordeste;BA;Simes Filho;4;0;0;1;1;71.0;33.0;0.0;5.0;4.0;0.0
2024;Nordeste;BA;Simes Filho;1;1;1;1;1;789.0;0.0;569.0;72.0;0.0;57.0
2024;Nordeste;BA;Teixeira de Freitas;1;1;0;1;1;651.0;0.0;273.0;49.0;0.0;47.0
2024;Nordeste;BA;Teixeira de Freitas;2;1;0;1;1;861.0;0.0;693.0;40.0;0.0;39.0
2024;Nordeste;BA;Ubaitaba;1;1;0;1;1;109.0;0.0;0.0;12.0;0.0;0.0
2024;Nordeste;BA;Uruuca;1;1;0;1;1;638.0;0.0;188.0;53.0;0.0;34.0
2024;Nordeste;BA;Valena;1;1;0;1;1;570.0;0.0;468.0;68.0;0.0;50.0
2024;Nordeste;BA;Valena;1;1;1;1;1;594.0;0.0;594.0;68.0;0.0;68.0
2024;Nordeste;BA;Vitria da Conquista;1;1;1;1;1;718.0;0.0;517.0;107.0;0.0;84.0
2024;Nordeste;BA;Xique-Xique;1;0;1;1;1;630.0;0.0;257.0;49.0;0.0;26.0
2024;Sudeste;MG;Almenara;1;1;1;1;1;514.0;0.0;417.0;47.0;0.0;41.0
2024;Sudeste;MG;Andradas;4;0;0;0;1;328.0;226.0;0.0;17.0;13.0;0.0
2024;Sudeste;MG;Araua;1;1;1;1;1;551.0;0.0;400.0;52.0;0.0;44.0
2024;Sudeste;MG;Arax;1;1;1;1;1;499.0;0.0;368.0;75.0;0.0;67.0
2024;Sudeste;MG;Arax;3;1;0;1;1;196.0;0.0;0.0;30.0;0.0;0.0
2024;Sudeste;MG;Arcos;1;0;1;1;1;248.0;0.0;174.0;28.0;0.0;20.0
2024;Sudeste;MG;Arinos;1;1;1;1;1;741.0;0.0;468.0;52.0;0.0;46.0
2024;Sudeste;MG;Baependi;4;1;0;1;1;26.0;19.0;0.0;8.0;4.0;0.0
2024;Sudeste;MG;Bambu;1;1;1;1;1;644.0;0.0;581.0;106.0;0.0;105.0
2024;Sudeste;MG;Barbacena;1;1;0;1;1;733.0;0.0;515.0;109.0;0.0;88.0
2024;Sudeste;MG;Bela Vista de Minas;4;1;0;1;1;9.0;9.0;0.0;6.0;6.0;0.0
2024;Sudeste;MG;Belo Horizonte;1;1;1;1;1;609.0;0.0;551.0;60.0;0.0;58.0
2024;Sudeste;MG;Belo Horizonte;4;1;1;1;1;3591.0;2346.0;1020.0;186.0;127.0;57.0
2024;Sudeste;MG;Belo Horizonte;4;1;1;1;1;1466.0;1031.0;303.0;81.0;63.0;25.0
2024;Sudeste;MG;Belo Horizonte;4;1;1;1;1;1910.0;1257.0;428.0;111.0;74.0;33.0
2024;Sudeste;MG;Belo Horizonte;1;0;1;1;1;106.0;0.0;0.0;8.0;0.0;0.0
2024;Sudeste;MG;Belo Horizonte;4;1;1;1;1;1368.0;962.0;251.0;82.0;57.0;37.0
2024;Sudeste;MG;Belo Horizonte;1;1;1;1;1;2407.0;0.0;1776.0;345.0;0.0;318.0
2024;Sudeste;MG;Belo Horizonte;1;1;1;1;1;397.0;397.0;0.0;62.0;62.0;0.0
2024;Sudeste;MG;Belo Horizonte;4;1;0;1;1;170.0;103.0;67.0;22.0;21.0;14.0
2024;Sudeste;MG;Belo Horizonte;1;1;0;1;1;512.0;245.0;267.0;76.0;40.0;46.0
2024;Sudeste;MG;Belo Horizonte;4;0;1;1;1;1291.0;1210.0;0.0;68.0;64.0;0.0
2024;Sudeste;MG;Belo Horizonte;4;1;1;1;1;74.0;0.0;0.0;6.0;0.0;0.0
2024;Sudeste;MG;Betim;1;1;1;1;1;528.0;0.0;528.0;58.0;0.0;58.0
2024;Sudeste;MG;Bom Sucesso;1;0;0;1;1;87.0;0.0;0.0;14.0;0.0;0.0
2024;Sudeste;MG;Campina Verde;1;0;0;0;1;180.0;0.0;97.0;19.0;0.0;19.0
2024;Sudeste;MG;Capelinha;4;1;0;1;1;40.0;18.0;0.0;9.0;3.0;0.0
2024;Sudeste;MG;Carlos Chagas;4;1;0;1;1;54.0;22.0;0.0;9.0;4.0;0.0
2024;Sudeste;MG;Carmo de Minas;1;1;1;1;1;1984.0;0.0;180.0;22.0;0.0;18.0
2024;Sudeste;MG;Cataguases;1;1;0;1;1;82.0;0.0;0.0;8.0;0.0;0.0
2024;Sudeste;MG;Cataguases;4;1;1;1;1;127.0;112.0;0.0;18.0;12.0;0.0
2024;Sudeste;MG;Chapada Gacha;3;0;0;0;1;126.0;0.0;0.0;8.0;0.0;0.0
2024;Sudeste;MG;Congonhas;1;1;1;1;1;550.0;0.0;302.0;61.0;0.0;54.0
2024;Sudeste;MG;Conselheiro Lafaiete;1;1;0;1;1;394.0;0.0;253.0;20.0;0.0;20.0
2024;Sudeste;MG;Contagem;3;1;0;1;1;331.0;0.0;255.0;31.0;0.0;27.0
2024;Sudeste;MG;Contagem;4;1;1;1;1;1182.0;857.0;242.0;78.0;55.0;26.0
2024;Sudeste;MG;Contagem;3;1;1;1;1;160.0;0.0;160.0;17.0;0.0;17.0
2024;Sudeste;MG;Contagem;3;1;0;1;1;400.0;0.0;400.0;32.0;0.0;32.0
2024;Sudeste;MG;Contagem;4;1;0;1;1;455.0;296.0;99.0;31.0;25.0;14.0
2024;Sudeste;MG;Contagem;3;1;1;1;1;566.0;0.0;545.0;43.0;0.0;41.0
2024;Sudeste;MG;Contagem;3;0;1;1;1;283.0;0.0;283.0;21.0;0.0;21.0
2024;Sudeste;MG;Contagem;3;1;1;1;1;275.0;0.0;275.0;20.0;0.0;20.0
2024;Sudeste;MG;Contagem;4;0;0;1;1;93.0;0.0;0.0;5.0;0.0;0.0
2024;Sudeste;MG;Contagem;3;0;0;1;1;263.0;0.0;263.0;15.0;0.0;15.0
2024;Sudeste;MG;Contagem;3;1;0;1;1;259.0;0.0;259.0;18.0;0.0;18.0
2024;Sudeste;MG;Contagem;3;1;0;1;1;167.0;0.0;167.0;12.0;0.0;12.0
2024;Sudeste;MG;Contagem;3;1;0;1;1;791.0;791.0;0.0;44.0;44.0;0.0
2024;Sudeste;MG;Contagem;3;0;0;1;1;431.0;0.0;399.0;26.0;0.0;24.0
2024;Sudeste;MG;Corinto;1;1;0;0;1;113.0;0.0;0.0;3.0;0.0;0.0
2024;Sudeste;MG;Curvelo;4;0;0;0;1;50.0;0.0;0.0;3.0;0.0;0.0
2024;Sudeste;MG;Curvelo;1;1;0;1;1;267.0;0.0;267.0;39.0;0.0;39.0
2024;Sudeste;MG;Diamantina;1;0;1;1;1;424.0;0.0;324.0;30.0;0.0;29.0
2024;Sudeste;MG;Divino;3;0;0;0;1;8.0;8.0;0.0;1.0;1.0;0.0
2024;Sudeste;MG;Divinpolis;1;1;0;1;1;418.0;0.0;322.0;64.0;0.0;58.0
2024;Sudeste;MG;Florestal;1;1;1;1;1;842.0;0.0;274.0;55.0;0.0;50.0
2024;Sudeste;MG;Formiga;1;1;1;1;1;272.0;0.0;272.0;46.0;0.0;46.0
2024;Sudeste;MG;Fronteira;4;1;0;1;1;38.0;25.0;0.0;5.0;4.0;0.0
2024;Sudeste;MG;Governador Valadares;1;1;0;1;1;388.0;0.0;344.0;45.0;0.0;43.0
2024;Sudeste;MG;Ibirit;1;1;1;1;1;459.0;0.0;360.0;41.0;0.0;36.0
2024;Sudeste;MG;Ibirit;4;1;0;1;1;58.0;13.0;0.0;6.0;4.0;0.0
2024;Sudeste;MG;Inconfidentes;1;1;0;1;1;1220.0;0.0;629.0;81.0;0.0;77.0
2024;Sudeste;MG;Ipatinga;4;0;0;1;1;403.0;0.0;0.0;8.0;0.0;0.0
2024;Sudeste;MG;Ipatinga;1;1;1;1;1;232.0;0.0;232.0;19.0;0.0;19.0
2024;Sudeste;MG;Itabira;4;1;0;0;1;47.0;0.0;0.0;1.0;0.0;0.0
2024;Sudeste;MG;Itabirito;1;1;1;1;1;201.0;0.0;201.0;20.0;0.0;20.0
2024;Sudeste;MG;Itabirito;4;1;0;1;1;114.0;57.0;0.0;38.0;25.0;0.0
2024;Sudeste;MG;Itanhandu;4;1;0;1;1;17.0;0.0;0.0;3.0;0.0;0.0
2024;Sudeste;MG;Ituiutaba;1;0;0;1;1;564.0;0.0;492.0;65.0;0.0;63.0
2024;Sudeste;MG;Janaba;1;1;0;1;1;395.0;0.0;231.0;20.0;0.0;18.0
2024;Sudeste;MG;Januria;1;1;0;1;1;667.0;0.0;582.0;94.0;0.0;79.0
2024;Sudeste;MG;Juiz de Fora;1;1;1;1;1;1089.0;0.0;588.0;147.0;0.0;108.0
2024;Sudeste;MG;Juiz de Fora;1;1;0;1;1;782.0;424.0;358.0;57.0;29.0;30.0
2024;Sudeste;MG;Leopoldina;1;1;1;1;1;379.0;0.0;256.0;53.0;0.0;52.0
2024;Sudeste;MG;Machado;1;1;1;1;1;1262.0;0.0;629.0;92.0;0.0;76.0
2024;Sudeste;MG;Manhuau;1;1;1;1;1;58.0;0.0;0.0;16.0;0.0;0.0
2024;Sudeste;MG;Montes Claros;1;1;0;1;1;257.0;0.0;0.0;8.0;0.0;0.0
2024;Sudeste;MG;Montes Claros;2;0;1;1;1;277.0;0.0;266.0;19.0;0.0;18.0
2024;Sudeste;MG;Montes Claros;3;1;0;0;1;164.0;0.0;0.0;16.0;0.0;0.0
2024;Sudeste;MG;Montes Claros;1;1;1;1;1;694.0;0.0;322.0;57.0;0.0;39.0
2024;Sudeste;MG;Muria;1;1;1;1;1;555.0;0.0;455.0;59.0;0.0;53.0
2024;Sudeste;MG;Muzambinho;1;1;1;1;1;2775.0;0.0;711.0;101.0;0.0;74.0
2024;Sudeste;MG;Nepomuceno;1;1;1;1;1;288.0;0.0;242.0;48.0;0.0;46.0
2024;Sudeste;MG;Nova Lima;4;0;0;0;1;203.0;0.0;203.0;15.0;0.0;15.0
2024;Sudeste;MG;Oliveira;4;1;0;1;1;185.0;93.0;58.0;35.0;25.0;15.0
2024;Sudeste;MG;Ouro Branco;1;0;1;1;1;357.0;0.0;346.0;54.0;0.0;54.0
2024;Sudeste;MG;Ouro Fino;4;1;1;1;1;53.0;38.0;0.0;12.0;7.0;0.0
2024;Sudeste;MG;Ouro Preto;1;1;1;1;1;1399.0;0.0;1095.0;144.0;0.0;129.0
2024;Sudeste;MG;Paracatu;1;1;0;1;1;600.0;0.0;588.0;58.0;0.0;55.0
2024;Sudeste;MG;Paraopeba;4;1;0;1;1;78.0;70.0;0.0;10.0;9.0;0.0
2024;Sudeste;MG;Passos;1;1;0;1;1;935.0;0.0;289.0;51.0;0.0;35.0
2024;Sudeste;MG;Passos;4;1;1;1;1;121.0;0.0;0.0;37.0;0.0;0.0
2024;Sudeste;MG;Patos de Minas;1;1;0;1;1;406.0;0.0;402.0;38.0;0.0;37.0
2024;Sudeste;MG;Patrocnio;1;1;1;1;1;612.0;0.0;339.0;65.0;0.0;44.0
2024;Sudeste;MG;Peanha;4;1;0;1;1;52.0;15.0;0.0;9.0;2.0;0.0
2024;Sudeste;MG;Piranguinho;3;0;0;0;1;108.0;0.0;0.0;14.0;0.0;0.0
2024;Sudeste;MG;Pirapora;1;1;0;1;1;669.0;0.0;367.0;46.0;0.0;42.0
2024;Sudeste;MG;Piumhi;1;1;0;1;1;203.0;0.0;203.0;18.0;0.0;18.0
2024;Sudeste;MG;Poos de Caldas;1;1;1;1;1;1230.0;0.0;318.0;57.0;0.0;48.0
2024;Sudeste;MG;Poos de Caldas;4;1;0;1;1;57.0;48.0;0.0;12.0;12.0;0.0
2024;Sudeste;MG;Ponte Nova;1;1;1;1;1;298.0;0.0;298.0;20.0;0.0;20.0
2024;Sudeste;MG;Porteirinha;1;1;1;1;1;221.0;0.0;221.0;20.0;0.0;20.0
2024;Sudeste;MG;Pouso Alegre;1;1;0;1;1;1564.0;0.0;403.0;56.0;0.0;47.0
2024;Sudeste;MG;Pouso Alegre;4;1;0;1;1;165.0;123.0;0.0;23.0;19.0;0.0
2024;Sudeste;MG;Prados;4;1;0;1;1;10.0;5.0;0.0;3.0;1.0;0.0
2024;Sudeste;MG;Ribeiro das Neves;1;1;1;1;1;477.0;0.0;415.0;35.0;0.0;29.0
2024;Sudeste;MG;Rio Pomba;1;1;1;1;1;908.0;0.0;497.0;122.0;0.0;91.0
2024;Sudeste;MG;Rio Vermelho;4;1;0;1;1;21.0;18.0;0.0;3.0;2.0;0.0
2024;Sudeste;MG;Sabar;1;1;1;1;1;307.0;0.0;307.0;42.0;0.0;42.0
2024;Sudeste;MG;Salinas;1;1;0;1;1;583.0;0.0;583.0;70.0;0.0;70.0
2024;Sudeste;MG;Santa Juliana;4;0;0;1;1;11.0;11.0;0.0;1.0;1.0;0.0
2024;Sudeste;MG;Santa Luzia;1;1;1;1;1;417.0;0.0;225.0;42.0;0.0;31.0
2024;Sudeste;MG;Santos Dumont;1;1;1;1;1;540.0;0.0;257.0;50.0;0.0;39.0
2024;Sudeste;MG;So Gonalo do Rio Abaixo;4;1;0;1;1;132.0;0.0;0.0;4.0;0.0;0.0
2024;Sudeste;MG;So Joo del Rei;1;1;1;1;1;470.0;0.0;167.0;49.0;0.0;25.0
2024;Sudeste;MG;So Joo Evangelista;1;1;1;1;1;609.0;0.0;596.0;64.0;0.0;61.0
2024;Sudeste;MG;Sapuca-Mirim;3;0;0;0;1;37.0;24.0;0.0;7.0;6.0;0.0
2024;Sudeste;MG;Sapuca-Mirim;3;1;0;0;1;24.0;17.0;0.0;5.0;5.0;0.0
2024;Sudeste;MG;Sapuca-Mirim;3;1;0;0;1;52.0;39.0;0.0;13.0;7.0;0.0
2024;Sudeste;MG;Sapuca-Mirim;3;1;0;0;1;57.0;46.0;0.0;13.0;12.0;0.0
2024;Sudeste;MG;Serra dos Aimors;3;0;0;0;1;76.0;60.0;0.0;5.0;4.0;0.0
2024;Sudeste;MG;Tefilo Otoni;1;1;1;1;1;791.0;0.0;327.0;32.0;0.0;31.0
2024;Sudeste;MG;Timteo;1;1;1;1;1;377.0;0.0;292.0;50.0;0.0;42.0
2024;Sudeste;MG;Tiradentes;4;1;0;1;1;;;;;;
2024;Sudeste;MG;Trs Coraes;1;1;1;1;1;692.0;0.0;266.0;40.0;0.0;38.0
2024;Sudeste;MG;Ub;1;1;0;1;1;160.0;0.0;0.0;9.0;0.0;0.0
2024;Sudeste;MG;Ub;3;1;0;1;1;;;;;;
2024;Sudeste;MG;Uberaba;1;1;0;1;1;291.0;0.0;291.0;32.0;0.0;32.0
2024;Sudeste;MG;Uberaba;1;1;0;1;1;962.0;0.0;872.0;102.0;0.0;101.0
2024;Sudeste;MG;Uberaba;1;1;1;1;1;237.0;0.0;0.0;29.0;0.0;0.0
2024;Sudeste;MG;Uberlndia;1;0;1;1;1;426.0;0.0;350.0;38.0;0.0;37.0
2024;Sudeste;MG;Uberlndia;1;1;0;1;1;674.0;0.0;572.0;76.0;0.0;73.0
2024;Sudeste;MG;Uberlndia;1;1;1;1;1;286.0;0.0;0.0;38.0;0.0;0.0
2024;Sudeste;MG;Varginha;1;1;0;1;1;359.0;0.0;336.0;46.0;0.0;46.0
2024;Sudeste;MG;Viosa;1;1;1;1;1;480.0;0.0;480.0;36.0;0.0;36.0
2024;Sudeste;MG;Visconde do Rio Branco;4;1;0;1;1;72.0;45.0;0.0;13.0;7.0;0.0
2024;Sudeste;ES;Alegre;1;1;0;1;1;618.0;0.0;618.0;69.0;0.0;69.0
2024;Sudeste;ES;Aracruz;1;1;1;1;1;506.0;0.0;328.0;48.0;0.0;35.0
2024;Sudeste;ES;Barra de So Francisco;1;1;0;1;1;253.0;0.0;253.0;25.0;0.0;25.0
2024;Sudeste;ES;Brejetuba;3;1;0;1;1;113.0;113.0;0.0;7.0;7.0;0.0
2024;Sudeste;ES;Cachoeiro de Itapemirim;1;1;1;1;1;725.0;0.0;308.0;63.0;0.0;40.0
2024;Sudeste;ES;Cachoeiro de Itapemirim;4;0;0;1;1;27.0;18.0;9.0;9.0;8.0;9.0
2024;Sudeste;ES;Cachoeiro de Itapemirim;4;1;1;1;1;392.0;0.0;0.0;17.0;0.0;0.0
2024;Sudeste;ES;Cariacica;1;1;1;1;1;963.0;0.0;563.0;62.0;0.0;60.0
2024;Sudeste;ES;Castelo;2;1;0;1;1;46.0;0.0;0.0;7.0;0.0;0.0
2024;Sudeste;ES;Colatina;1;0;0;1;1;575.0;0.0;524.0;70.0;0.0;70.0
2024;Sudeste;ES;Colatina;1;1;0;1;1;640.0;0.0;635.0;63.0;0.0;63.0
2024;Sudeste;ES;Guarapari;1;1;1;1;1;719.0;0.0;435.0;55.0;0.0;47.0
2024;Sudeste;ES;Ibatiba;1;1;0;1;1;414.0;0.0;414.0;40.0;0.0;40.0
2024;Sudeste;ES;Linhares;1;1;0;1;1;561.0;0.0;535.0;51.0;0.0;49.0
2024;Sudeste;ES;Montanha;1;1;1;1;1;454.0;0.0;454.0;33.0;0.0;33.0
2024;Sudeste;ES;Nova Vencia;1;1;1;1;1;439.0;0.0;389.0;44.0;0.0;44.0
2024;Sudeste;ES;Pima;1;1;1;1;1;531.0;0.0;508.0;44.0;0.0;44.0
2024;Sudeste;ES;Santa Maria de Jetib;1;1;0;1;1;319.0;0.0;319.0;26.0;0.0;26.0
2024;Sudeste;ES;Santa Teresa;1;1;1;1;1;612.0;0.0;585.0;59.0;0.0;59.0
2024;Sudeste;ES;So Mateus;1;1;1;1;1;551.0;0.0;317.0;53.0;0.0;44.0
2024;Sudeste;ES;Serra;1;1;0;1;1;613.0;0.0;320.0;58.0;0.0;39.0
2024;Sudeste;ES;Sooretama;3;1;0;1;1;688.0;688.0;0.0;43.0;43.0;0.0
2024;Sudeste;ES;Venda Nova do Imigrante;1;1;0;1;1;521.0;0.0;521.0;53.0;0.0;53.0
2024;Sudeste;ES;Viana;1;1;0;1;1;220.0;0.0;220.0;20.0;0.0;20.0
2024;Sudeste;ES;Vila Velha;2;1;1;1;1;1043.0;0.0;0.0;86.0;0.0;0.0
2024;Sudeste;ES;Vila Velha;1;1;1;1;1;354.0;0.0;246.0;44.0;0.0;36.0
2024;Sudeste;ES;Vitria;1;1;1;1;1;2435.0;0.0;848.0;254.0;0.0;133.0
2024;Sudeste;ES;Vitria;1;1;1;1;1;125.0;0.0;0.0;12.0;0.0;0.0
2024;Sudeste;RJ;Angra dos Reis;4;1;1;1;1;;;;;;
2024;Sudeste;RJ;Angra dos Reis;1;0;0;1;1;141.0;0.0;0.0;24.0;0.0;0.0
2024;Sudeste;RJ;Araruama;3;1;0;1;1;179.0;179.0;0.0;27.0;27.0;0.0
2024;Sudeste;RJ;Araruama;3;1;0;1;1;174.0;174.0;0.0;26.0;26.0;0.0
2024;Sudeste;RJ;Armao dos Bzios;4;0;0;0;1;30.0;0.0;0.0;4.0;0.0;0.0
2024;Sudeste;RJ;Arraial do Cabo;1;1;0;1;1;327.0;0.0;314.0;43.0;0.0;43.0
2024;Sudeste;RJ;Barra do Pira;3;0;0;0;1;60.0;0.0;0.0;4.0;0.0;0.0
2024;Sudeste;RJ;Barra do Pira;4;1;0;1;1;618.0;300.0;232.0;31.0;24.0;18.0
2024;Sudeste;RJ;Barra Mansa;2;1;0;1;1;114.0;0.0;0.0;15.0;0.0;0.0
2024;Sudeste;RJ;Belford Roxo;3;1;0;1;1;165.0;0.0;0.0;11.0;0.0;0.0
2024;Sudeste;RJ;Belford Roxo;3;0;0;0;1;176.0;0.0;0.0;9.0;0.0;0.0
2024;Sudeste;RJ;Belford Roxo;1;0;0;1;1;120.0;0.0;0.0;17.0;0.0;0.0
2024;Sudeste;RJ;Belford Roxo;3;1;0;1;1;116.0;0.0;0.0;8.0;0.0;0.0
2024;Sudeste;RJ;Belford Roxo;3;0;0;1;1;93.0;0.0;0.0;8.0;0.0;0.0
2024;Sudeste;RJ;Bom Jesus do Itabapoana;1;1;1;1;1;649.0;0.0;616.0;76.0;0.0;76.0
2024;Sudeste;RJ;Cabo Frio;4;0;0;0;1;517.0;324.0;120.0;39.0;28.0;19.0
2024;Sudeste;RJ;Cabo Frio;4;0;0;0;1;26.0;0.0;0.0;2.0;0.0;0.0
2024;Sudeste;RJ;Cabo Frio;1;1;0;1;1;679.0;0.0;366.0;107.0;0.0;54.0
2024;Sudeste;RJ;Cambuci;1;0;0;1;1;171.0;0.0;146.0;20.0;0.0;20.0
2024;Sudeste;RJ;Campos dos Goytacazes;2;1;0;1;1;221.0;178.0;43.0;37.0;27.0;25.0
2024;Sudeste;RJ;Campos dos Goytacazes;2;0;1;1;1;677.0;0.0;388.0;81.0;0.0;62.0
2024;Sudeste;RJ;Campos dos Goytacazes;1;1;1;1;1;2207.0;0.0;874.0;208.0;0.0;139.0
2024;Sudeste;RJ;Campos dos Goytacazes;2;1;0;1;1;1229.0;849.0;163.0;85.0;51.0;46.0
2024;Sudeste;RJ;Campos dos Goytacazes;1;1;0;1;1;813.0;0.0;343.0;83.0;0.0;57.0
2024;Sudeste;RJ;Duque de Caxias;2;1;0;1;1;232.0;0.0;122.0;35.0;0.0;26.0
2024;Sudeste;RJ;Duque de Caxias;2;1;0;1;1;21.0;0.0;0.0;4.0;0.0;0.0
2024;Sudeste;RJ;Duque de Caxias;2;1;0;1;1;61.0;0.0;0.0;5.0;0.0;0.0
2024;Sudeste;RJ;Duque de Caxias;1;1;1;1;1;426.0;0.0;298.0;48.0;0.0;46.0
2024;Sudeste;RJ;Duque de Caxias;1;1;0;1;1;707.0;0.0;412.0;94.0;0.0;84.0
2024;Sudeste;RJ;Engenheiro Paulo de Frontin;1;0;1;0;1;131.0;0.0;131.0;27.0;0.0;27.0
2024;Sudeste;RJ;Itabora;2;1;0;1;1;34.0;0.0;34.0;5.0;0.0;5.0
2024;Sudeste;RJ;Itabora;1;1;0;1;1;39.0;0.0;0.0;23.0;0.0;0.0
2024;Sudeste;RJ;Itagua;4;1;0;1;1;148.0;148.0;0.0;19.0;19.0;0.0
2024;Sudeste;RJ;Itagua;1;1;0;1;1;309.0;0.0;213.0;29.0;0.0;24.0
2024;Sudeste;RJ;Itaocara;4;1;0;0;1;421.0;249.0;96.0;34.0;22.0;15.0
2024;Sudeste;RJ;Itaperuna;1;1;1;1;1;733.0;0.0;542.0;69.0;0.0;68.0
2024;Sudeste;RJ;Japeri;4;1;0;1;1;;;;;;
2024;Sudeste;RJ;Maca;1;1;1;1;1;979.0;0.0;640.0;101.0;0.0;84.0
2024;Sudeste;RJ;Maca;2;0;0;1;1;14.0;0.0;0.0;9.0;0.0;0.0
2024;Sudeste;RJ;Maca;4;1;0;1;1;50.0;50.0;0.0;6.0;6.0;0.0
2024;Sudeste;RJ;Maric;1;1;0;1;1;424.0;0.0;312.0;44.0;0.0;28.0
2024;Sudeste;RJ;Miguel Pereira;3;1;0;1;1;198.0;198.0;0.0;16.0;16.0;0.0
2024;Sudeste;RJ;Nilpolis;1;1;1;1;1;586.0;0.0;457.0;146.0;0.0;110.0
2024;Sudeste;RJ;Nilpolis;2;1;0;1;1;79.0;0.0;0.0;10.0;0.0;0.0
2024;Sudeste;RJ;Niteri;1;1;0;1;1;366.0;209.0;101.0;54.0;40.0;21.0
2024;Sudeste;RJ;Niteri;4;1;1;1;1;713.0;460.0;152.0;65.0;45.0;28.0
2024;Sudeste;RJ;Niteri;4;1;0;0;1;119.0;41.0;39.0;15.0;11.0;13.0
2024;Sudeste;RJ;Niteri;2;0;1;1;1;748.0;0.0;571.0;116.0;0.0;90.0
2024;Sudeste;RJ;Niteri;2;1;0;1;1;233.0;233.0;0.0;26.0;26.0;0.0
2024;Sudeste;RJ;Niteri;1;0;1;1;1;511.0;0.0;473.0;52.0;0.0;50.0
2024;Sudeste;RJ;Niteri;1;1;1;1;1;442.0;0.0;333.0;43.0;0.0;42.0
2024;Sudeste;RJ;Nova Friburgo;3;0;0;0;1;54.0;0.0;0.0;7.0;0.0;0.0
2024;Sudeste;RJ;Nova Friburgo;4;1;1;1;1;372.0;0.0;0.0;21.0;0.0;0.0
2024;Sudeste;RJ;Nova Friburgo;4;1;1;1;1;33.0;0.0;0.0;1.0;0.0;0.0
2024;Sudeste;RJ;Nova Friburgo;1;1;0;1;1;108.0;0.0;108.0;28.0;0.0;28.0
2024;Sudeste;RJ;Nova Iguau;3;1;0;1;1;512.0;415.0;0.0;15.0;13.0;0.0
2024;Sudeste;RJ;Nova Iguau;2;1;0;1;1;568.0;0.0;452.0;60.0;0.0;46.0
2024;Sudeste;RJ;Nova Iguau;1;1;0;1;1;344.0;0.0;344.0;42.0;0.0;42.0
2024;Sudeste;RJ;Nova Iguau;2;1;1;1;1;110.0;0.0;0.0;13.0;0.0;0.0
2024;Sudeste;RJ;Paracambi;1;0;1;1;1;631.0;0.0;631.0;68.0;0.0;68.0
2024;Sudeste;RJ;Petrpolis;4;1;1;1;1;1080.0;560.0;473.0;44.0;29.0;32.0
2024;Sudeste;RJ;Petrpolis;4;1;0;1;1;47.0;47.0;0.0;3.0;3.0;0.0
2024;Sudeste;RJ;Petrpolis;2;1;1;1;1;36.0;0.0;0.0;10.0;0.0;0.0
2024;Sudeste;RJ;Petrpolis;1;1;1;1;1;79.0;0.0;79.0;17.0;0.0;17.0
2024;Sudeste;RJ;Petrpolis;3;1;0;1;1;;;;;;
2024;Sudeste;RJ;Pinheiral;1;1;0;1;1;529.0;0.0;458.0;83.0;0.0;78.0
2024;Sudeste;RJ;Quissam;1;1;0;1;1;401.0;0.0;288.0;37.0;0.0;35.0
2024;Sudeste;RJ;Resende;2;1;0;1;1;29.0;0.0;0.0;13.0;0.0;0.0
2024;Sudeste;RJ;Resende;1;1;0;1;1;169.0;0.0;105.0;26.0;0.0;22.0
2024;Sudeste;RJ;Rio de Janeiro;1;0;1;1;1;839.0;376.0;342.0;78.0;40.0;47.0
2024;Sudeste;RJ;Rio de Janeiro;4;1;0;1;1;934.0;698.0;200.0;75.0;50.0;28.0
2024;Sudeste;RJ;Rio de Janeiro;1;1;1;1;1;1299.0;708.0;577.0;103.0;64.0;62.0
2024;Sudeste;RJ;Rio de Janeiro;4;1;1;1;1;251.0;165.0;58.0;46.0;27.0;18.0
2024;Sudeste;RJ;Rio de Janeiro;1;1;0;1;1;699.0;428.0;242.0;120.0;84.0;58.0
2024;Sudeste;RJ;Rio de Janeiro;1;1;1;1;1;1001.0;1001.0;0.0;80.0;80.0;0.0
2024;Sudeste;RJ;Rio de Janeiro;2;1;1;0;1;1095.0;770.0;325.0;193.0;142.0;97.0
2024;Sudeste;RJ;Rio de Janeiro;2;1;0;1;1;859.0;0.0;665.0;130.0;0.0;104.0
2024;Sudeste;RJ;Rio de Janeiro;1;1;1;1;1;1059.0;456.0;470.0;118.0;59.0;86.0
2024;Sudeste;RJ;Rio de Janeiro;1;0;1;1;1;1012.0;0.0;881.0;196.0;0.0;183.0
2024;Sudeste;RJ;Rio de Janeiro;2;0;1;1;1;632.0;0.0;474.0;70.0;0.0;64.0
2024;Sudeste;RJ;Rio de Janeiro;1;1;1;1;1;1049.0;470.0;460.0;84.0;51.0;59.0
2024;Sudeste;RJ;Rio de Janeiro;2;1;0;1;1;902.0;0.0;676.0;62.0;0.0;61.0
2024;Sudeste;RJ;Rio de Janeiro;2;0;1;1;1;1313.0;0.0;1226.0;171.0;0.0;153.0
2024;Sudeste;RJ;Rio de Janeiro;2;1;0;1;1;595.0;0.0;422.0;98.0;0.0;79.0
2024;Sudeste;RJ;Rio de Janeiro;4;0;0;0;1;409.0;299.0;68.0;29.0;23.0;14.0
2024;Sudeste;RJ;Rio de Janeiro;2;1;0;1;1;1660.0;0.0;1660.0;96.0;0.0;96.0
2024;Sudeste;RJ;Rio de Janeiro;1;0;1;1;1;1053.0;674.0;379.0;102.0;69.0;67.0
2024;Sudeste;RJ;Rio de Janeiro;4;0;1;1;1;493.0;0.0;493.0;27.0;0.0;27.0
2024;Sudeste;RJ;Rio de Janeiro;2;1;1;1;1;543.0;0.0;543.0;96.0;0.0;96.0
2024;Sudeste;RJ;Rio de Janeiro;2;1;1;1;1;954.0;0.0;736.0;90.0;0.0;78.0
2024;Sudeste;RJ;Rio de Janeiro;2;0;0;0;1;401.0;401.0;0.0;71.0;71.0;0.0
2024;Sudeste;RJ;Rio de Janeiro;1;1;0;1;1;1597.0;777.0;820.0;161.0;86.0;92.0
2024;Sudeste;RJ;Rio de Janeiro;2;1;0;1;1;407.0;407.0;0.0;37.0;37.0;0.0
2024;Sudeste;RJ;Rio de Janeiro;1;0;1;1;1;499.0;0.0;288.0;71.0;0.0;44.0
2024;Sudeste;RJ;Rio de Janeiro;1;1;1;1;1;994.0;0.0;994.0;102.0;0.0;102.0
2024;Sudeste;RJ;Rio de Janeiro;4;1;0;1;1;137.0;71.0;0.0;13.0;7.0;0.0
2024;Sudeste;RJ;Rio de Janeiro;2;0;1;1;1;171.0;0.0;0.0;20.0;0.0;0.0
2024;Sudeste;RJ;Rio de Janeiro;2;0;0;1;1;141.0;0.0;0.0;18.0;0.0;0.0
2024;Sudeste;RJ;Rio de Janeiro;4;0;0;1;1;38.0;31.0;0.0;8.0;6.0;0.0
2024;Sudeste;RJ;Rio de Janeiro;2;0;0;1;1;163.0;0.0;0.0;28.0;0.0;0.0
2024;Sudeste;RJ;Rio de Janeiro;1;1;1;1;1;1557.0;623.0;694.0;144.0;65.0;107.0
2024;Sudeste;RJ;Rio de Janeiro;2;0;0;0;1;36.0;0.0;0.0;10.0;0.0;0.0
2024;Sudeste;RJ;Rio de Janeiro;2;1;0;1;1;488.0;0.0;0.0;51.0;0.0;0.0
2024;Sudeste;RJ;Rio de Janeiro;2;1;0;1;1;393.0;0.0;0.0;32.0;0.0;0.0
2024;Sudeste;RJ;Rio de Janeiro;4;1;0;1;1;120.0;80.0;0.0;15.0;12.0;0.0
2024;Sudeste;RJ;Rio de Janeiro;2;0;1;1;1;27.0;0.0;0.0;12.0;0.0;0.0
2024;Sudeste;RJ;Rio de Janeiro;4;1;1;1;1;568.0;394.0;0.0;20.0;14.0;0.0
2024;Sudeste;RJ;Rio de Janeiro;2;0;0;1;1;91.0;0.0;0.0;19.0;0.0;0.0
2024;Sudeste;RJ;Rio de Janeiro;1;0;0;1;1;85.0;0.0;0.0;22.0;0.0;0.0
2024;Sudeste;RJ;Rio de Janeiro;4;1;1;1;1;594.0;0.0;594.0;25.0;0.0;25.0
2024;Sudeste;RJ;Rio de Janeiro;4;1;1;1;1;280.0;0.0;280.0;19.0;0.0;19.0
2024;Sudeste;RJ;Rio de Janeiro;4;1;1;1;1;683.0;683.0;0.0;51.0;51.0;0.0
2024;Sudeste;RJ;Rio de Janeiro;1;1;1;1;1;292.0;0.0;217.0;34.0;0.0;30.0
2024;Sudeste;RJ;Santo Antnio de Pdua;2;1;0;1;1;51.0;0.0;0.0;9.0;0.0;0.0
2024;Sudeste;RJ;Santo Antnio de Pdua;1;1;0;1;1;359.0;0.0;245.0;25.0;0.0;21.0
2024;Sudeste;RJ;So Francisco de Itabapoana;4;1;0;1;1;;;;;;
2024;Sudeste;RJ;So Fidlis;4;1;1;1;1;;;;;;
2024;Sudeste;RJ;So Gonalo;4;1;0;1;1;133.0;107.0;0.0;21.0;19.0;0.0
2024;Sudeste;RJ;So Gonalo;1;1;0;0;1;576.0;0.0;439.0;57.0;0.0;55.0
2024;Sudeste;RJ;So Joo da Barra;1;1;1;1;1;238.0;0.0;162.0;25.0;0.0;21.0
2024;Sudeste;RJ;So Joo de Meriti;4;0;0;1;1;51.0;14.0;0.0;7.0;3.0;0.0
2024;Sudeste;RJ;So Joo de Meriti;1;1;0;0;1;151.0;0.0;0.0;23.0;0.0;0.0
2024;Sudeste;RJ;Saquarema;2;1;0;1;1;366.0;0.0;342.0;62.0;0.0;56.0
2024;Sudeste;RJ;Seropdica;1;1;0;1;1;779.0;0.0;467.0;59.0;0.0;51.0
2024;Sudeste;RJ;Terespolis;4;1;0;1;1;934.0;611.0;222.0;107.0;66.0;40.0
2024;Sudeste;RJ;Terespolis;2;1;0;1;1;6.0;0.0;0.0;4.0;0.0;0.0
2024;Sudeste;RJ;Trs Rios;3;0;0;1;1;365.0;0.0;0.0;16.0;0.0;0.0
2024;Sudeste;RJ;Trs Rios;2;1;0;1;1;72.0;0.0;0.0;18.0;0.0;0.0
2024;Sudeste;RJ;Trs Rios;4;1;1;1;1;240.0;0.0;240.0;13.0;0.0;13.0
2024;Sudeste;RJ;Valena;1;0;0;1;1;140.0;0.0;140.0;26.0;0.0;26.0
2024;Sudeste;RJ;Vassouras;3;1;0;1;1;178.0;178.0;0.0;13.0;13.0;0.0
2024;Sudeste;RJ;Vassouras;3;0;0;0;1;43.0;0.0;0.0;2.0;0.0;0.0
2024;Sudeste;RJ;Vassouras;3;1;0;0;1;40.0;0.0;0.0;2.0;0.0;0.0
2024;Sudeste;RJ;Vassouras;3;0;0;1;1;137.0;0.0;0.0;7.0;0.0;0.0
2024;Sudeste;RJ;Vassouras;3;0;0;0;1;38.0;0.0;0.0;3.0;0.0;0.0
2024;Sudeste;RJ;Vassouras;3;1;0;0;1;42.0;0.0;0.0;3.0;0.0;0.0
2024;Sudeste;RJ;Volta Redonda;2;1;0;1;1;79.0;0.0;0.0;10.0;0.0;0.0
2024;Sudeste;RJ;Volta Redonda;2;1;1;1;1;269.0;0.0;213.0;42.0;0.0;40.0
2024;Sudeste;RJ;Volta Redonda;4;1;1;1;1;222.0;0.0;222.0;23.0;0.0;23.0
2024;Sudeste;RJ;Volta Redonda;1;1;1;1;1;481.0;0.0;358.0;54.0;0.0;49.0
2024;Sudeste;SP;Aparecida;3;0;0;1;1;139.0;0.0;0.0;19.0;0.0;0.0
2024;Sudeste;SP;Araatuba;4;1;0;1;1;199.0;199.0;0.0;31.0;31.0;0.0
2024;Sudeste;SP;Araraquara;1;1;1;1;1;462.0;0.0;344.0;56.0;0.0;48.0
2024;Sudeste;SP;Araras;3;1;0;1;1;55.0;17.0;38.0;12.0;5.0;8.0
2024;Sudeste;SP;Arealva;4;1;0;1;1;8.0;8.0;0.0;3.0;3.0;0.0
2024;Sudeste;SP;Artur Nogueira;4;0;0;0;1;672.0;623.0;0.0;37.0;33.0;0.0
2024;Sudeste;SP;Avar;1;1;0;1;1;449.0;0.0;338.0;51.0;0.0;45.0
2024;Sudeste;SP;Barretos;1;1;0;1;1;585.0;0.0;540.0;61.0;0.0;57.0
2024;Sudeste;SP;Barueri;3;0;0;1;1;57.0;0.0;0.0;10.0;0.0;0.0
2024;Sudeste;SP;Barueri;3;0;1;0;1;2883.0;0.0;2478.0;133.0;0.0;116.0
2024;Sudeste;SP;Bauru;4;0;0;1;1;107.0;107.0;0.0;6.0;6.0;0.0
2024;Sudeste;SP;Birigui;1;1;0;1;1;393.0;0.0;223.0;51.0;0.0;35.0
2024;Sudeste;SP;Boituva;3;1;0;1;1;;;;;;
2024;Sudeste;SP;Boituva;1;1;1;1;1;460.0;0.0;228.0;39.0;0.0;30.0
2024;Sudeste;SP;Botucatu;4;0;1;0;1;403.0;265.0;67.0;42.0;34.0;18.0
2024;Sudeste;SP;Bragana Paulista;1;1;1;1;1;522.0;0.0;342.0;57.0;0.0;44.0
2024;Sudeste;SP;Bragana Paulista;4;1;1;1;1;270.0;195.0;0.0;15.0;11.0;0.0
2024;Sudeste;SP;Campinas;2;0;0;0;1;56.0;0.0;0.0;19.0;0.0;0.0
2024;Sudeste;SP;Campinas;2;1;0;1;1;189.0;0.0;0.0;34.0;0.0;0.0
2024;Sudeste;SP;Campinas;2;0;0;0;1;98.0;0.0;0.0;25.0;0.0;0.0
2024;Sudeste;SP;Campinas;4;0;0;1;1;191.0;191.0;0.0;13.0;13.0;0.0
2024;Sudeste;SP;Campinas;3;1;1;1;1;342.0;0.0;0.0;54.0;0.0;0.0
2024;Sudeste;SP;Campinas;1;1;1;1;1;505.0;0.0;294.0;62.0;0.0;45.0
2024;Sudeste;SP;Campos do Jordo;1;1;0;1;1;302.0;0.0;231.0;36.0;0.0;28.0
2024;Sudeste;SP;Capo Bonito;4;1;0;1;1;78.0;78.0;0.0;9.0;9.0;0.0
2024;Sudeste;SP;Capivari;1;0;1;1;1;425.0;0.0;269.0;47.0;0.0;36.0
2024;Sudeste;SP;Caraguatatuba;1;1;1;1;1;469.0;0.0;121.0;51.0;0.0;24.0
2024;Sudeste;SP;Catanduva;1;1;0;1;1;404.0;0.0;354.0;57.0;0.0;53.0
2024;Sudeste;SP;Cotia;4;0;0;1;1;349.0;0.0;0.0;19.0;0.0;0.0
2024;Sudeste;SP;Cotia;3;0;0;1;1;742.0;0.0;0.0;46.0;0.0;0.0
2024;Sudeste;SP;Cubato;1;1;0;1;1;612.0;0.0;466.0;65.0;0.0;48.0
2024;Sudeste;SP;Diadema;4;1;1;1;1;508.0;0.0;0.0;35.0;0.0;0.0
2024;Sudeste;SP;Esprito Santo do Pinhal;4;1;0;1;1;64.0;53.0;0.0;14.0;14.0;0.0
2024;Sudeste;SP;Guaratinguet;4;1;1;1;1;256.0;230.0;0.0;20.0;18.0;0.0
2024;Sudeste;SP;Guarulhos;4;1;1;1;1;417.0;0.0;0.0;8.0;0.0;0.0
2024;Sudeste;SP;Guarulhos;1;1;0;1;1;462.0;0.0;321.0;48.0;0.0;36.0
2024;Sudeste;SP;Holambra;4;1;0;1;1;39.0;0.0;0.0;1.0;0.0;0.0
2024;Sudeste;SP;Hortolndia;1;1;1;1;1;492.0;0.0;332.0;68.0;0.0;52.0
2024;Sudeste;SP;Ilha Comprida;4;0;0;1;1;90.0;90.0;0.0;17.0;17.0;0.0
2024;Sudeste;SP;Ilha Solteira;1;0;0;0;1;215.0;0.0;215.0;20.0;0.0;20.0
2024;Sudeste;SP;Ipu;4;0;0;0;1;120.0;0.0;0.0;4.0;0.0;0.0
2024;Sudeste;SP;Itapetininga;1;1;1;1;1;483.0;0.0;293.0;55.0;0.0;44.0
2024;Sudeste;SP;Itaquaquecetuba;1;1;0;1;1;385.0;0.0;261.0;41.0;0.0;37.0
2024;Sudeste;SP;Itaquaquecetuba;4;1;0;0;1;448.0;308.0;92.0;21.0;19.0;10.0
2024;Sudeste;SP;Jacare;1;1;0;1;1;482.0;0.0;272.0;57.0;0.0;39.0
2024;Sudeste;SP;Jardinpolis;4;0;0;1;1;37.0;37.0;0.0;7.0;7.0;0.0
2024;Sudeste;SP;Jundia;1;1;0;1;1;285.0;0.0;227.0;25.0;0.0;22.0
2024;Sudeste;SP;Mato;1;1;0;1;1;414.0;0.0;326.0;53.0;0.0;48.0
2024;Sudeste;SP;Mau;4;0;0;0;1;110.0;0.0;0.0;5.0;0.0;0.0
2024;Sudeste;SP;Mogi das Cruzes;4;0;0;1;1;201.0;147.0;0.0;31.0;25.0;0.0
2024;Sudeste;SP;Osasco;4;0;0;0;1;206.0;0.0;206.0;20.0;0.0;20.0
2024;Sudeste;SP;Paulnia;4;0;0;1;1;117.0;0.0;0.0;6.0;0.0;0.0
2024;Sudeste;SP;Paulnia;3;0;0;0;1;462.0;0.0;231.0;22.0;0.0;16.0
2024;Sudeste;SP;Paulnia;4;0;0;1;1;56.0;0.0;0.0;3.0;0.0;0.0
2024;Sudeste;SP;Paulnia;3;0;0;1;1;461.0;0.0;176.0;27.0;0.0;13.0
2024;Sudeste;SP;Pereira Barreto;4;0;0;1;1;85.0;85.0;0.0;12.0;12.0;0.0
2024;Sudeste;SP;Piracicaba;1;1;1;1;1;382.0;0.0;300.0;52.0;0.0;41.0
2024;Sudeste;SP;Piraju;3;1;0;0;1;58.0;0.0;0.0;12.0;0.0;0.0
2024;Sudeste;SP;Planalto;3;1;0;0;1;96.0;0.0;0.0;11.0;0.0;0.0
2024;Sudeste;SP;Pontal;4;1;0;1;1;218.0;0.0;0.0;8.0;0.0;0.0
2024;Sudeste;SP;Presidente Epitcio;1;1;0;1;1;388.0;0.0;220.0;55.0;0.0;41.0
2024;Sudeste;SP;Registro;1;1;0;1;1;491.0;0.0;327.0;56.0;0.0;54.0
2024;Sudeste;SP;Salto;4;1;0;1;1;444.0;0.0;0.0;17.0;0.0;0.0
2024;Sudeste;SP;Salto;1;1;0;1;1;674.0;0.0;302.0;58.0;0.0;37.0
2024;Sudeste;SP;Santa Rosa de Viterbo;4;0;0;0;1;55.0;35.0;0.0;6.0;5.0;0.0
2024;Sudeste;SP;Santo Andr;3;1;0;1;1;241.0;0.0;0.0;15.0;0.0;0.0
2024;Sudeste;SP;Santo Andr;3;1;0;0;1;199.0;0.0;0.0;14.0;0.0;0.0
2024;Sudeste;SP;Santo Andr;3;1;1;1;1;224.0;0.0;0.0;20.0;0.0;0.0
2024;Sudeste;SP;Santo Andr;3;0;1;1;1;222.0;0.0;0.0;17.0;0.0;0.0
2024;Sudeste;SP;Santo Andr;3;0;1;1;1;179.0;0.0;0.0;18.0;0.0;0.0
2024;Sudeste;SP;Santo Andr;3;0;0;0;1;245.0;0.0;0.0;18.0;0.0;0.0
2024;Sudeste;SP;Santo Andr;3;0;1;0;1;318.0;0.0;0.0;21.0;0.0;0.0
2024;Sudeste;SP;Santo Andr;3;0;1;1;1;178.0;0.0;0.0;12.0;0.0;0.0
2024;Sudeste;SP;Santo Andr;3;0;0;0;1;199.0;0.0;0.0;13.0;0.0;0.0
2024;Sudeste;SP;Santo Andr;3;0;0;0;1;182.0;0.0;0.0;14.0;0.0;0.0
2024;Sudeste;SP;Santo Andr;3;0;0;1;1;193.0;0.0;0.0;12.0;0.0;0.0
2024;Sudeste;SP;Santo Andr;3;1;0;0;1;292.0;0.0;0.0;20.0;0.0;0.0
2024;Sudeste;SP;Santo Andr;3;0;0;0;1;219.0;0.0;0.0;15.0;0.0;0.0
2024;Sudeste;SP;Santo Andr;3;0;0;0;1;241.0;0.0;0.0;24.0;0.0;0.0
2024;Sudeste;SP;Santo Andr;3;1;0;0;1;141.0;0.0;0.0;13.0;0.0;0.0
2024;Sudeste;SP;Santo Andr;3;1;0;0;1;187.0;0.0;0.0;14.0;0.0;0.0
2024;Sudeste;SP;Santo Andr;3;0;0;0;1;173.0;0.0;0.0;12.0;0.0;0.0
2024;Sudeste;SP;Santo Andr;3;0;0;0;1;134.0;0.0;0.0;10.0;0.0;0.0
2024;Sudeste;SP;Santo Andr;3;1;0;1;1;249.0;0.0;0.0;13.0;0.0;0.0
2024;Sudeste;SP;Santo Andr;3;1;0;1;1;286.0;0.0;0.0;17.0;0.0;0.0
2024;Sudeste;SP;Santo Andr;3;0;0;0;1;160.0;0.0;0.0;10.0;0.0;0.0
2024;Sudeste;SP;Santo Andr;3;1;0;0;1;195.0;0.0;0.0;11.0;0.0;0.0
2024;Sudeste;SP;Santo Andr;3;1;0;0;1;157.0;0.0;0.0;9.0;0.0;0.0
2024;Sudeste;SP;Santo Andr;3;0;0;0;1;149.0;0.0;0.0;15.0;0.0;0.0
2024;Sudeste;SP;Santo Andr;3;0;0;0;1;206.0;0.0;0.0;13.0;0.0;0.0
2024;Sudeste;SP;Santo Andr;3;1;0;1;1;77.0;0.0;0.0;9.0;0.0;0.0
2024;Sudeste;SP;Santo Andr;3;1;0;1;1;226.0;0.0;0.0;13.0;0.0;0.0
2024;Sudeste;SP;Santo Andr;3;1;0;1;1;124.0;0.0;0.0;12.0;0.0;0.0
2024;Sudeste;SP;Santo Andr;3;1;0;1;1;281.0;0.0;0.0;16.0;0.0;0.0
2024;Sudeste;SP;Santo Andr;3;0;0;1;1;202.0;0.0;0.0;12.0;0.0;0.0
2024;Sudeste;SP;Santo Andr;3;0;0;1;1;232.0;0.0;0.0;15.0;0.0;0.0
2024;Sudeste;SP;Santo Andr;3;0;0;0;1;136.0;0.0;0.0;10.0;0.0;0.0
2024;Sudeste;SP;Santo Andr;3;1;0;0;1;269.0;0.0;0.0;19.0;0.0;0.0
2024;Sudeste;SP;Santo Andr;3;0;0;0;1;155.0;0.0;0.0;13.0;0.0;0.0
2024;Sudeste;SP;Santo Andr;3;0;0;1;1;249.0;0.0;0.0;16.0;0.0;0.0
2024;Sudeste;SP;Santo Andr;4;1;0;0;1;332.0;0.0;0.0;17.0;0.0;0.0
2024;Sudeste;SP;Santo Andr;4;0;0;0;1;79.0;0.0;0.0;5.0;0.0;0.0
2024;Sudeste;SP;Santo Andr;3;0;0;1;1;60.0;0.0;0.0;6.0;0.0;0.0
2024;Sudeste;SP;Santos;4;0;0;0;1;267.0;267.0;0.0;14.0;14.0;0.0
2024;Sudeste;SP;Santos;4;0;0;1;1;120.0;23.0;0.0;21.0;6.0;0.0
2024;Sudeste;SP;Santos;4;1;0;1;1;51.0;51.0;0.0;7.0;7.0;0.0
2024;Sudeste;SP;Santos;4;1;1;1;1;208.0;2.0;63.0;19.0;8.0;19.0
2024;Sudeste;SP;Santos;4;0;1;1;1;57.0;57.0;0.0;3.0;3.0;0.0
2024;Sudeste;SP;So Bernardo do Campo;2;1;1;1;1;3732.0;0.0;1981.0;172.0;0.0;68.0
2024;Sudeste;SP;So Bernardo do Campo;3;1;0;1;1;145.0;0.0;0.0;16.0;0.0;0.0
2024;Sudeste;SP;So Bernardo do Campo;3;0;0;1;1;101.0;0.0;0.0;14.0;0.0;0.0
2024;Sudeste;SP;So Caetano do Sul;3;1;1;1;1;1697.0;0.0;1697.0;79.0;0.0;79.0
2024;Sudeste;SP;So Caetano do Sul;3;0;0;1;1;151.0;0.0;0.0;25.0;0.0;0.0
2024;Sudeste;SP;So Carlos;1;1;1;1;1;601.0;0.0;262.0;59.0;0.0;40.0
2024;Sudeste;SP;So Joo da Boa Vista;1;1;1;1;1;557.0;0.0;282.0;63.0;0.0;47.0
2024;Sudeste;SP;So Jos do Rio Pardo;4;1;0;1;1;189.0;159.0;0.0;26.0;21.0;0.0
2024;Sudeste;SP;So Jos do Rio Preto;1;1;1;1;1;134.0;0.0;0.0;15.0;0.0;0.0
2024;Sudeste;SP;So Jos do Rio Preto;4;1;0;0;1;;;;;;
2024;Sudeste;SP;So Jos dos Campos;3;1;1;1;1;750.0;0.0;0.0;52.0;0.0;0.0
2024;Sudeste;SP;So Jos dos Campos;1;0;0;1;1;555.0;0.0;227.0;61.0;0.0;39.0
2024;Sudeste;SP;So Paulo;4;1;1;1;1;3239.0;1691.0;723.0;207.0;109.0;46.0
2024;Sudeste;SP;So Paulo;4;0;0;1;1;113.0;113.0;0.0;7.0;7.0;0.0
2024;Sudeste;SP;So Paulo;4;0;0;0;1;643.0;564.0;0.0;29.0;23.0;0.0
2024;Sudeste;SP;So Paulo;4;1;0;1;1;613.0;0.0;0.0;15.0;0.0;0.0
2024;Sudeste;SP;So Paulo;4;1;0;1;1;31.0;31.0;0.0;5.0;5.0;0.0
2024;Sudeste;SP;So Paulo;2;0;0;0;1;1086.0;0.0;466.0;64.0;0.0;14.0
2024;Sudeste;SP;So Paulo;4;0;0;0;1;1096.0;720.0;177.0;44.0;30.0;13.0
2024;Sudeste;SP;So Paulo;1;1;0;1;1;1725.0;0.0;1069.0;213.0;0.0;154.0
2024;Sudeste;SP;So Paulo;4;1;1;1;1;247.0;193.0;0.0;23.0;18.0;0.0
2024;Sudeste;SP;So Paulo;1;1;0;1;1;487.0;0.0;340.0;50.0;0.0;43.0
2024;Sudeste;SP;So Paulo;1;0;1;1;1;296.0;0.0;296.0;23.0;0.0;23.0
2024;Sudeste;SP;So Paulo;4;1;1;0;1;105.0;59.0;46.0;26.0;20.0;16.0
2024;Sudeste;SP;So Paulo;4;1;0;1;1;38.0;22.0;16.0;10.0;9.0;9.0
2024;Sudeste;SP;So Roque;1;1;1;1;1;387.0;0.0;387.0;47.0;0.0;47.0
2024;Sudeste;SP;So Vicente;3;0;0;1;1;1342.0;1206.0;0.0;53.0;51.0;0.0
2024;Sudeste;SP;Sertozinho;1;1;1;1;1;608.0;0.0;389.0;72.0;0.0;56.0
2024;Sudeste;SP;Socorro;4;1;0;1;1;48.0;45.0;0.0;10.0;10.0;0.0
2024;Sudeste;SP;Sorocaba;1;0;0;1;1;472.0;0.0;264.0;45.0;0.0;36.0
2024;Sudeste;SP;Sorocaba;4;1;1;1;1;18.0;0.0;0.0;2.0;0.0;0.0
2024;Sudeste;SP;Sorocaba;4;1;0;0;1;55.0;55.0;0.0;9.0;9.0;0.0
2024;Sudeste;SP;Sumar;3;0;0;0;1;980.0;0.0;980.0;45.0;0.0;45.0
2024;Sudeste;SP;Sumar;4;1;0;1;1;234.0;234.0;0.0;20.0;20.0;0.0
2024;Sudeste;SP;Suzano;1;0;0;1;1;482.0;0.0;241.0;62.0;0.0;39.0
2024;Sudeste;SP;Tatu;4;0;0;1;1;221.0;221.0;0.0;31.0;31.0;0.0
2024;Sudeste;SP;Torrinha;3;0;0;0;1;138.0;138.0;0.0;15.0;15.0;0.0
2024;Sudeste;SP;Tup;1;1;0;1;1;322.0;0.0;304.0;23.0;0.0;22.0
2024;Sudeste;SP;Vargem Grande Paulista;3;0;0;1;1;30.0;25.0;0.0;6.0;5.0;0.0
2024;Sudeste;SP;Votorantim;4;0;1;1;1;113.0;45.0;0.0;14.0;9.0;0.0
2024;Sudeste;SP;Votorantim;4;1;0;1;1;63.0;63.0;0.0;8.0;8.0;0.0
2024;Sudeste;SP;Votuporanga;2;0;0;1;1;612.0;0.0;544.0;20.0;0.0;14.0
2024;Sudeste;SP;Votuporanga;1;1;1;1;1;371.0;0.0;329.0;61.0;0.0;59.0
2024;Sul;PR;Arapongas;1;0;0;1;1;53.0;0.0;0.0;8.0;0.0;0.0
2024;Sul;PR;Assis Chateaubriand;1;0;1;1;1;641.0;0.0;439.0;66.0;0.0;61.0
2024;Sul;PR;Astorga;1;0;1;1;1;175.0;0.0;120.0;14.0;0.0;14.0
2024;Sul;PR;Barraco;1;1;0;1;1;238.0;0.0;238.0;20.0;0.0;20.0
2024;Sul;PR;Bocaiva do Sul;4;1;0;1;1;107.0;24.0;0.0;13.0;8.0;0.0
2024;Sul;PR;Califrnia;4;1;0;1;1;80.0;32.0;0.0;19.0;10.0;0.0
2024;Sul;PR;Cambira;4;1;0;1;1;102.0;60.0;0.0;16.0;15.0;0.0
2024;Sul;PR;Campina Grande do Sul;4;1;0;1;1;118.0;96.0;22.0;17.0;13.0;11.0
2024;Sul;PR;Campo Largo;4;1;0;1;1;138.0;23.0;0.0;25.0;12.0;0.0
2024;Sul;PR;Campo Largo;1;1;1;1;1;565.0;0.0;437.0;53.0;0.0;46.0
2024;Sul;PR;Campo Mouro;2;1;0;1;1;265.0;0.0;265.0;16.0;0.0;16.0
2024;Sul;PR;Campo Mouro;1;1;0;1;1;139.0;0.0;139.0;26.0;0.0;26.0
2024;Sul;PR;Capanema;1;0;1;1;1;240.0;0.0;224.0;27.0;0.0;25.0
2024;Sul;PR;Cascavel;1;1;1;1;1;293.0;0.0;293.0;40.0;0.0;40.0
2024;Sul;PR;Castro;2;1;0;0;1;325.0;0.0;325.0;16.0;0.0;16.0
2024;Sul;PR;Colombo;1;1;0;1;1;787.0;0.0;390.0;47.0;0.0;44.0
2024;Sul;PR;Congonhinhas;4;1;0;1;1;75.0;41.0;0.0;15.0;12.0;0.0
2024;Sul;PR;Cornlio Procpio;3;1;0;1;1;176.0;44.0;0.0;28.0;13.0;0.0
2024;Sul;PR;Cornlio Procpio;2;1;0;1;1;706.0;406.0;300.0;38.0;27.0;26.0
2024;Sul;PR;Coronel Vivida;1;0;0;1;1;219.0;0.0;219.0;22.0;0.0;22.0
2024;Sul;PR;Cruzeiro do Iguau;4;0;0;1;1;37.0;3.0;0.0;11.0;6.0;0.0
2024;Sul;PR;Curitiba;4;1;0;1;1;148.0;30.0;0.0;20.0;9.0;0.0
2024;Sul;PR;Curitiba;4;1;1;1;1;1238.0;909.0;214.0;93.0;63.0;28.0
2024;Sul;PR;Curitiba;1;1;1;1;1;909.0;468.0;441.0;98.0;50.0;60.0
2024;Sul;PR;Curitiba;2;0;1;1;1;3007.0;386.0;2362.0;198.0;48.0;132.0
2024;Sul;PR;Curitiba;2;0;1;1;1;1432.0;651.0;781.0;67.0;38.0;40.0
2024;Sul;PR;Curitiba;1;1;1;1;1;1477.0;0.0;758.0;166.0;0.0;119.0
2024;Sul;PR;Curitiba;1;1;1;1;1;112.0;0.0;112.0;17.0;0.0;17.0
2024;Sul;PR;Curitiba;4;1;0;1;1;140.0;65.0;0.0;24.0;16.0;0.0
2024;Sul;PR;Doutor Camargo;4;1;0;1;1;56.0;13.0;0.0;10.0;6.0;0.0
2024;Sul;PR;Foz do Iguau;4;1;1;1;1;263.0;189.0;47.0;18.0;13.0;8.0
2024;Sul;PR;Foz do Iguau;4;1;0;1;1;125.0;67.0;0.0;22.0;19.0;0.0
2024;Sul;PR;Foz do Iguau;4;1;0;1;1;477.0;222.0;0.0;62.0;52.0;0.0
2024;Sul;PR;Foz do Iguau;2;1;0;1;1;1028.0;528.0;500.0;41.0;32.0;30.0
2024;Sul;PR;Foz do Iguau;2;1;0;1;1;410.0;0.0;346.0;22.0;0.0;15.0
2024;Sul;PR;Foz do Iguau;1;1;1;1;1;516.0;0.0;477.0;48.0;0.0;45.0
2024;Sul;PR;Goioer;1;0;1;1;1;168.0;0.0;164.0;22.0;0.0;21.0
2024;Sul;PR;Irati;1;1;1;1;1;385.0;0.0;382.0;40.0;0.0;39.0
2024;Sul;PR;Ivaipor;1;0;1;1;1;226.0;0.0;226.0;48.0;0.0;48.0
2024;Sul;PR;Jacarezinho;1;1;1;1;1;396.0;0.0;363.0;55.0;0.0;55.0
2024;Sul;PR;Jaguariava;1;1;1;1;1;314.0;0.0;268.0;25.0;0.0;23.0
2024;Sul;PR;Londrina;2;1;0;1;1;826.0;410.0;416.0;40.0;29.0;27.0
2024;Sul;PR;Londrina;1;1;1;1;1;564.0;0.0;294.0;70.0;0.0;44.0
2024;Sul;PR;Mambor;4;1;0;1;1;52.0;11.0;0.0;10.0;6.0;0.0
2024;Sul;PR;Marilena;4;1;0;1;1;61.0;22.0;0.0;12.0;8.0;0.0
2024;Sul;PR;Matinhos;4;1;0;1;1;115.0;18.0;0.0;16.0;9.0;0.0
2024;Sul;PR;Medianeira;4;1;1;1;1;21.0;2.0;0.0;11.0;6.0;0.0
2024;Sul;PR;Medianeira;4;1;1;1;1;79.0;33.0;0.0;10.0;8.0;0.0
2024;Sul;PR;Nova Santa Brbara;4;1;0;1;1;65.0;26.0;0.0;12.0;8.0;0.0
2024;Sul;PR;Palmas;1;1;1;1;1;208.0;0.0;205.0;40.0;0.0;38.0
2024;Sul;PR;Paranagu;1;1;1;1;1;729.0;0.0;432.0;61.0;0.0;59.0
2024;Sul;PR;Paranava;1;1;1;1;1;485.0;0.0;412.0;54.0;0.0;53.0
2024;Sul;PR;Pato Branco;4;1;0;1;1;144.0;5.0;0.0;19.0;10.0;0.0
2024;Sul;PR;Pinhais;1;0;1;1;1;268.0;0.0;268.0;41.0;0.0;41.0
2024;Sul;PR;Pinhais;2;0;0;1;1;490.0;0.0;490.0;22.0;0.0;22.0
2024;Sul;PR;Piraquara;3;0;0;0;1;86.0;0.0;0.0;7.0;0.0;0.0
2024;Sul;PR;Pitanga;1;0;1;1;1;107.0;0.0;107.0;21.0;0.0;21.0
2024;Sul;PR;Ponta Grossa;4;1;0;1;1;;;;;;
2024;Sul;PR;Quedas do Iguau;1;0;1;1;1;157.0;0.0;157.0;17.0;0.0;17.0
2024;Sul;PR;Santa Isabel do Iva;4;1;0;1;1;78.0;61.0;0.0;11.0;11.0;0.0
2024;Sul;PR;Santa Mariana;4;1;0;1;1;144.0;74.0;0.0;22.0;18.0;0.0
2024;Sul;PR;Santa Tereza do Oeste;4;1;0;1;1;58.0;12.0;0.0;9.0;5.0;0.0
2024;Sul;PR;So Mateus do Sul;2;1;0;1;1;889.0;468.0;403.0;71.0;42.0;43.0
2024;Sul;PR;So Sebastio da Amoreira;4;1;0;1;1;141.0;79.0;0.0;21.0;18.0;0.0
2024;Sul;PR;Telmaco Borba;1;1;1;1;1;540.0;0.0;540.0;56.0;0.0;56.0
2024;Sul;PR;Trs Barras do Paran;4;1;0;1;1;54.0;9.0;0.0;13.0;6.0;0.0
2024;Sul;PR;Umuarama;1;1;1;1;1;401.0;0.0;401.0;44.0;0.0;44.0
2024;Sul;PR;Unio da Vitria;1;0;1;1;1;250.0;0.0;250.0;28.0;0.0;28.0
2024;Sul;PR;Ventania;4;1;0;1;1;41.0;16.0;0.0;10.0;9.0;0.0
2024;Sul;SC;Abelardo Luz;1;0;0;1;1;73.0;0.0;73.0;15.0;0.0;15.0
2024;Sul;SC;Agrolndia;3;0;0;1;1;36.0;0.0;0.0;6.0;0.0;0.0
2024;Sul;SC;Agrolndia;3;0;0;1;1;95.0;0.0;0.0;6.0;0.0;0.0
2024;Sul;SC;Agrolndia;3;1;0;1;1;194.0;0.0;0.0;19.0;0.0;0.0
2024;Sul;SC;Agrolndia;3;1;0;1;1;136.0;0.0;0.0;11.0;0.0;0.0
2024;Sul;SC;Agrolndia;3;1;0;1;1;102.0;0.0;0.0;16.0;0.0;0.0
2024;Sul;SC;Agrolndia;3;1;0;0;1;;;;;;
2024;Sul;SC;Agrolndia;3;1;0;1;1;77.0;0.0;0.0;12.0;0.0;0.0
2024;Sul;SC;Alto Bela Vista;3;0;0;0;1;168.0;86.0;0.0;20.0;8.0;0.0
2024;Sul;SC;Araquari;1;1;1;1;1;727.0;0.0;656.0;83.0;0.0;83.0
2024;Sul;SC;Ararangu;4;0;0;0;1;;;;;;
2024;Sul;SC;Ararangu;1;1;1;1;1;549.0;0.0;309.0;57.0;0.0;50.0
2024;Sul;SC;Blumenau;4;1;1;1;1;2237.0;1793.0;218.0;74.0;62.0;16.0
2024;Sul;SC;Blumenau;1;1;1;1;1;492.0;0.0;404.0;48.0;0.0;42.0
2024;Sul;SC;Brusque;1;1;1;1;1;458.0;0.0;423.0;38.0;0.0;34.0
2024;Sul;SC;Caador;1;1;1;1;1;280.0;0.0;197.0;39.0;0.0;32.0
2024;Sul;SC;Caador;4;1;0;1;1;;;;;;
2024;Sul;SC;Caador;4;0;0;0;1;277.0;0.0;0.0;7.0;0.0;0.0
2024;Sul;SC;Caibi;4;1;0;1;1;;;;;;
2024;Sul;SC;Cambori;1;1;1;1;1;907.0;0.0;664.0;115.0;0.0;98.0
2024;Sul;SC;Canoinhas;1;1;1;1;1;332.0;0.0;219.0;49.0;0.0;35.0
2024;Sul;SC;Capinzal;4;1;0;1;1;;;;;;
2024;Sul;SC;Capivari de Baixo;4;1;0;1;1;;;;;;
2024;Sul;SC;Chapec;1;1;1;1;1;649.0;0.0;327.0;59.0;0.0;34.0
2024;Sul;SC;Concrdia;1;1;1;1;1;604.0;0.0;604.0;63.0;0.0;63.0
2024;Sul;SC;Cricima;1;1;1;1;1;554.0;0.0;333.0;65.0;0.0;54.0
2024;Sul;SC;Florianpolis;1;1;1;1;1;2324.0;0.0;1214.0;271.0;0.0;172.0
2024;Sul;SC;Fraiburgo;1;1;1;1;1;307.0;0.0;193.0;26.0;0.0;20.0
2024;Sul;SC;Garopaba;1;1;1;1;1;359.0;0.0;208.0;38.0;0.0;31.0
2024;Sul;SC;Gaspar;1;0;1;1;1;496.0;0.0;366.0;50.0;0.0;36.0
2024;Sul;SC;Ibirama;1;1;1;1;1;345.0;0.0;345.0;38.0;0.0;38.0
2024;Sul;SC;Itaja;1;1;1;1;1;545.0;0.0;299.0;54.0;0.0;42.0
2024;Sul;SC;Jaragu do Sul;1;1;1;1;1;587.0;0.0;0.0;45.0;0.0;0.0
2024;Sul;SC;Jaragu do Sul;1;1;1;1;1;661.0;0.0;437.0;52.0;0.0;39.0
2024;Sul;SC;Jaragu do Sul;3;1;0;1;1;82.0;0.0;0.0;6.0;0.0;0.0
2024;Sul;SC;Joinville;1;1;1;1;1;577.0;0.0;430.0;71.0;0.0;51.0
2024;Sul;SC;Joinville;4;1;0;1;1;;;;;;
2024;Sul;SC;Lages;1;0;1;1;1;352.0;0.0;0.0;53.0;0.0;0.0
2024;Sul;SC;Lages;4;1;1;1;1;;;;;;
2024;Sul;SC;Lauro Mller;4;1;0;1;1;;;;;;
2024;Sul;SC;Luzerna;1;1;1;1;1;365.0;0.0;283.0;41.0;0.0;38.0
2024;Sul;SC;Massaranduba;4;1;1;1;1;;;;;;
2024;Sul;SC;Palhoa;1;1;1;1;1;404.0;0.0;391.0;42.0;0.0;40.0
2024;Sul;SC;Pinhalzinho;4;1;1;1;1;;;;;;
2024;Sul;SC;Porto Belo;4;1;0;1;1;;;;;;
2024;Sul;SC;Rio do Sul;1;1;1;1;1;531.0;0.0;467.0;82.0;0.0;77.0
2024;Sul;SC;Santa Rosa do Sul;1;1;0;1;1;451.0;0.0;451.0;54.0;0.0;54.0
2024;Sul;SC;So Bento do Sul;1;1;1;1;1;302.0;0.0;302.0;34.0;0.0;34.0
2024;Sul;SC;So Carlos;1;1;1;1;1;205.0;0.0;147.0;30.0;0.0;29.0
2024;Sul;SC;So Francisco do Sul;1;1;0;1;1;342.0;0.0;287.0;37.0;0.0;36.0
2024;Sul;SC;So Jos;1;1;0;1;1;630.0;0.0;411.0;69.0;0.0;57.0
2024;Sul;SC;So Loureno do Oeste;1;0;0;0;1;136.0;0.0;0.0;14.0;0.0;0.0
2024;Sul;SC;So Miguel do Oeste;1;1;1;1;1;382.0;0.0;329.0;44.0;0.0;42.0
2024;Sul;SC;Sombrio;1;1;1;1;1;328.0;0.0;310.0;34.0;0.0;33.0
2024;Sul;SC;Tubaro;1;1;1;1;1;115.0;0.0;0.0;16.0;0.0;0.0
2024;Sul;SC;Tubaro;4;1;0;1;1;;;;;;
2024;Sul;SC;Urubici;4;1;0;1;1;;;;;;
2024;Sul;SC;Urupema;1;1;0;1;1;122.0;0.0;0.0;18.0;0.0;0.0
2024;Sul;SC;Videira;1;1;1;1;1;611.0;0.0;471.0;70.0;0.0;64.0
2024;Sul;SC;Xanxer;1;0;1;1;1;338.0;0.0;308.0;38.0;0.0;38.0
2024;Sul;SC;Balnerio Rinco;4;1;0;1;1;;;;;;
2024;Sul;RS;Alegrete;1;1;0;1;1;662.0;0.0;447.0;74.0;0.0;66.0
2024;Sul;RS;Arroio do Tigre;4;1;0;1;1;;;;;;
2024;Sul;RS;Arvorezinha;4;1;0;1;1;38.0;28.0;0.0;6.0;6.0;0.0
2024;Sul;RS;Bag;1;1;0;1;1;300.0;0.0;300.0;46.0;0.0;46.0
2024;Sul;RS;Bento Gonalves;1;1;1;1;1;530.0;0.0;520.0;100.0;0.0;98.0
2024;Sul;RS;Bento Gonalves;4;0;0;1;1;8.0;0.0;0.0;1.0;0.0;0.0
2024;Sul;RS;Camaqu;4;1;1;1;1;204.0;69.0;0.0;23.0;14.0;0.0
2024;Sul;RS;Camaqu;1;1;0;1;1;465.0;0.0;398.0;43.0;0.0;43.0
2024;Sul;RS;Canoas;1;0;1;1;1;413.0;0.0;367.0;55.0;0.0;52.0
2024;Sul;RS;Caxias do Sul;1;1;0;1;1;650.0;0.0;579.0;65.0;0.0;59.0
2024;Sul;RS;Caxias do Sul;4;1;1;1;1;231.0;0.0;0.0;21.0;0.0;0.0
2024;Sul;RS;Charqueadas;1;1;0;1;1;494.0;0.0;403.0;65.0;0.0;61.0
2024;Sul;RS;Crissiumal;3;1;0;1;1;52.0;0.0;0.0;3.0;0.0;0.0
2024;Sul;RS;Erechim;1;1;1;1;1;430.0;0.0;260.0;60.0;0.0;40.0
2024;Sul;RS;Farroupilha;1;1;1;1;1;480.0;0.0;318.0;66.0;0.0;57.0
2024;Sul;RS;Feliz;1;1;0;1;1;384.0;0.0;384.0;50.0;0.0;50.0
2024;Sul;RS;Frederico Westphalen;1;1;1;1;1;533.0;0.0;464.0;56.0;0.0;56.0
2024;Sul;RS;Gravata;1;1;0;1;1;220.0;0.0;220.0;26.0;0.0;26.0
2024;Sul;RS;Ibirub;4;1;0;1;1;67.0;25.0;0.0;8.0;6.0;0.0
2024;Sul;RS;Ibirub;1;1;1;1;1;351.0;0.0;266.0;53.0;0.0;49.0
2024;Sul;RS;Itaqui;4;1;0;1;1;113.0;58.0;0.0;11.0;6.0;0.0
2024;Sul;RS;Jaguaro;1;1;0;1;1;252.0;0.0;155.0;23.0;0.0;23.0
2024;Sul;RS;Jaguari;1;1;1;1;1;343.0;0.0;230.0;38.0;0.0;38.0
2024;Sul;RS;Jlio de Castilhos;1;1;1;1;1;561.0;0.0;355.0;65.0;0.0;56.0
2024;Sul;RS;Lajeado;1;1;0;1;1;388.0;0.0;388.0;32.0;0.0;32.0
2024;Sul;RS;Novo Hamburgo;1;0;0;1;1;237.0;0.0;190.0;26.0;0.0;26.0
2024;Sul;RS;Osrio;1;1;0;1;1;530.0;0.0;402.0;55.0;0.0;46.0
2024;Sul;RS;Palmeira das Misses;4;1;0;1;1;83.0;18.0;0.0;7.0;5.0;0.0
2024;Sul;RS;Panambi;1;1;1;1;1;479.0;0.0;405.0;60.0;0.0;58.0
2024;Sul;RS;Passo Fundo;1;1;0;1;1;370.0;0.0;142.0;60.0;0.0;35.0
2024;Sul;RS;Pelotas;1;1;0;1;1;761.0;0.0;648.0;102.0;0.0;99.0
2024;Sul;RS;Pelotas;1;1;1;1;1;2426.0;0.0;1591.0;274.0;0.0;221.0
2024;Sul;RS;Porto Alegre;1;0;0;1;1;466.0;0.0;297.0;64.0;0.0;54.0
2024;Sul;RS;Porto Alegre;1;1;1;1;1;567.0;310.0;192.0;94.0;61.0;27.0
2024;Sul;RS;Porto Alegre;1;1;1;1;1;918.0;499.0;419.0;84.0;45.0;49.0
2024;Sul;RS;Porto Alegre;4;1;1;1;1;1695.0;1331.0;260.0;58.0;47.0;13.0
2024;Sul;RS;Porto Alegre;1;0;1;0;1;909.0;0.0;0.0;107.0;0.0;0.0
2024;Sul;RS;Redentora;4;1;0;1;1;34.0;0.0;7.0;3.0;0.0;2.0
2024;Sul;RS;Rio Grande;1;1;1;1;1;1158.0;0.0;720.0;106.0;0.0;88.0
2024;Sul;RS;Rolante;1;0;1;1;1;437.0;0.0;394.0;44.0;0.0;43.0
2024;Sul;RS;Santa Maria;1;1;1;1;1;752.0;0.0;272.0;76.0;0.0;47.0
2024;Sul;RS;Santa Maria;1;1;1;1;1;1543.0;0.0;100.0;113.0;0.0;14.0
2024;Sul;RS;Santa Maria;1;1;0;1;1;861.0;470.0;391.0;73.0;34.0;39.0
2024;Sul;RS;Sant'Ana do Livramento;1;1;1;1;1;569.0;0.0;407.0;41.0;0.0;41.0
2024;Sul;RS;Sant'Ana do Livramento;4;1;0;1;1;60.0;46.0;0.0;5.0;5.0;0.0
2024;Sul;RS;Santa Rosa;1;1;0;1;1;481.0;0.0;283.0;56.0;0.0;46.0
2024;Sul;RS;Santiago;4;1;0;1;1;116.0;83.0;0.0;11.0;10.0;0.0
2024;Sul;RS;Santo ngelo;1;1;1;1;1;432.0;0.0;363.0;46.0;0.0;35.0
2024;Sul;RS;Santo Antnio da Patrulha;4;1;0;1;1;92.0;92.0;0.0;14.0;14.0;0.0
2024;Sul;RS;Santo Augusto;1;1;1;1;1;368.0;0.0;368.0;55.0;0.0;55.0
2024;Sul;RS;So Borja;1;1;1;1;1;444.0;0.0;328.0;60.0;0.0;52.0
2024;Sul;RS;So Jos do Norte;4;1;0;1;1;176.0;72.0;0.0;13.0;9.0;0.0
2024;Sul;RS;So Vicente do Sul;1;1;1;1;1;1092.0;0.0;845.0;97.0;0.0;90.0
2024;Sul;RS;Sapiranga;1;1;0;1;1;346.0;0.0;294.0;30.0;0.0;30.0
2024;Sul;RS;Sapucaia do Sul;1;1;0;1;1;983.0;0.0;811.0;83.0;0.0;79.0
2024;Sul;RS;Serto;1;1;1;1;1;537.0;0.0;485.0;76.0;0.0;64.0
2024;Sul;RS;Tenente Portela;4;1;0;1;1;81.0;29.0;0.0;13.0;8.0;0.0
2024;Sul;RS;Uruguaiana;1;0;1;1;1;388.0;0.0;308.0;30.0;0.0;30.0
2024;Sul;RS;Vacaria;1;1;1;1;1;263.0;0.0;229.0;34.0;0.0;34.0
2024;Sul;RS;Venncio Aires;1;1;0;1;1;447.0;0.0;303.0;50.0;0.0;46.0
2024;Sul;RS;Veranpolis;1;1;1;1;1;155.0;0.0;155.0;22.0;0.0;22.0
2024;Sul;RS;Viamo;1;0;1;1;1;380.0;0.0;340.0;42.0;0.0;39.0
2024;Centro-Oeste;MS;Anastcio;4;1;0;1;1;;;;;;
2024;Centro-Oeste;MS;Anglica;4;1;0;1;1;62.0;22.0;0.0;9.0;5.0;0.0
2024;Centro-Oeste;MS;Aquidauana;1;1;0;1;1;656.0;0.0;472.0;23.0;0.0;19.0
2024;Centro-Oeste;MS;Aral Moreira;3;0;0;1;1;;;;;;
2024;Centro-Oeste;MS;Campo Grande;4;1;0;1;1;30.0;30.0;0.0;5.0;5.0;0.0
2024;Centro-Oeste;MS;Campo Grande;4;1;0;1;1;214.0;53.0;0.0;22.0;11.0;0.0
2024;Centro-Oeste;MS;Campo Grande;2;1;0;1;1;;;;;;
2024;Centro-Oeste;MS;Campo Grande;4;1;0;1;1;;;;;;
2024;Centro-Oeste;MS;Campo Grande;1;1;1;1;1;1151.0;0.0;957.0;97.0;0.0;97.0
2024;Centro-Oeste;MS;Corumb;3;0;0;0;1;686.0;442.0;0.0;44.0;31.0;0.0
2024;Centro-Oeste;MS;Corumb;3;0;0;0;1;74.0;0.0;0.0;11.0;0.0;0.0
2024;Centro-Oeste;MS;Corumb;1;1;0;1;1;791.0;0.0;567.0;59.0;0.0;59.0
2024;Centro-Oeste;MS;Coxim;1;1;0;1;1;354.0;0.0;162.0;22.0;0.0;20.0
2024;Centro-Oeste;MS;Dourados;4;1;0;1;1;121.0;45.0;0.0;23.0;11.0;0.0
2024;Centro-Oeste;MS;Dourados;1;0;1;1;1;785.0;0.0;549.0;46.0;0.0;41.0
2024;Centro-Oeste;MS;Iguatemi;4;1;0;1;1;58.0;4.0;0.0;10.0;3.0;0.0
2024;Centro-Oeste;MS;Inocncia;4;1;0;1;1;23.0;10.0;0.0;6.0;4.0;0.0
2024;Centro-Oeste;MS;Jardim;1;1;0;1;1;459.0;0.0;218.0;45.0;0.0;37.0
2024;Centro-Oeste;MS;Navira;1;1;1;1;1;648.0;0.0;468.0;48.0;0.0;39.0
2024;Centro-Oeste;MS;Nova Andradina;1;1;0;1;1;526.0;0.0;492.0;48.0;0.0;48.0
2024;Centro-Oeste;MS;Novo Horizonte do Sul;4;0;0;1;1;;;;;;
2024;Centro-Oeste;MS;Pedro Gomes;4;0;0;1;1;24.0;0.0;0.0;3.0;0.0;0.0
2024;Centro-Oeste;MS;Ponta Por;4;0;1;1;1;29.0;0.0;0.0;2.0;0.0;0.0
2024;Centro-Oeste;MS;Ponta Por;1;1;0;1;1;839.0;0.0;484.0;54.0;0.0;50.0
2024;Centro-Oeste;MS;Ribas do Rio Pardo;4;1;0;1;1;32.0;11.0;0.0;6.0;5.0;0.0
2024;Centro-Oeste;MS;Rio Brilhante;4;0;0;1;1;48.0;45.0;0.0;10.0;9.0;0.0
2024;Centro-Oeste;MS;Tacuru;4;1;0;1;1;29.0;29.0;0.0;7.0;7.0;0.0
2024;Centro-Oeste;MS;Trs Lagoas;1;1;0;1;1;691.0;0.0;521.0;52.0;0.0;47.0
2024;Centro-Oeste;MT;Alta Floresta;1;1;1;1;1;414.0;0.0;414.0;26.0;0.0;26.0
2024;Centro-Oeste;MT;Alta Floresta;2;1;0;1;1;888.0;580.0;308.0;39.0;30.0;26.0
2024;Centro-Oeste;MT;Alta Floresta;2;1;0;1;1;95.0;0.0;0.0;19.0;0.0;0.0
2024;Centro-Oeste;MT;Araputanga;4;1;0;1;1;70.0;0.0;0.0;8.0;0.0;0.0
2024;Centro-Oeste;MT;Aripuan;3;1;0;1;1;217.0;0.0;0.0;13.0;0.0;0.0
2024;Centro-Oeste;MT;Barra do Bugres;4;1;0;1;1;155.0;25.0;0.0;15.0;2.0;0.0
2024;Centro-Oeste;MT;Barra do Garas;2;1;0;1;1;466.0;271.0;195.0;37.0;23.0;25.0
2024;Centro-Oeste;MT;Barra do Garas;1;1;0;1;1;462.0;0.0;462.0;46.0;0.0;46.0
2024;Centro-Oeste;MT;Brasnorte;4;1;0;1;1;103.0;75.0;9.0;12.0;11.0;6.0
2024;Centro-Oeste;MT;Cceres;1;1;0;1;1;646.0;0.0;469.0;55.0;0.0;54.0
2024;Centro-Oeste;MT;Cceres;2;1;0;1;1;759.0;326.0;433.0;40.0;22.0;34.0
2024;Centro-Oeste;MT;Campo Novo do Parecis;1;1;0;1;1;380.0;0.0;341.0;36.0;0.0;34.0
2024;Centro-Oeste;MT;Campo Verde;4;1;0;1;1;96.0;11.0;0.0;12.0;1.0;0.0
2024;Centro-Oeste;MT;Campo Verde;2;1;0;1;1;;;;;;
2024;Centro-Oeste;MT;Confresa;1;1;0;1;1;563.0;0.0;363.0;56.0;0.0;52.0
2024;Centro-Oeste;MT;Cotriguau;4;1;0;1;1;;;;;;
2024;Centro-Oeste;MT;Cuiab;2;1;0;1;1;1838.0;968.0;870.0;75.0;44.0;50.0
2024;Centro-Oeste;MT;Cuiab;1;1;0;1;1;693.0;0.0;649.0;69.0;0.0;66.0
2024;Centro-Oeste;MT;Cuiab;1;1;1;1;1;1794.0;0.0;1298.0;191.0;0.0;162.0
2024;Centro-Oeste;MT;Cuiab;4;1;1;1;1;1057.0;713.0;127.0;50.0;37.0;13.0
2024;Centro-Oeste;MT;Cuiab;2;1;0;1;1;399.0;0.0;0.0;28.0;0.0;0.0
2024;Centro-Oeste;MT;Cuiab;1;1;1;1;1;647.0;0.0;401.0;63.0;0.0;51.0
2024;Centro-Oeste;MT;Diamantino;2;1;0;1;1;533.0;291.0;242.0;24.0;14.0;20.0
2024;Centro-Oeste;MT;Diamantino;1;1;0;1;1;376.0;0.0;301.0;23.0;0.0;21.0
2024;Centro-Oeste;MT;Diamantino;2;0;0;0;1;75.0;0.0;0.0;13.0;0.0;0.0
2024;Centro-Oeste;MT;Guarant do Norte;1;1;0;1;1;201.0;0.0;201.0;20.0;0.0;20.0
2024;Centro-Oeste;MT;Juna;1;1;1;1;1;407.0;0.0;344.0;51.0;0.0;51.0
2024;Centro-Oeste;MT;Lucas do Rio Verde;1;1;0;1;1;188.0;0.0;188.0;19.0;0.0;19.0
2024;Centro-Oeste;MT;Nova Mutum;4;1;0;1;1;335.0;0.0;19.0;14.0;0.0;5.0
2024;Centro-Oeste;MT;Nova Olmpia;3;1;0;1;1;81.0;23.0;0.0;13.0;5.0;0.0
2024;Centro-Oeste;MT;Peixoto de Azevedo;4;1;0;1;1;105.0;23.0;0.0;11.0;4.0;0.0
2024;Centro-Oeste;MT;Pontes e Lacerda;2;0;0;1;1;1045.0;665.0;380.0;59.0;43.0;39.0
2024;Centro-Oeste;MT;Pontes e Lacerda;1;1;0;1;1;583.0;0.0;478.0;54.0;0.0;51.0
2024;Centro-Oeste;MT;Poxoru;2;1;0;0;1;103.0;0.0;0.0;5.0;0.0;0.0
2024;Centro-Oeste;MT;Primavera do Leste;1;1;1;1;1;691.0;0.0;588.0;48.0;0.0;43.0
2024;Centro-Oeste;MT;Primavera do Leste;2;1;0;1;1;;;;;;
2024;Centro-Oeste;MT;So Jos dos Quatro Marcos;4;1;0;1;1;51.0;2.0;0.0;9.0;2.0;0.0
2024;Centro-Oeste;MT;Rondonpolis;2;1;0;1;1;442.0;237.0;205.0;39.0;33.0;34.0
2024;Centro-Oeste;MT;Rondonpolis;1;1;1;1;1;840.0;0.0;541.0;58.0;0.0;50.0
2024;Centro-Oeste;MT;Rondonpolis;3;1;0;1;1;174.0;0.0;0.0;7.0;0.0;0.0
2024;Centro-Oeste;MT;Rondonpolis;3;1;0;1;1;182.0;0.0;0.0;8.0;0.0;0.0
2024;Centro-Oeste;MT;Rondonpolis;2;1;0;1;1;184.0;0.0;0.0;32.0;0.0;0.0
2024;Centro-Oeste;MT;Sinop;1;1;0;1;1;346.0;0.0;234.0;27.0;0.0;26.0
2024;Centro-Oeste;MT;Sinop;2;1;0;1;1;589.0;248.0;341.0;33.0;20.0;31.0
2024;Centro-Oeste;MT;Sinop;2;1;0;1;1;9.0;0.0;0.0;1.0;0.0;0.0
2024;Centro-Oeste;MT;Sorriso;4;1;0;1;1;184.0;48.0;0.0;20.0;11.0;0.0
2024;Centro-Oeste;MT;Sorriso;1;0;1;1;1;442.0;0.0;263.0;47.0;0.0;37.0
2024;Centro-Oeste;MT;Sorriso;3;1;0;1;1;407.0;0.0;0.0;19.0;0.0;0.0
2024;Centro-Oeste;MT;Tangar da Serra;3;0;0;0;1;139.0;0.0;0.0;8.0;0.0;0.0
2024;Centro-Oeste;MT;Tangar da Serra;1;1;0;1;1;336.0;0.0;273.0;23.0;0.0;23.0
2024;Centro-Oeste;MT;Tangar da Serra;2;1;0;1;1;63.0;0.0;0.0;7.0;0.0;0.0
2024;Centro-Oeste;MT;Vrzea Grande;2;1;0;1;1;1291.0;711.0;580.0;55.0;34.0;40.0
2024;Centro-Oeste;MT;Vrzea Grande;3;0;0;1;1;242.0;217.0;0.0;9.0;8.0;0.0
2024;Centro-Oeste;MT;Vrzea Grande;1;1;0;1;1;685.0;0.0;519.0;50.0;0.0;49.0
2024;Centro-Oeste;MT;Vrzea Grande;3;0;0;1;1;209.0;0.0;0.0;11.0;0.0;0.0
2024;Centro-Oeste;MT;Vrzea Grande;4;1;0;1;1;102.0;51.0;0.0;10.0;6.0;0.0
2024;Centro-Oeste;MT;Vrzea Grande;3;1;0;1;1;153.0;0.0;0.0;7.0;0.0;0.0
2024;Centro-Oeste;MT;Vrzea Grande;3;0;0;0;1;166.0;0.0;0.0;8.0;0.0;0.0
2024;Centro-Oeste;MT;Vrzea Grande;3;1;0;0;1;105.0;0.0;0.0;5.0;0.0;0.0
2024;Centro-Oeste;MT;Vrzea Grande;3;1;0;1;1;77.0;55.0;0.0;3.0;2.0;0.0
2024;Centro-Oeste;GO;Abadia de Gois;3;1;0;1;1;83.0;0.0;0.0;7.0;0.0;0.0
2024;Centro-Oeste;GO;guas Lindas de Gois;1;1;1;1;1;347.0;0.0;247.0;41.0;0.0;37.0
2024;Centro-Oeste;GO;Anpolis;1;1;0;1;1;363.0;0.0;269.0;61.0;0.0;52.0
2024;Centro-Oeste;GO;Aparecida de Goinia;1;1;1;1;1;325.0;0.0;239.0;61.0;0.0;48.0
2024;Centro-Oeste;GO;Caldas Novas;3;0;0;0;1;81.0;57.0;0.0;10.0;8.0;0.0
2024;Centro-Oeste;GO;Catalo;1;1;0;1;1;231.0;0.0;169.0;20.0;0.0;20.0
2024;Centro-Oeste;GO;Ceres;1;1;0;1;1;430.0;0.0;430.0;69.0;0.0;69.0
2024;Centro-Oeste;GO;Cristalina;1;1;0;1;1;271.0;0.0;271.0;23.0;0.0;23.0
2024;Centro-Oeste;GO;Flores de Gois;3;1;0;0;1;35.0;22.0;0.0;3.0;2.0;0.0
2024;Centro-Oeste;GO;Formosa;4;1;0;1;1;829.0;608.0;0.0;38.0;28.0;0.0
2024;Centro-Oeste;GO;Formosa;1;1;0;1;1;247.0;0.0;247.0;57.0;0.0;57.0
2024;Centro-Oeste;GO;Formosa;4;0;1;1;1;452.0;0.0;0.0;24.0;0.0;0.0
2024;Centro-Oeste;GO;Goiansia;4;1;0;1;1;118.0;92.0;0.0;12.0;10.0;0.0
2024;Centro-Oeste;GO;Goiansia;3;0;0;0;1;86.0;0.0;0.0;10.0;0.0;0.0
2024;Centro-Oeste;GO;Goinia;4;1;0;1;1;233.0;180.0;29.0;22.0;17.0;11.0
2024;Centro-Oeste;GO;Goinia;1;1;1;1;1;1190.0;0.0;685.0;192.0;0.0;141.0
2024;Centro-Oeste;GO;Goinia;2;1;1;1;1;1.0;0.0;0.0;1.0;0.0;0.0
2024;Centro-Oeste;GO;Goinia;1;1;1;1;1;295.0;0.0;229.0;48.0;0.0;38.0
2024;Centro-Oeste;GO;Goinia;2;1;0;1;1;736.0;0.0;0.0;17.0;0.0;0.0
2024;Centro-Oeste;GO;Goianira;3;1;0;1;1;142.0;0.0;0.0;10.0;0.0;0.0
2024;Centro-Oeste;GO;Gois;1;1;0;1;1;67.0;0.0;67.0;34.0;0.0;34.0
2024;Centro-Oeste;GO;Hidrolndia;1;1;0;1;1;198.0;0.0;198.0;26.0;0.0;26.0
2024;Centro-Oeste;GO;Inhumas;1;1;0;1;1;260.0;0.0;177.0;54.0;0.0;49.0
2024;Centro-Oeste;GO;Ipameri;1;1;0;1;1;183.0;0.0;183.0;20.0;0.0;20.0
2024;Centro-Oeste;GO;Ipor;1;1;1;1;1;642.0;0.0;275.0;54.0;0.0;46.0
2024;Centro-Oeste;GO;Itumbiara;1;1;0;1;1;250.0;0.0;167.0;47.0;0.0;39.0
2024;Centro-Oeste;GO;Jata;1;1;0;1;1;271.0;0.0;210.0;63.0;0.0;47.0
2024;Centro-Oeste;GO;Luzinia;1;1;0;1;1;328.0;0.0;287.0;48.0;0.0;44.0
2024;Centro-Oeste;GO;Morrinhos;1;1;0;1;1;353.0;0.0;343.0;64.0;0.0;64.0
2024;Centro-Oeste;GO;Novo Gama;4;0;1;1;1;225.0;147.0;47.0;21.0;16.0;12.0
2024;Centro-Oeste;GO;Novo Gama;4;0;1;1;1;152.0;81.0;0.0;14.0;10.0;0.0
2024;Centro-Oeste;GO;Novo Gama;4;0;1;1;1;242.0;0.0;0.0;5.0;0.0;0.0
2024;Centro-Oeste;GO;Posse;1;1;0;1;1;331.0;0.0;186.0;37.0;0.0;33.0
2024;Centro-Oeste;GO;Rio Verde;1;1;1;1;1;584.0;0.0;0.0;51.0;0.0;0.0
2024;Centro-Oeste;GO;Senador Canedo;1;1;1;1;1;233.0;0.0;166.0;35.0;0.0;29.0
2024;Centro-Oeste;GO;Trindade;1;1;0;1;1;343.0;0.0;343.0;54.0;0.0;54.0
2024;Centro-Oeste;GO;Uruau;1;1;1;1;1;297.0;0.0;249.0;57.0;0.0;53.0
2024;Centro-Oeste;GO;Uruta;1;1;0;1;1;427.0;0.0;362.0;85.0;0.0;80.0
2024;Centro-Oeste;GO;Valparaso de Gois;4;0;1;1;1;421.0;357.0;0.0;23.0;20.0;0.0
2024;Centro-Oeste;GO;Valparaso de Gois;1;1;0;1;1;237.0;0.0;169.0;34.0;0.0;31.0
2024;Centro-Oeste;DF;Braslia;1;1;1;1;1;2905.0;1510.0;1395.0;107.0;80.0;52.0
2024;Centro-Oeste;DF;Braslia;2;1;0;1;1;921.0;0.0;0.0;58.0;0.0;0.0
2024;Centro-Oeste;DF;Braslia;2;0;1;0;1;32.0;0.0;0.0;8.0;0.0;0.0
2024;Centro-Oeste;DF;Braslia;4;0;1;1;1;1584.0;1355.0;0.0;75.0;68.0;0.0
2024;Centro-Oeste;DF;Braslia;1;1;0;1;1;625.0;0.0;301.0;43.0;0.0;30.0
2024;Centro-Oeste;DF;Braslia;2;1;0;1;1;1675.0;0.0;0.0;92.0;0.0;0.0
2024;Centro-Oeste;DF;Braslia;2;1;0;1;1;341.0;0.0;341.0;28.0;0.0;28.0
2024;Centro-Oeste;DF;Braslia;4;0;1;1;1;453.0;313.0;93.0;37.0;24.0;22.0
2024;Centro-Oeste;DF;Braslia;4;0;1;1;1;824.0;553.0;170.0;30.0;24.0;15.0
2024;Centro-Oeste;DF;Braslia;4;0;1;1;1;503.0;503.0;0.0;26.0;26.0;0.0
2024;Centro-Oeste;DF;Braslia;4;0;1;1;1;102.0;0.0;0.0;14.0;0.0;0.0
2024;Centro-Oeste;DF;Braslia;4;0;1;1;1;303.0;303.0;0.0;40.0;40.0;0.0
2024;Centro-Oeste;DF;Braslia;4;0;1;1;1;536.0;431.0;0.0;31.0;26.0;0.0
2024;Centro-Oeste;DF;Braslia;4;0;1;1;1;559.0;559.0;0.0;39.0;39.0;0.0
2024;Centro-Oeste;DF;Braslia;2;1;0;1;1;448.0;0.0;448.0;36.0;0.0;36.0
2024;Centro-Oeste;DF;Braslia;4;0;1;1;1;1038.0;764.0;0.0;48.0;38.0;0.0
2024;Centro-Oeste;DF;Braslia;1;1;1;1;1;354.0;0.0;185.0;56.0;0.0;34.0
2024;Centro-Oeste;DF;Braslia;1;1;1;1;1;404.0;0.0;307.0;40.0;0.0;33.0
2024;Centro-Oeste;DF;Braslia;1;1;1;1;1;463.0;0.0;183.0;67.0;0.0;40.0
2024;Centro-Oeste;DF;Braslia;4;0;1;1;1;845.0;707.0;0.0;43.0;37.0;0.0
2024;Centro-Oeste;DF;Braslia;4;0;1;1;1;8.0;0.0;0.0;11.0;0.0;0.0
2024;Centro-Oeste;DF;Braslia;1;1;1;1;1;637.0;0.0;276.0;50.0;0.0;38.0
2024;Centro-Oeste;DF;Braslia;4;0;1;1;1;108.0;28.0;0.0;9.0;5.0;0.0
2024;Centro-Oeste;DF;Braslia;4;0;1;1;1;143.0;96.0;0.0;20.0;16.0;0.0
2024;Centro-Oeste;DF;Braslia;4;0;1;1;1;269.0;193.0;60.0;28.0;23.0;12.0
2024;Centro-Oeste;DF;Braslia;4;0;1;1;1;263.0;102.0;34.0;32.0;22.0;13.0
2024;Centro-Oeste;DF;Braslia;4;0;1;1;1;82.0;0.0;0.0;4.0;0.0;0.0
2024;Centro-Oeste;DF;Braslia;2;1;1;1;1;479.0;0.0;0.0;28.0;0.0;0.0
2024;Centro-Oeste;DF;Braslia;4;1;0;1;1;145.0;0.0;145.0;29.0;0.0;29.0
2024;Centro-Oeste;DF;Braslia;2;1;1;1;1;1233.0;977.0;256.0;52.0;36.0;16.0
2024;Centro-Oeste;DF;Braslia;4;0;1;1;1;853.0;609.0;0.0;41.0;30.0;0.0
2024;Centro-Oeste;DF;Braslia;4;0;1;1;1;382.0;220.0;0.0;28.0;18.0;0.0
